{
  "resourceType" : "Bundle",
  "id" : "fe7fe574-a2a8-497c-869c-0b05338e4c77",
  "meta" : {
    "lastUpdated" : "2021-07-13T16:08:02.308+00:00"
  },
  "type" : "collection",
  "entry" : [{
    "fullUrl" : "https://openimis.github.io/openimis_fhir_r4_ig/ValueSet/openimis-contact-relationship-vs",
    "resource" : {
      "resourceType" : "ValueSet",
      "id" : "openimis-contact-relationship-vs",
      "text" : {
        "status" : "generated",
        "div" : "<div xmlns=\"http://www.w3.org/1999/xhtml\"><p>This value set contains 3 concepts</p><p style=\"border: black 1px dotted; background-color: #EEEEEE; padding: 8px; margin-bottom: 8px\">Expansion based on <a href=\"CodeSystem-openimis-identifiers-cs.html\">openIMIS Identifiers code system v0.1.0 (CodeSystem)</a></p><p>All codes from system <a href=\"CodeSystem-openimis-identifiers-cs.html\"><code>https://openimis.github.io/openimis_fhir_r4_ig/CodeSystem/openimis-identifiers-cs</code></a></p><table class=\"codes\"><tr><td style=\"white-space:nowrap\"><b>Code</b></td><td><b>Display</b></td><td><b>Definition</b></td></tr><tr><td style=\"white-space:nowrap\"><a name=\"https---openimis.github.io-openimis-fhir-r4-ig-CodeSystem-openimis-identifiers-cs-UUID\"> </a><a href=\"CodeSystem-openimis-identifiers-cs.html#openimis-identifiers-cs-UUID\">UUID</a></td><td>UUID unique identifier</td><td>The UUID V4 unique identifier that is generated by the openIMIS Database</td></tr><tr><td style=\"white-space:nowrap\"><a name=\"https---openimis.github.io-openimis-fhir-r4-ig-CodeSystem-openimis-identifiers-cs-DBID\"> </a><a href=\"CodeSystem-openimis-identifiers-cs.html#openimis-identifiers-cs-DBID\">DBID</a></td><td>DB unique identifier</td><td>The DB unique integer identifier managed by the openIMIS DB</td></tr><tr><td style=\"white-space:nowrap\"><a name=\"https---openimis.github.io-openimis-fhir-r4-ig-CodeSystem-openimis-identifiers-cs-Code\"> </a><a href=\"CodeSystem-openimis-identifiers-cs.html#openimis-identifiers-cs-Code\">Code</a></td><td>Unique code</td><td>An identifier issued by the implementer to identify an openIMIS entity</td></tr></table></div>"
      },
      "url" : "https://openimis.github.io/openimis_fhir_r4_ig/ValueSet/openimis-contact-relationship-vs",
      "version" : "0.1.0",
      "name" : "OpenIMISContactRelationshipVS",
      "title" : "openIMIS Contact Relationship code system",
      "status" : "active",
      "date" : "2021-07-13T16:08:02+00:00",
      "publisher" : "Swiss TPH - SCIH - openIMIS Group",
      "contact" : [{
        "name" : "Swiss TPH - SCIH - openIMIS Group",
        "telecom" : [{
          "system" : "url",
          "value" : "https://www.swisstph.ch/en/"
        },
        {
          "system" : "email",
          "value" : "dragos.dobre@swisstph.ch"
        }]
      }],
      "description" : "Indicates the Relationship of a Patient with the Head of the Family",
      "expansion" : {
        "identifier" : "urn:uuid:b7311cfb-5995-4139-aa2d-ebb1f52ff0f3",
        "timestamp" : "2021-07-13T16:08:15+00:00",
        "total" : 3,
        "parameter" : [{
          "name" : "excludeNested",
          "valueBoolean" : false
        },
        {
          "name" : "version",
          "valueUri" : "https://openimis.github.io/openimis_fhir_r4_ig/CodeSystem/openimis-identifiers-cs|0.1.0"
        }],
        "contains" : [{
          "system" : "https://openimis.github.io/openimis_fhir_r4_ig/CodeSystem/openimis-identifiers-cs",
          "code" : "UUID",
          "display" : "UUID unique identifier"
        },
        {
          "system" : "https://openimis.github.io/openimis_fhir_r4_ig/CodeSystem/openimis-identifiers-cs",
          "code" : "DBID",
          "display" : "DB unique identifier"
        },
        {
          "system" : "https://openimis.github.io/openimis_fhir_r4_ig/CodeSystem/openimis-identifiers-cs",
          "code" : "Code",
          "display" : "Unique code"
        }]
      }
    }
  },
  {
    "fullUrl" : "https://openimis.github.io/openimis_fhir_r4_ig/ValueSet/openimis-identifiers-vs",
    "resource" : {
      "resourceType" : "ValueSet",
      "id" : "openimis-identifiers-vs",
      "text" : {
        "status" : "generated",
        "div" : "<div xmlns=\"http://www.w3.org/1999/xhtml\"><p>This value set contains 3 concepts</p><p style=\"border: black 1px dotted; background-color: #EEEEEE; padding: 8px; margin-bottom: 8px\">Expansion based on <a href=\"CodeSystem-openimis-identifiers-cs.html\">openIMIS Identifiers code system v0.1.0 (CodeSystem)</a></p><p>All codes from system <a href=\"CodeSystem-openimis-identifiers-cs.html\"><code>https://openimis.github.io/openimis_fhir_r4_ig/CodeSystem/openimis-identifiers-cs</code></a></p><table class=\"codes\"><tr><td style=\"white-space:nowrap\"><b>Code</b></td><td><b>Display</b></td><td><b>Definition</b></td></tr><tr><td style=\"white-space:nowrap\"><a name=\"https---openimis.github.io-openimis-fhir-r4-ig-CodeSystem-openimis-identifiers-cs-UUID\"> </a><a href=\"CodeSystem-openimis-identifiers-cs.html#openimis-identifiers-cs-UUID\">UUID</a></td><td>UUID unique identifier</td><td>The UUID V4 unique identifier that is generated by the openIMIS Database</td></tr><tr><td style=\"white-space:nowrap\"><a name=\"https---openimis.github.io-openimis-fhir-r4-ig-CodeSystem-openimis-identifiers-cs-DBID\"> </a><a href=\"CodeSystem-openimis-identifiers-cs.html#openimis-identifiers-cs-DBID\">DBID</a></td><td>DB unique identifier</td><td>The DB unique integer identifier managed by the openIMIS DB</td></tr><tr><td style=\"white-space:nowrap\"><a name=\"https---openimis.github.io-openimis-fhir-r4-ig-CodeSystem-openimis-identifiers-cs-Code\"> </a><a href=\"CodeSystem-openimis-identifiers-cs.html#openimis-identifiers-cs-Code\">Code</a></td><td>Unique code</td><td>An identifier issued by the implementer to identify an openIMIS entity</td></tr></table></div>"
      },
      "url" : "https://openimis.github.io/openimis_fhir_r4_ig/ValueSet/openimis-identifiers-vs",
      "version" : "0.1.0",
      "name" : "OpenIMISIdentifierVS",
      "title" : "openIMIS Identifiers Value Set",
      "status" : "active",
      "date" : "2021-07-13T16:08:02+00:00",
      "publisher" : "Swiss TPH - SCIH - openIMIS Group",
      "contact" : [{
        "name" : "Swiss TPH - SCIH - openIMIS Group",
        "telecom" : [{
          "system" : "url",
          "value" : "https://www.swisstph.ch/en/"
        },
        {
          "system" : "email",
          "value" : "dragos.dobre@swisstph.ch"
        }]
      }],
      "description" : "Indicates the Identifier type",
      "expansion" : {
        "identifier" : "urn:uuid:06f99985-d24e-4a2a-a850-c614a95b2bc8",
        "timestamp" : "2021-07-13T16:08:15+00:00",
        "total" : 3,
        "parameter" : [{
          "name" : "excludeNested",
          "valueBoolean" : false
        },
        {
          "name" : "version",
          "valueUri" : "https://openimis.github.io/openimis_fhir_r4_ig/CodeSystem/openimis-identifiers-cs|0.1.0"
        }],
        "contains" : [{
          "system" : "https://openimis.github.io/openimis_fhir_r4_ig/CodeSystem/openimis-identifiers-cs",
          "code" : "UUID",
          "display" : "UUID unique identifier"
        },
        {
          "system" : "https://openimis.github.io/openimis_fhir_r4_ig/CodeSystem/openimis-identifiers-cs",
          "code" : "DBID",
          "display" : "DB unique identifier"
        },
        {
          "system" : "https://openimis.github.io/openimis_fhir_r4_ig/CodeSystem/openimis-identifiers-cs",
          "code" : "Code",
          "display" : "Unique code"
        }]
      }
    }
  },
  {
    "fullUrl" : "https://openimis.github.io/openimis_fhir_r4_ig/ValueSet/openimis-marital-status-vs",
    "resource" : {
      "resourceType" : "ValueSet",
      "id" : "openimis-marital-status-vs",
      "text" : {
        "status" : "generated",
        "div" : "<div xmlns=\"http://www.w3.org/1999/xhtml\"><p>This value set contains 5 concepts</p><p style=\"border: black 1px dotted; background-color: #EEEEEE; padding: 8px; margin-bottom: 8px\">Expansion based on <a href=\"http://terminology.hl7.org/2.1.0/CodeSystem-v3-MaritalStatus.html\">MaritalStatus v2.0.0 (CodeSystem)</a></p><p>All codes from system <a href=\"http://terminology.hl7.org/2.1.0/CodeSystem-v3-MaritalStatus.html\"><code>http://terminology.hl7.org/CodeSystem/v3-MaritalStatus</code></a></p><table class=\"codes\"><tr><td style=\"white-space:nowrap\"><b>Code</b></td><td><b>Display</b></td><td><b>Definition</b></td></tr><tr><td style=\"white-space:nowrap\"><a name=\"http---terminology.hl7.org-CodeSystem-v3-MaritalStatus-M\"> </a><a href=\"http://terminology.hl7.org/2.1.0/CodeSystem-v3-MaritalStatus.html#v3-MaritalStatus-M\">M</a></td><td>Married</td><td>A current marriage contract is active</td></tr><tr><td style=\"white-space:nowrap\"><a name=\"http---terminology.hl7.org-CodeSystem-v3-MaritalStatus-S\"> </a><a href=\"http://terminology.hl7.org/2.1.0/CodeSystem-v3-MaritalStatus.html#v3-MaritalStatus-S\">S</a></td><td>Single</td><td>No marriage contract has ever been entered</td></tr><tr><td style=\"white-space:nowrap\"><a name=\"http---terminology.hl7.org-CodeSystem-v3-MaritalStatus-D\"> </a><a href=\"http://terminology.hl7.org/2.1.0/CodeSystem-v3-MaritalStatus.html#v3-MaritalStatus-D\">D</a></td><td>Divorced</td><td>Marriage contract has been declared dissolved and inactive</td></tr><tr><td style=\"white-space:nowrap\"><a name=\"http---terminology.hl7.org-CodeSystem-v3-MaritalStatus-W\"> </a><a href=\"http://terminology.hl7.org/2.1.0/CodeSystem-v3-MaritalStatus.html#v3-MaritalStatus-W\">W</a></td><td>Widowed</td><td>The spouse has died</td></tr><tr><td style=\"white-space:nowrap\"><a name=\"http---terminology.hl7.org-CodeSystem-v3-MaritalStatus-UNK\"> </a><a href=\"http://terminology.hl7.org/2.1.0/CodeSystem-v3-MaritalStatus.html#v3-MaritalStatus-UNK\">UNK</a></td><td>unknown</td><td/></tr></table></div>"
      },
      "url" : "https://openimis.github.io/openimis_fhir_r4_ig/ValueSet/openimis-marital-status-vs",
      "version" : "0.1.0",
      "name" : "OpenIMISMaritalStatusVS",
      "title" : "openIMIS Marital Status Value Set",
      "status" : "active",
      "date" : "2021-07-13T16:08:02+00:00",
      "publisher" : "Swiss TPH - SCIH - openIMIS Group",
      "contact" : [{
        "name" : "Swiss TPH - SCIH - openIMIS Group",
        "telecom" : [{
          "system" : "url",
          "value" : "https://www.swisstph.ch/en/"
        },
        {
          "system" : "email",
          "value" : "dragos.dobre@swisstph.ch"
        }]
      }],
      "description" : "Indicates the Marital status of an Insuree",
      "expansion" : {
        "identifier" : "urn:uuid:1236bf1c-f3ad-4670-b051-3f11304e3c42",
        "timestamp" : "2021-07-13T16:08:15+00:00",
        "total" : 5,
        "parameter" : [{
          "name" : "excludeNested",
          "valueBoolean" : false
        },
        {
          "name" : "version",
          "valueUri" : "http://terminology.hl7.org/CodeSystem/v3-MaritalStatus|2.0.0"
        }],
        "contains" : [{
          "system" : "http://terminology.hl7.org/CodeSystem/v3-MaritalStatus",
          "code" : "M",
          "display" : "Married"
        },
        {
          "system" : "http://terminology.hl7.org/CodeSystem/v3-MaritalStatus",
          "code" : "S",
          "display" : "Single"
        },
        {
          "system" : "http://terminology.hl7.org/CodeSystem/v3-MaritalStatus",
          "code" : "D",
          "display" : "Divorced"
        },
        {
          "system" : "http://terminology.hl7.org/CodeSystem/v3-MaritalStatus",
          "code" : "W",
          "display" : "Widowed"
        },
        {
          "system" : "http://terminology.hl7.org/CodeSystem/v3-MaritalStatus",
          "code" : "UNK",
          "display" : "unknown"
        }]
      }
    }
  }]
}