<?xml version="1.0" encoding="UTF-8"?>

<Bundle xmlns="http://hl7.org/fhir">
  <id value="2c273964-90b1-4c41-a89a-544d82103ee5"/>
  <meta>
    <lastUpdated value="2021-07-16T14:02:04.444+00:00"/>
  </meta>
  <type value="collection"/>
  <entry>
    <fullUrl value="https://openimis.github.io/openimis_fhir_r4_ig/ValueSet-openimis-identifiers"/>
    <resource>
      <ValueSet>
        <id value="openimis-identifiers"/>
        <text>
          <status value="generated"/>
          <div xmlns="http://www.w3.org/1999/xhtml">
            <p>This value set contains 3 concepts</p>
            <p style="border: black 1px dotted; background-color: #EEEEEE; padding: 8px; margin-bottom: 8px">Expansion based on 
              <a href="CodeSystem-openimis-identifiers.html">openIMIS Identifiers code system v0.1.0 (CodeSystem)</a>
            </p>
            <p>All codes from system 
              <a href="CodeSystem-openimis-identifiers.html">
                <code>https://openimis.github.io/openimis_fhir_r4_ig/CodeSystem-openimis-identifiers</code>
              </a>
            </p>
            <table class="codes">
              <tr>
                <td style="white-space:nowrap">
                  <b>Code</b>
                </td>
                <td>
                  <b>Display</b>
                </td>
                <td>
                  <b>Definition</b>
                </td>
              </tr>
              <tr>
                <td style="white-space:nowrap">
                  <a name="https---openimis.github.io-openimis-fhir-r4-ig-CodeSystem-openimis-identifiers-UUID"> </a>
                  <a href="CodeSystem-openimis-identifiers.html#openimis-identifiers-UUID">UUID</a>
                </td>
                <td>UUID unique identifier</td>
                <td>The UUID V4 unique identifier that is generated by the openIMIS Database</td>
              </tr>
              <tr>
                <td style="white-space:nowrap">
                  <a name="https---openimis.github.io-openimis-fhir-r4-ig-CodeSystem-openimis-identifiers-DBID"> </a>
                  <a href="CodeSystem-openimis-identifiers.html#openimis-identifiers-DBID">DBID</a>
                </td>
                <td>DB unique identifier</td>
                <td>The DB unique integer identifier managed by the openIMIS DB</td>
              </tr>
              <tr>
                <td style="white-space:nowrap">
                  <a name="https---openimis.github.io-openimis-fhir-r4-ig-CodeSystem-openimis-identifiers-Code"> </a>
                  <a href="CodeSystem-openimis-identifiers.html#openimis-identifiers-Code">Code</a>
                </td>
                <td>Unique code</td>
                <td>An identifier issued by the implementer to identify an openIMIS entity</td>
              </tr>
            </table>
          </div>
        </text>
        <url value="https://openimis.github.io/openimis_fhir_r4_ig/ValueSet-openimis-identifiers"/>
        <version value="0.1.0"/>
        <name value="OpenIMISIdentifierVS"/>
        <title value="openIMIS Identifiers Value Set"/>
        <status value="active"/>
        <date value="2021-07-16T14:02:04+00:00"/>
        <publisher value="Swiss TPH - SCIH - openIMIS Group"/>
        <contact>
          <name value="Swiss TPH - SCIH - openIMIS Group"/>
          <telecom>
            <system value="url"/>
            <value value="https://www.swisstph.ch/en/"/>
          </telecom>
          <telecom>
            <system value="email"/>
            <value value="dragos.dobre@swisstph.ch"/>
          </telecom>
        </contact>
        <description value="Indicates the Identifier type"/>
        <expansion>
          <identifier value="urn:uuid:6cd86331-e8c0-460c-850d-65b74d9afe5e"/>
          <timestamp value="2021-07-16T14:02:18+00:00"/>
          <total value="3"/>
          <parameter>
            <name value="excludeNested"/>
            <valueBoolean value="false"/>
          </parameter>
          <parameter>
            <name value="version"/>
            <valueUri value="https://openimis.github.io/openimis_fhir_r4_ig/CodeSystem-openimis-identifiers|0.1.0"/>
          </parameter>
          <contains>
            <system value="https://openimis.github.io/openimis_fhir_r4_ig/CodeSystem-openimis-identifiers"/>
            <code value="UUID"/>
            <display value="UUID unique identifier"/>
          </contains>
          <contains>
            <system value="https://openimis.github.io/openimis_fhir_r4_ig/CodeSystem-openimis-identifiers"/>
            <code value="DBID"/>
            <display value="DB unique identifier"/>
          </contains>
          <contains>
            <system value="https://openimis.github.io/openimis_fhir_r4_ig/CodeSystem-openimis-identifiers"/>
            <code value="Code"/>
            <display value="Unique code"/>
          </contains>
        </expansion>
      </ValueSet>
    </resource>
  </entry>
  <entry>
    <fullUrl value="https://openimis.github.io/openimis_fhir_r4_ig/ValueSet-patient-contact-relationship"/>
    <resource>
      <ValueSet>
        <id value="patient-contact-relationship"/>
        <text>
          <status value="generated"/>
          <div xmlns="http://www.w3.org/1999/xhtml">
            <p>This value set contains 8 concepts</p>
            <p style="border: black 1px dotted; background-color: #EEEEEE; padding: 8px; margin-bottom: 8px">Expansion based on 
              <a href="CodeSystem-patient-contact-relationship.html">Patient Contact Relationship code system v0.1.0 (CodeSystem)</a>
            </p>
            <p>All codes from system 
              <a href="CodeSystem-patient-contact-relationship.html">
                <code>https://openimis.github.io/openimis_fhir_r4_ig/CodeSystem-patient-contact-relationship</code>
              </a>
            </p>
            <table class="codes">
              <tr>
                <td style="white-space:nowrap">
                  <b>Code</b>
                </td>
                <td>
                  <b>Display</b>
                </td>
                <td>
                  <b>Definition</b>
                </td>
              </tr>
              <tr>
                <td style="white-space:nowrap">
                  <a name="https---openimis.github.io-openimis-fhir-r4-ig-CodeSystem-patient-contact-relationship-1"> </a>
                  <a href="CodeSystem-patient-contact-relationship.html#patient-contact-relationship-1">1</a>
                </td>
                <td>Brother/Sister</td>
                <td/>
              </tr>
              <tr>
                <td style="white-space:nowrap">
                  <a name="https---openimis.github.io-openimis-fhir-r4-ig-CodeSystem-patient-contact-relationship-2"> </a>
                  <a href="CodeSystem-patient-contact-relationship.html#patient-contact-relationship-2">2</a>
                </td>
                <td>Father/Mother</td>
                <td/>
              </tr>
              <tr>
                <td style="white-space:nowrap">
                  <a name="https---openimis.github.io-openimis-fhir-r4-ig-CodeSystem-patient-contact-relationship-3"> </a>
                  <a href="CodeSystem-patient-contact-relationship.html#patient-contact-relationship-3">3</a>
                </td>
                <td>Uncle/Aunt</td>
                <td/>
              </tr>
              <tr>
                <td style="white-space:nowrap">
                  <a name="https---openimis.github.io-openimis-fhir-r4-ig-CodeSystem-patient-contact-relationship-4"> </a>
                  <a href="CodeSystem-patient-contact-relationship.html#patient-contact-relationship-4">4</a>
                </td>
                <td>Son/Daughter</td>
                <td/>
              </tr>
              <tr>
                <td style="white-space:nowrap">
                  <a name="https---openimis.github.io-openimis-fhir-r4-ig-CodeSystem-patient-contact-relationship-5"> </a>
                  <a href="CodeSystem-patient-contact-relationship.html#patient-contact-relationship-5">5</a>
                </td>
                <td>Grand parents</td>
                <td/>
              </tr>
              <tr>
                <td style="white-space:nowrap">
                  <a name="https---openimis.github.io-openimis-fhir-r4-ig-CodeSystem-patient-contact-relationship-6"> </a>
                  <a href="CodeSystem-patient-contact-relationship.html#patient-contact-relationship-6">6</a>
                </td>
                <td>Employee</td>
                <td/>
              </tr>
              <tr>
                <td style="white-space:nowrap">
                  <a name="https---openimis.github.io-openimis-fhir-r4-ig-CodeSystem-patient-contact-relationship-7"> </a>
                  <a href="CodeSystem-patient-contact-relationship.html#patient-contact-relationship-7">7</a>
                </td>
                <td>Others</td>
                <td/>
              </tr>
              <tr>
                <td style="white-space:nowrap">
                  <a name="https---openimis.github.io-openimis-fhir-r4-ig-CodeSystem-patient-contact-relationship-8"> </a>
                  <a href="CodeSystem-patient-contact-relationship.html#patient-contact-relationship-8">8</a>
                </td>
                <td>Spouse</td>
                <td/>
              </tr>
            </table>
          </div>
        </text>
        <url value="https://openimis.github.io/openimis_fhir_r4_ig/ValueSet-patient-contact-relationship"/>
        <version value="0.1.0"/>
        <name value="PatientContactRelationshipVS"/>
        <title value="Contact Relationship (Patient)"/>
        <status value="active"/>
        <date value="2021-07-16T14:02:04+00:00"/>
        <publisher value="Swiss TPH - SCIH - openIMIS Group"/>
        <contact>
          <name value="Swiss TPH - SCIH - openIMIS Group"/>
          <telecom>
            <system value="url"/>
            <value value="https://www.swisstph.ch/en/"/>
          </telecom>
          <telecom>
            <system value="email"/>
            <value value="dragos.dobre@swisstph.ch"/>
          </telecom>
        </contact>
        <description value="Indicates the Relationship of a Patient with the Head of the Family."/>
        <expansion>
          <identifier value="urn:uuid:1a1f5bad-1723-433a-a79e-e7b391d4867e"/>
          <timestamp value="2021-07-16T14:02:18+00:00"/>
          <total value="8"/>
          <parameter>
            <name value="excludeNested"/>
            <valueBoolean value="false"/>
          </parameter>
          <parameter>
            <name value="version"/>
            <valueUri value="https://openimis.github.io/openimis_fhir_r4_ig/CodeSystem-patient-contact-relationship|0.1.0"/>
          </parameter>
          <contains>
            <system value="https://openimis.github.io/openimis_fhir_r4_ig/CodeSystem-patient-contact-relationship"/>
            <code value="1"/>
            <display value="Brother/Sister"/>
          </contains>
          <contains>
            <system value="https://openimis.github.io/openimis_fhir_r4_ig/CodeSystem-patient-contact-relationship"/>
            <code value="2"/>
            <display value="Father/Mother"/>
          </contains>
          <contains>
            <system value="https://openimis.github.io/openimis_fhir_r4_ig/CodeSystem-patient-contact-relationship"/>
            <code value="3"/>
            <display value="Uncle/Aunt"/>
          </contains>
          <contains>
            <system value="https://openimis.github.io/openimis_fhir_r4_ig/CodeSystem-patient-contact-relationship"/>
            <code value="4"/>
            <display value="Son/Daughter"/>
          </contains>
          <contains>
            <system value="https://openimis.github.io/openimis_fhir_r4_ig/CodeSystem-patient-contact-relationship"/>
            <code value="5"/>
            <display value="Grand parents"/>
          </contains>
          <contains>
            <system value="https://openimis.github.io/openimis_fhir_r4_ig/CodeSystem-patient-contact-relationship"/>
            <code value="6"/>
            <display value="Employee"/>
          </contains>
          <contains>
            <system value="https://openimis.github.io/openimis_fhir_r4_ig/CodeSystem-patient-contact-relationship"/>
            <code value="7"/>
            <display value="Others"/>
          </contains>
          <contains>
            <system value="https://openimis.github.io/openimis_fhir_r4_ig/CodeSystem-patient-contact-relationship"/>
            <code value="8"/>
            <display value="Spouse"/>
          </contains>
        </expansion>
      </ValueSet>
    </resource>
  </entry>
  <entry>
    <fullUrl value="https://openimis.github.io/openimis_fhir_r4_ig/ValueSet-patient-education-level"/>
    <resource>
      <ValueSet>
        <id value="patient-education-level"/>
        <text>
          <status value="generated"/>
          <div xmlns="http://www.w3.org/1999/xhtml">
            <p>This value set contains 7 concepts</p>
            <p style="border: black 1px dotted; background-color: #EEEEEE; padding: 8px; margin-bottom: 8px">Expansion based on 
              <a href="CodeSystem-patient-education-level.html">Patient Education Level Code System v0.1.0 (CodeSystem)</a>
            </p>
            <p>All codes from system 
              <a href="CodeSystem-patient-education-level.html">
                <code>https://openimis.github.io/openimis_fhir_r4_ig/CodeSystem-patient-education-level</code>
              </a>
            </p>
            <table class="codes">
              <tr>
                <td style="white-space:nowrap">
                  <b>Code</b>
                </td>
                <td>
                  <b>Display</b>
                </td>
                <td>
                  <b>Definition</b>
                </td>
              </tr>
              <tr>
                <td style="white-space:nowrap">
                  <a name="https---openimis.github.io-openimis-fhir-r4-ig-CodeSystem-patient-education-level-1"> </a>
                  <a href="CodeSystem-patient-education-level.html#patient-education-level-1">1</a>
                </td>
                <td>Nursery</td>
                <td/>
              </tr>
              <tr>
                <td style="white-space:nowrap">
                  <a name="https---openimis.github.io-openimis-fhir-r4-ig-CodeSystem-patient-education-level-2"> </a>
                  <a href="CodeSystem-patient-education-level.html#patient-education-level-2">2</a>
                </td>
                <td>Primary school</td>
                <td/>
              </tr>
              <tr>
                <td style="white-space:nowrap">
                  <a name="https---openimis.github.io-openimis-fhir-r4-ig-CodeSystem-patient-education-level-3"> </a>
                  <a href="CodeSystem-patient-education-level.html#patient-education-level-3">3</a>
                </td>
                <td>Secondary school</td>
                <td/>
              </tr>
              <tr>
                <td style="white-space:nowrap">
                  <a name="https---openimis.github.io-openimis-fhir-r4-ig-CodeSystem-patient-education-level-4"> </a>
                  <a href="CodeSystem-patient-education-level.html#patient-education-level-4">4</a>
                </td>
                <td>University</td>
                <td/>
              </tr>
              <tr>
                <td style="white-space:nowrap">
                  <a name="https---openimis.github.io-openimis-fhir-r4-ig-CodeSystem-patient-education-level-5"> </a>
                  <a href="CodeSystem-patient-education-level.html#patient-education-level-5">5</a>
                </td>
                <td>Postgraduate studies</td>
                <td/>
              </tr>
              <tr>
                <td style="white-space:nowrap">
                  <a name="https---openimis.github.io-openimis-fhir-r4-ig-CodeSystem-patient-education-level-6"> </a>
                  <a href="CodeSystem-patient-education-level.html#patient-education-level-6">6</a>
                </td>
                <td>PHD</td>
                <td/>
              </tr>
              <tr>
                <td style="white-space:nowrap">
                  <a name="https---openimis.github.io-openimis-fhir-r4-ig-CodeSystem-patient-education-level-7"> </a>
                  <a href="CodeSystem-patient-education-level.html#patient-education-level-7">7</a>
                </td>
                <td>Other</td>
                <td/>
              </tr>
            </table>
          </div>
        </text>
        <url value="https://openimis.github.io/openimis_fhir_r4_ig/ValueSet-patient-education-level"/>
        <version value="0.1.0"/>
        <name value="PatientEducationLevelVS"/>
        <title value="Education Level (Patient)"/>
        <status value="active"/>
        <date value="2021-07-16T14:02:04+00:00"/>
        <publisher value="Swiss TPH - SCIH - openIMIS Group"/>
        <contact>
          <name value="Swiss TPH - SCIH - openIMIS Group"/>
          <telecom>
            <system value="url"/>
            <value value="https://www.swisstph.ch/en/"/>
          </telecom>
          <telecom>
            <system value="email"/>
            <value value="dragos.dobre@swisstph.ch"/>
          </telecom>
        </contact>
        <description value="Indicates the Education level of a Patient"/>
        <expansion>
          <identifier value="urn:uuid:c41582f5-92df-4de9-8845-303987caf4ba"/>
          <timestamp value="2021-07-16T14:02:18+00:00"/>
          <total value="7"/>
          <parameter>
            <name value="excludeNested"/>
            <valueBoolean value="false"/>
          </parameter>
          <parameter>
            <name value="version"/>
            <valueUri value="https://openimis.github.io/openimis_fhir_r4_ig/CodeSystem-patient-education-level|0.1.0"/>
          </parameter>
          <contains>
            <system value="https://openimis.github.io/openimis_fhir_r4_ig/CodeSystem-patient-education-level"/>
            <code value="1"/>
            <display value="Nursery"/>
          </contains>
          <contains>
            <system value="https://openimis.github.io/openimis_fhir_r4_ig/CodeSystem-patient-education-level"/>
            <code value="2"/>
            <display value="Primary school"/>
          </contains>
          <contains>
            <system value="https://openimis.github.io/openimis_fhir_r4_ig/CodeSystem-patient-education-level"/>
            <code value="3"/>
            <display value="Secondary school"/>
          </contains>
          <contains>
            <system value="https://openimis.github.io/openimis_fhir_r4_ig/CodeSystem-patient-education-level"/>
            <code value="4"/>
            <display value="University"/>
          </contains>
          <contains>
            <system value="https://openimis.github.io/openimis_fhir_r4_ig/CodeSystem-patient-education-level"/>
            <code value="5"/>
            <display value="Postgraduate studies"/>
          </contains>
          <contains>
            <system value="https://openimis.github.io/openimis_fhir_r4_ig/CodeSystem-patient-education-level"/>
            <code value="6"/>
            <display value="PHD"/>
          </contains>
          <contains>
            <system value="https://openimis.github.io/openimis_fhir_r4_ig/CodeSystem-patient-education-level"/>
            <code value="7"/>
            <display value="Other"/>
          </contains>
        </expansion>
      </ValueSet>
    </resource>
  </entry>
  <entry>
    <fullUrl value="https://openimis.github.io/openimis_fhir_r4_ig/ValueSet-patient-identification-types"/>
    <resource>
      <ValueSet>
        <id value="patient-identification-types"/>
        <text>
          <status value="generated"/>
          <div xmlns="http://www.w3.org/1999/xhtml">
            <p>This value set contains 4 concepts</p>
            <p style="border: black 1px dotted; background-color: #EEEEEE; padding: 8px; margin-bottom: 8px">Expansion based on 
              <a href="CodeSystem-patient-identification-types.html">Identification Types (Patient) v0.1.0 (CodeSystem)</a>
            </p>
            <p>All codes from system 
              <a href="CodeSystem-patient-identification-types.html">
                <code>https://openimis.github.io/openimis_fhir_r4_ig/CodeSystem-patient-identification-types</code>
              </a>
            </p>
            <table class="codes">
              <tr>
                <td style="white-space:nowrap">
                  <b>Code</b>
                </td>
                <td>
                  <b>Display</b>
                </td>
                <td>
                  <b>Definition</b>
                </td>
              </tr>
              <tr>
                <td style="white-space:nowrap">
                  <a name="https---openimis.github.io-openimis-fhir-r4-ig-CodeSystem-patient-identification-types-D"> </a>
                  <a href="CodeSystem-patient-identification-types.html#patient-identification-types-D">D</a>
                </td>
                <td>Driver&#39;s License</td>
                <td/>
              </tr>
              <tr>
                <td style="white-space:nowrap">
                  <a name="https---openimis.github.io-openimis-fhir-r4-ig-CodeSystem-patient-identification-types-N"> </a>
                  <a href="CodeSystem-patient-identification-types.html#patient-identification-types-N">N</a>
                </td>
                <td>National ID</td>
                <td/>
              </tr>
              <tr>
                <td style="white-space:nowrap">
                  <a name="https---openimis.github.io-openimis-fhir-r4-ig-CodeSystem-patient-identification-types-P"> </a>
                  <a href="CodeSystem-patient-identification-types.html#patient-identification-types-P">P</a>
                </td>
                <td>Passport</td>
                <td/>
              </tr>
              <tr>
                <td style="white-space:nowrap">
                  <a name="https---openimis.github.io-openimis-fhir-r4-ig-CodeSystem-patient-identification-types-V"> </a>
                  <a href="CodeSystem-patient-identification-types.html#patient-identification-types-V">V</a>
                </td>
                <td>Voter Card</td>
                <td/>
              </tr>
            </table>
          </div>
        </text>
        <url value="https://openimis.github.io/openimis_fhir_r4_ig/ValueSet-patient-identification-types"/>
        <version value="0.1.0"/>
        <name value="PatientIdentificationTypesVS"/>
        <title value="Identification Types (Patient)"/>
        <status value="active"/>
        <date value="2021-07-16T14:02:04+00:00"/>
        <publisher value="Swiss TPH - SCIH - openIMIS Group"/>
        <contact>
          <name value="Swiss TPH - SCIH - openIMIS Group"/>
          <telecom>
            <system value="url"/>
            <value value="https://www.swisstph.ch/en/"/>
          </telecom>
          <telecom>
            <system value="email"/>
            <value value="dragos.dobre@swisstph.ch"/>
          </telecom>
        </contact>
        <description value="Indicates the type of document the Patient used to identify himself."/>
        <expansion>
          <identifier value="urn:uuid:64759f9a-01f6-4d06-8333-e42ca5e72637"/>
          <timestamp value="2021-07-16T14:02:18+00:00"/>
          <total value="4"/>
          <parameter>
            <name value="excludeNested"/>
            <valueBoolean value="false"/>
          </parameter>
          <parameter>
            <name value="version"/>
            <valueUri value="https://openimis.github.io/openimis_fhir_r4_ig/CodeSystem-patient-identification-types|0.1.0"/>
          </parameter>
          <contains>
            <system value="https://openimis.github.io/openimis_fhir_r4_ig/CodeSystem-patient-identification-types"/>
            <code value="D"/>
            <display value="Driver&#39;s License"/>
          </contains>
          <contains>
            <system value="https://openimis.github.io/openimis_fhir_r4_ig/CodeSystem-patient-identification-types"/>
            <code value="N"/>
            <display value="National ID"/>
          </contains>
          <contains>
            <system value="https://openimis.github.io/openimis_fhir_r4_ig/CodeSystem-patient-identification-types"/>
            <code value="P"/>
            <display value="Passport"/>
          </contains>
          <contains>
            <system value="https://openimis.github.io/openimis_fhir_r4_ig/CodeSystem-patient-identification-types"/>
            <code value="V"/>
            <display value="Voter Card"/>
          </contains>
        </expansion>
      </ValueSet>
    </resource>
  </entry>
  <entry>
    <fullUrl value="https://openimis.github.io/openimis_fhir_r4_ig/ValueSet-patient-marital-status"/>
    <resource>
      <ValueSet>
        <id value="patient-marital-status"/>
        <text>
          <status value="generated"/>
          <div xmlns="http://www.w3.org/1999/xhtml">
            <p>This value set contains 5 concepts</p>
            <p style="border: black 1px dotted; background-color: #EEEEEE; padding: 8px; margin-bottom: 8px">Expansion based on 
              <a href="http://terminology.hl7.org/2.1.0/CodeSystem-v3-MaritalStatus.html">MaritalStatus v2.0.0 (CodeSystem)</a>
            </p>
            <p>All codes from system 
              <a href="http://terminology.hl7.org/2.1.0/CodeSystem-v3-MaritalStatus.html">
                <code>http://terminology.hl7.org/CodeSystem/v3-MaritalStatus</code>
              </a>
            </p>
            <table class="codes">
              <tr>
                <td style="white-space:nowrap">
                  <b>Code</b>
                </td>
                <td>
                  <b>Display</b>
                </td>
                <td>
                  <b>Definition</b>
                </td>
              </tr>
              <tr>
                <td style="white-space:nowrap">
                  <a name="http---terminology.hl7.org-CodeSystem-v3-MaritalStatus-M"> </a>
                  <a href="http://terminology.hl7.org/2.1.0/CodeSystem-v3-MaritalStatus.html#v3-MaritalStatus-M">M</a>
                </td>
                <td>Married</td>
                <td>A current marriage contract is active</td>
              </tr>
              <tr>
                <td style="white-space:nowrap">
                  <a name="http---terminology.hl7.org-CodeSystem-v3-MaritalStatus-S"> </a>
                  <a href="http://terminology.hl7.org/2.1.0/CodeSystem-v3-MaritalStatus.html#v3-MaritalStatus-S">S</a>
                </td>
                <td>Single</td>
                <td>No marriage contract has ever been entered</td>
              </tr>
              <tr>
                <td style="white-space:nowrap">
                  <a name="http---terminology.hl7.org-CodeSystem-v3-MaritalStatus-D"> </a>
                  <a href="http://terminology.hl7.org/2.1.0/CodeSystem-v3-MaritalStatus.html#v3-MaritalStatus-D">D</a>
                </td>
                <td>Divorced</td>
                <td>Marriage contract has been declared dissolved and inactive</td>
              </tr>
              <tr>
                <td style="white-space:nowrap">
                  <a name="http---terminology.hl7.org-CodeSystem-v3-MaritalStatus-W"> </a>
                  <a href="http://terminology.hl7.org/2.1.0/CodeSystem-v3-MaritalStatus.html#v3-MaritalStatus-W">W</a>
                </td>
                <td>Widowed</td>
                <td>The spouse has died</td>
              </tr>
              <tr>
                <td style="white-space:nowrap">
                  <a name="http---terminology.hl7.org-CodeSystem-v3-MaritalStatus-UNK"> </a>
                  <a href="http://terminology.hl7.org/2.1.0/CodeSystem-v3-MaritalStatus.html#v3-MaritalStatus-UNK">UNK</a>
                </td>
                <td>unknown</td>
                <td/>
              </tr>
            </table>
          </div>
        </text>
        <url value="https://openimis.github.io/openimis_fhir_r4_ig/ValueSet-patient-marital-status"/>
        <version value="0.1.0"/>
        <name value="PatientMaritalStatusVS"/>
        <title value="Marital Status (Patient)"/>
        <status value="active"/>
        <date value="2021-07-16T14:02:04+00:00"/>
        <publisher value="Swiss TPH - SCIH - openIMIS Group"/>
        <contact>
          <name value="Swiss TPH - SCIH - openIMIS Group"/>
          <telecom>
            <system value="url"/>
            <value value="https://www.swisstph.ch/en/"/>
          </telecom>
          <telecom>
            <system value="email"/>
            <value value="dragos.dobre@swisstph.ch"/>
          </telecom>
        </contact>
        <description value="Indicates the Marital status of a Patient"/>
        <expansion>
          <identifier value="urn:uuid:4eacb344-418a-44ef-a160-0bed7c85862e"/>
          <timestamp value="2021-07-16T14:02:18+00:00"/>
          <total value="5"/>
          <parameter>
            <name value="excludeNested"/>
            <valueBoolean value="false"/>
          </parameter>
          <parameter>
            <name value="version"/>
            <valueUri value="http://terminology.hl7.org/CodeSystem/v3-MaritalStatus|2.0.0"/>
          </parameter>
          <contains>
            <system value="http://terminology.hl7.org/CodeSystem/v3-MaritalStatus"/>
            <code value="M"/>
            <display value="Married"/>
          </contains>
          <contains>
            <system value="http://terminology.hl7.org/CodeSystem/v3-MaritalStatus"/>
            <code value="S"/>
            <display value="Single"/>
          </contains>
          <contains>
            <system value="http://terminology.hl7.org/CodeSystem/v3-MaritalStatus"/>
            <code value="D"/>
            <display value="Divorced"/>
          </contains>
          <contains>
            <system value="http://terminology.hl7.org/CodeSystem/v3-MaritalStatus"/>
            <code value="W"/>
            <display value="Widowed"/>
          </contains>
          <contains>
            <system value="http://terminology.hl7.org/CodeSystem/v3-MaritalStatus"/>
            <code value="UNK"/>
            <display value="unknown"/>
          </contains>
        </expansion>
      </ValueSet>
    </resource>
  </entry>
  <entry>
    <fullUrl value="https://openimis.github.io/openimis_fhir_r4_ig/ValueSet-patient-profession"/>
    <resource>
      <ValueSet>
        <id value="patient-profession"/>
        <text>
          <status value="generated"/>
          <div xmlns="http://www.w3.org/1999/xhtml">
            <p>This value set contains 4 concepts</p>
            <p style="border: black 1px dotted; background-color: #EEEEEE; padding: 8px; margin-bottom: 8px">Expansion based on 
              <a href="CodeSystem-patient-profession.html">Patient Profession Code System v0.1.0 (CodeSystem)</a>
            </p>
            <p>All codes from system 
              <a href="CodeSystem-patient-profession.html">
                <code>https://openimis.github.io/openimis_fhir_r4_ig/CodeSystem-patient-profession</code>
              </a>
            </p>
            <table class="codes">
              <tr>
                <td style="white-space:nowrap">
                  <b>Code</b>
                </td>
                <td>
                  <b>Display</b>
                </td>
                <td>
                  <b>Definition</b>
                </td>
              </tr>
              <tr>
                <td style="white-space:nowrap">
                  <a name="https---openimis.github.io-openimis-fhir-r4-ig-CodeSystem-patient-profession-1"> </a>
                  <a href="CodeSystem-patient-profession.html#patient-profession-1">1</a>
                </td>
                <td>Housewife</td>
                <td/>
              </tr>
              <tr>
                <td style="white-space:nowrap">
                  <a name="https---openimis.github.io-openimis-fhir-r4-ig-CodeSystem-patient-profession-2"> </a>
                  <a href="CodeSystem-patient-profession.html#patient-profession-2">2</a>
                </td>
                <td>Employee</td>
                <td/>
              </tr>
              <tr>
                <td style="white-space:nowrap">
                  <a name="https---openimis.github.io-openimis-fhir-r4-ig-CodeSystem-patient-profession-3"> </a>
                  <a href="CodeSystem-patient-profession.html#patient-profession-3">3</a>
                </td>
                <td>Self Employee</td>
                <td/>
              </tr>
              <tr>
                <td style="white-space:nowrap">
                  <a name="https---openimis.github.io-openimis-fhir-r4-ig-CodeSystem-patient-profession-4"> </a>
                  <a href="CodeSystem-patient-profession.html#patient-profession-4">4</a>
                </td>
                <td>Other</td>
                <td/>
              </tr>
            </table>
          </div>
        </text>
        <url value="https://openimis.github.io/openimis_fhir_r4_ig/ValueSet-patient-profession"/>
        <version value="0.1.0"/>
        <name value="PatientProfessionVS"/>
        <title value="Patient Profession Value Set"/>
        <status value="active"/>
        <date value="2021-07-16T14:02:04+00:00"/>
        <publisher value="Swiss TPH - SCIH - openIMIS Group"/>
        <contact>
          <name value="Swiss TPH - SCIH - openIMIS Group"/>
          <telecom>
            <system value="url"/>
            <value value="https://www.swisstph.ch/en/"/>
          </telecom>
          <telecom>
            <system value="email"/>
            <value value="dragos.dobre@swisstph.ch"/>
          </telecom>
        </contact>
        <description value="Indicates the profession of a Patient"/>
        <expansion>
          <identifier value="urn:uuid:0db67537-bcdd-41e6-8377-2b03185da87c"/>
          <timestamp value="2021-07-16T14:02:18+00:00"/>
          <total value="4"/>
          <parameter>
            <name value="excludeNested"/>
            <valueBoolean value="false"/>
          </parameter>
          <parameter>
            <name value="version"/>
            <valueUri value="https://openimis.github.io/openimis_fhir_r4_ig/CodeSystem-patient-profession|0.1.0"/>
          </parameter>
          <contains>
            <system value="https://openimis.github.io/openimis_fhir_r4_ig/CodeSystem-patient-profession"/>
            <code value="1"/>
            <display value="Housewife"/>
          </contains>
          <contains>
            <system value="https://openimis.github.io/openimis_fhir_r4_ig/CodeSystem-patient-profession"/>
            <code value="2"/>
            <display value="Employee"/>
          </contains>
          <contains>
            <system value="https://openimis.github.io/openimis_fhir_r4_ig/CodeSystem-patient-profession"/>
            <code value="3"/>
            <display value="Self Employee"/>
          </contains>
          <contains>
            <system value="https://openimis.github.io/openimis_fhir_r4_ig/CodeSystem-patient-profession"/>
            <code value="4"/>
            <display value="Other"/>
          </contains>
        </expansion>
      </ValueSet>
    </resource>
  </entry>
</Bundle>