<?xml version="1.0" encoding="UTF-8"?>

<CodeSystem xmlns="http://hl7.org/fhir">
  <id value="openimis-identifiers"/>
  <text>
    <status value="generated"/><div xmlns="http://www.w3.org/1999/xhtml"><p>This code system https://openimis.github.io/openimis_fhir_r4_ig/CodeSystem/openimis-identifiers defines the following codes:</p><table class="codes"><tr><td style="white-space:nowrap"><b>Code</b></td><td><b>Display</b></td><td><b>Definition</b></td></tr><tr><td style="white-space:nowrap">UUID<a name="openimis-identifiers-UUID"> </a></td><td>UUID unique identifier</td><td>The UUID V4 unique identifier that is generated by the openIMIS Database</td></tr><tr><td style="white-space:nowrap">Code<a name="openimis-identifiers-Code"> </a></td><td>Unique code</td><td>An identifier issued by the implementer to identify an openIMIS entity</td></tr></table></div>
  </text>
  <url value="https://openimis.github.io/openimis_fhir_r4_ig/CodeSystem/openimis-identifiers"/>
  <version value="0.1.0"/>
  <name value="OpenIMISIdentifierCS"/>
  <title value="openIMIS Identifiers code system"/>
  <status value="active"/>
  <date value="2021-10-12T16:14:04+00:00"/>
  <publisher value="Swiss TPH"/>
  <contact>
    <name value="Swiss TPH"/>
    <telecom>
      <system value="url"/>
      <value value="https://www.swisstph.ch/en/"/>
    </telecom>
  </contact>
  <contact>
    <name value="Dragos Dobre"/>
    <telecom>
      <system value="email"/>
      <value value="dragos.dobre@swisstph.ch"/>
      <use value="work"/>
    </telecom>
  </contact>
  <description value="Identifiers that are specific to openIMIS and could not be found in standard sources."/>
  <content value="complete"/>
  <count value="2"/>
  <concept>
    <code value="UUID"/>
    <display value="UUID unique identifier"/>
    <definition value="The UUID V4 unique identifier that is generated by the openIMIS Database"/>
  </concept>
  <concept>
    <code value="Code"/>
    <display value="Unique code"/>
    <definition value="An identifier issued by the implementer to identify an openIMIS entity"/>
  </concept>
</CodeSystem>