<?xml version="1.0" encoding="UTF-8"?>

<CodeSystem xmlns="http://hl7.org/fhir">
  <id value="group-types"/>
  <text>
    <status value="generated"/><div xmlns="http://www.w3.org/1999/xhtml"><p>This code system https://openimis.github.io/openimis_fhir_r4_ig/CodeSystem/group-types defines the following codes:</p><table class="codes"><tr><td style="white-space:nowrap"><b>Code</b></td><td><b>Display</b></td></tr><tr><td style="white-space:nowrap">C<a name="group-types-C"> </a></td><td>Council</td></tr><tr><td style="white-space:nowrap">G<a name="group-types-G"> </a></td><td>Organization</td></tr><tr><td style="white-space:nowrap">H<a name="group-types-H"> </a></td><td>Household</td></tr><tr><td style="white-space:nowrap">O<a name="group-types-O"> </a></td><td>Other</td></tr><tr><td style="white-space:nowrap">P<a name="group-types-P"> </a></td><td>Priests</td></tr><tr><td style="white-space:nowrap">S<a name="group-types-S"> </a></td><td>Students</td></tr><tr><td style="white-space:nowrap">T<a name="group-types-T"> </a></td><td>Teachers</td></tr></table></div>
  </text>
  <url value="https://openimis.github.io/openimis_fhir_r4_ig/CodeSystem/group-types"/>
  <version value="0.1.0"/>
  <name value="GroupTypesCS"/>
  <title value="Group Types (Group)"/>
  <status value="active"/>
  <date value="2021-09-01T13:21:06+00:00"/>
  <publisher value="Swiss TPH"/>
  <contact>
    <name value="Swiss TPH"/>
    <telecom>
      <system value="url"/>
      <value value="https://www.swisstph.ch/en/"/>
    </telecom>
  </contact>
  <contact>
    <name value="Dragos Dobre"/>
    <telecom>
      <system value="email"/>
      <value value="dragos.dobre@swisstph.ch"/>
      <use value="work"/>
    </telecom>
  </contact>
  <description value="Indicates the type of the Group. Values defined by openIMIS. Can be extended."/>
  <content value="complete"/>
  <count value="7"/>
  <concept>
    <code value="C"/>
    <display value="Council"/>
  </concept>
  <concept>
    <code value="G"/>
    <display value="Organization"/>
  </concept>
  <concept>
    <code value="H"/>
    <display value="Household"/>
  </concept>
  <concept>
    <code value="O"/>
    <display value="Other"/>
  </concept>
  <concept>
    <code value="P"/>
    <display value="Priests"/>
  </concept>
  <concept>
    <code value="S"/>
    <display value="Students"/>
  </concept>
  <concept>
    <code value="T"/>
    <display value="Teachers"/>
  </concept>
</CodeSystem>