<?xml version="1.0" encoding="UTF-8"?>

<CodeSystem xmlns="http://hl7.org/fhir">
  <id value="contract-scope"/>
  <text>
    <status value="generated"/><div xmlns="http://www.w3.org/1999/xhtml"><p>This code system https://openimis.github.io/openimis_fhir_r4_ig/CodeSystem/contract-scope defines the following codes:</p><table class="codes"><tr><td style="white-space:nowrap"><b>Code</b></td><td><b>Display</b></td></tr><tr><td style="white-space:nowrap">formal<a name="contract-scope-formal"> </a></td><td>Formal Sector</td></tr><tr><td style="white-space:nowrap">informal<a name="contract-scope-informal"> </a></td><td>Informal Sector</td></tr></table></div>
  </text>
  <url value="https://openimis.github.io/openimis_fhir_r4_ig/CodeSystem/contract-scope"/>
  <version value="0.1.0"/>
  <name value="ContractScopeCS"/>
  <title value="Scope (Contract)"/>
  <status value="active"/>
  <date value="2022-05-12T06:50:16+00:00"/>
  <publisher value="openIMIS Initiative"/>
  <contact>
    <name value="openIMIS Initiative"/>
    <telecom>
      <system value="url"/>
      <value value="https://www.openimis.org"/>
    </telecom>
  </contact>
  <contact>
    <name value="Dragos Dobre"/>
    <telecom>
      <system value="email"/>
      <value value="dragos.dobre@swisstph.ch"/>
      <use value="work"/>
    </telecom>
  </contact>
  <description value="Indicates the scope for the Contract. Values defined by openIMIS. Cannot be extended."/>
  <content value="complete"/>
  <count value="2"/>
  <concept>
    <code value="formal"/>
    <display value="Formal Sector"/>
  </concept>
  <concept>
    <code value="informal"/>
    <display value="Informal Sector"/>
  </concept>
</CodeSystem>