<?xml version="1.0" encoding="UTF-8"?>

<CodeSystem xmlns="http://hl7.org/fhir">
  <id value="activity-definition-service-type"/>
  <text>
    <status value="generated"/><div xmlns="http://www.w3.org/1999/xhtml"><p>This code system https://openimis.github.io/openimis_fhir_r4_ig/CodeSystem/activity-definition-service-type defines the following codes:</p><table class="codes"><tr><td style="white-space:nowrap"><b>Code</b></td><td><b>Display</b></td></tr><tr><td style="white-space:nowrap">C<a name="activity-definition-service-type-C"> </a></td><td>Curative</td></tr><tr><td style="white-space:nowrap">P<a name="activity-definition-service-type-P"> </a></td><td>Preventive</td></tr></table></div>
  </text>
  <url value="https://openimis.github.io/openimis_fhir_r4_ig/CodeSystem/activity-definition-service-type"/>
  <version value="0.1.0"/>
  <name value="ActivityDefinitionServiceTypeCS"/>
  <title value="Service Type (ActivityDefinition)"/>
  <status value="active"/>
  <date value="2021-10-04T15:11:02+00:00"/>
  <publisher value="Swiss TPH"/>
  <contact>
    <name value="Swiss TPH"/>
    <telecom>
      <system value="url"/>
      <value value="https://www.swisstph.ch/en/"/>
    </telecom>
  </contact>
  <contact>
    <name value="Dragos Dobre"/>
    <telecom>
      <system value="email"/>
      <value value="dragos.dobre@swisstph.ch"/>
      <use value="work"/>
    </telecom>
  </contact>
  <description value="Indicates the Service Type for an ActivityDefinition. Values defined by openIMIS. Can not be extended."/>
  <content value="complete"/>
  <count value="2"/>
  <concept>
    <code value="C"/>
    <display value="Curative"/>
  </concept>
  <concept>
    <code value="P"/>
    <display value="Preventive"/>
  </concept>
</CodeSystem>