<?xml version="1.0" encoding="UTF-8"?>

<Coverage xmlns="http://hl7.org/fhir">
  <id value="JoeDoeCoverage"/>
  <meta>
    <profile value="https://openimis.github.io/openimis_fhir_r4_ig/StructureDefinition/openimis-coverage"/>
  </meta>
  <text>
    <status value="generated"/><div xmlns="http://www.w3.org/1999/xhtml"><p><b>Generated Narrative</b></p><p><b>identifier</b>: UUID unique identifier: D30F70DF-D10B-43D4-BF31-5137C118AD84</p><p><b>status</b>: active</p><p><b>beneficiary</b>: <a href="joe-doe">joe-doe</a></p><p><b>payor</b>: <a href="Patient-jane-doe.html">Generated Summary: Unique code: 123456788; Jane Doe ; gender: female; birthDate: 1964-05-15; <span title="Codes: {http://terminology.hl7.org/CodeSystem/v3-MaritalStatus M}">Married</span></a></p></div>
  </text>
  <identifier>
    <type>
      <coding>
        <system value="https://openimis.github.io/openimis_fhir_r4_ig/CodeSystem/openimis-identifiers"/>
        <code value="UUID"/>
      </coding>
    </type>
    <value value="D30F70DF-D10B-43D4-BF31-5137C118AD84"/>
  </identifier>
  <status value="active"/>
  <beneficiary>
    <reference value="joe-doe"/>
  </beneficiary>
  <payor>
    <reference value="Patient/jane-doe"/>
  </payor>
</Coverage>