<?xml version="1.0" encoding="UTF-8"?>

<Patient xmlns="http://hl7.org/fhir">
  <id value="john-doe"/>
  <meta>
    <profile value="https://openimis.github.io/openimis_fhir_r4_ig/StructureDefinition/openimis-patient"/>
  </meta>
  <text>
    <status value="generated"/><div xmlns="http://www.w3.org/1999/xhtml"><p><b>John Doe </b> male, DoB: 1962-02-05 ( Unique code: 123456789)</p></div>
  </text>
  <extension url="https://openimis.github.io/openimis_fhir_r4_ig/StructureDefinition/patient-is-head">
    <valueBoolean value="false"/>
  </extension>
  <extension url="https://openimis.github.io/openimis_fhir_r4_ig/StructureDefinition/patient-education-level">
    <valueCodeableConcept>
      <coding>
        <system value="https://openimis.github.io/openimis_fhir_r4_ig/CodeSystem/patient-education-level"/>
        <code value="4"/>
        <display value="University"/>
      </coding>
    </valueCodeableConcept>
  </extension>
  <extension url="https://openimis.github.io/openimis_fhir_r4_ig/StructureDefinition/patient-profession">
    <valueCodeableConcept>
      <coding>
        <system value="https://openimis.github.io/openimis_fhir_r4_ig/CodeSystem/patient-profession"/>
        <code value="2"/>
        <display value="Employee"/>
      </coding>
    </valueCodeableConcept>
  </extension>
  <extension url="https://openimis.github.io/openimis_fhir_r4_ig/StructureDefinition/patient-identification">
    <extension url="number">
      <valueString value="NationaID1"/>
    </extension>
    <extension url="type">
      <valueCodeableConcept>
        <coding>
          <system value="https://openimis.github.io/openimis_fhir_r4_ig/CodeSystem/patient-identification-type"/>
          <code value="N"/>
          <display value="National ID"/>
        </coding>
      </valueCodeableConcept>
    </extension>
  </extension>
  <extension url="https://openimis.github.io/openimis_fhir_r4_ig/StructureDefinition/patient-card-issued">
    <valueBoolean value="true"/>
  </extension>
  <extension url="https://openimis.github.io/openimis_fhir_r4_ig/StructureDefinition/patient-group-reference">
    <valueReference>
      <reference value="Group/doe-family"/>
    </valueReference>
  </extension>
  <extension url="https://openimis.github.io/openimis_fhir_r4_ig/StructureDefinition/patient-vulnerability-status">
    <valueBoolean value="true"/>
  </extension>
  <identifier>
    <type>
      <coding>
        <system value="https://openimis.github.io/openimis_fhir_r4_ig/CodeSystem/openimis-identifiers"/>
        <code value="Code"/>
      </coding>
    </type>
    <value value="123456789"/>
  </identifier>
  <name>
    <family value="Doe"/>
    <given value="John"/>
  </name>
  <gender value="male"/>
  <birthDate value="1962-02-05"/>
  <address>
    <extension url="https://openimis.github.io/openimis_fhir_r4_ig/StructureDefinition/address-municipality">
      <valueString value="Jamu"/>
    </extension>
    <extension url="https://openimis.github.io/openimis_fhir_r4_ig/StructureDefinition/address-location-reference">
      <valueReference>
        <reference value="Location/Jamula-village"/>
      </valueReference>
    </extension>
    <use value="home"/>
    <line value="5 Tsoka"/>
    <city value="Jamula"/>
    <district value="Rapta"/>
    <state value="Ultha"/>
  </address>
  <maritalStatus>
    <coding>
      <system value="http://terminology.hl7.org/CodeSystem/v3-MaritalStatus"/>
      <code value="M"/>
    </coding>
  </maritalStatus>
  <contact>
    <relationship>
      <coding>
        <system value="https://openimis.github.io/openimis_fhir_r4_ig/CodeSystem/patient-contact-relationship"/>
        <code value="1"/>
      </coding>
    </relationship>
    <name>
      <family value="Doe"/>
      <given value="John"/>
    </name>
  </contact>
</Patient>