<?xml version="1.0" encoding="UTF-8"?>

<Patient xmlns="http://hl7.org/fhir">
  <id value="jane-doe"/>
  <meta>
    <profile value="https://openimis.github.io/openimis_fhir_r4_ig/StructureDefinition/openimis-patient"/>
  </meta>
  <text>
    <status value="generated"/><div xmlns="http://www.w3.org/1999/xhtml"><p><b>Jane Doe </b> (no stated gender) 1964-05-15 ( Unique code: 123456788)</p></div>
  </text>
  <extension url="https://openimis.github.io/openimis_fhir_r4_ig/StructureDefinition/patient-is-head">
    <valueBoolean value="true"/>
  </extension>
  <extension url="https://openimis.github.io/openimis_fhir_r4_ig/StructureDefinition/patient-education-level">
    <valueCodeableConcept>
      <coding>
        <system value="https://openimis.github.io/openimis_fhir_r4_ig/CodeSystem/patient-education-level"/>
        <code value="4"/>
        <display value="University"/>
      </coding>
    </valueCodeableConcept>
  </extension>
  <extension url="https://openimis.github.io/openimis_fhir_r4_ig/StructureDefinition/patient-profession">
    <valueCodeableConcept>
      <coding>
        <system value="https://openimis.github.io/openimis_fhir_r4_ig/CodeSystem/patient-profession"/>
        <code value="3"/>
        <display value="Self Employee"/>
      </coding>
    </valueCodeableConcept>
  </extension>
  <extension url="https://openimis.github.io/openimis_fhir_r4_ig/StructureDefinition/patient-identification">
    <extension url="number">
      <valueString value="NationaID2"/>
    </extension>
    <extension url="type">
      <valueCodeableConcept>
        <coding>
          <system value="https://openimis.github.io/openimis_fhir_r4_ig/CodeSystem/patient-identification-type"/>
          <code value="N"/>
          <display value="National ID"/>
        </coding>
      </valueCodeableConcept>
    </extension>
  </extension>
  <extension url="https://openimis.github.io/openimis_fhir_r4_ig/StructureDefinition/patient-card-issued">
    <valueBoolean value="true"/>
  </extension>
  <extension url="https://openimis.github.io/openimis_fhir_r4_ig/StructureDefinition/patient-group-reference">
    <valueReference>
      <reference value="Group/doe-family"/>
    </valueReference>
  </extension>
  <identifier>
    <type>
      <coding>
        <system value="https://openimis.github.io/openimis_fhir_r4_ig/CodeSystem/openimis-identifiers"/>
        <code value="Code"/>
      </coding>
    </type>
    <value value="123456788"/>
  </identifier>
  <name>
    <family value="Doe"/>
    <given value="Jane"/>
  </name>
  <gender value="female"/>
  <birthDate value="1964-05-15"/>
  <address>
    <extension url="https://openimis.github.io/openimis_fhir_r4_ig/StructureDefinition/address-municipality">
      <valueString value="Jamu"/>
    </extension>
    <extension url="https://openimis.github.io/openimis_fhir_r4_ig/StructureDefinition/address-location-reference">
      <valueReference>
        <reference value="Location/Jamula-village"/>
      </valueReference>
    </extension>
    <use value="home"/>
    <line value="5 Tsoka"/>
    <city value="Jamula"/>
    <district value="Rapta"/>
    <state value="Ultha"/>
  </address>
  <maritalStatus>
    <coding>
      <system value="http://terminology.hl7.org/CodeSystem/v3-MaritalStatus"/>
      <code value="M"/>
    </coding>
  </maritalStatus>
</Patient>