<?xml version="1.0" encoding="UTF-8"?>

<Patient xmlns="http://hl7.org/fhir">
  <id value="john-doe"/>
  <meta>
    <profile value="https://openimis.github.io/openimis_fhir_r4_ig/StructureDefinition/openimis-patient"/>
  </meta>
  <text>
    <status value="extensions"/><div xmlns="http://www.w3.org/1999/xhtml"><p><b>Generated Narrative</b></p><p><b>IsHead (Patient)</b>: false</p><p><b>Education Level (Patient)</b>: <span title="Codes: {https://openimis.github.io/openimis_fhir_r4_ig/CodeSystem/patient-education-level 4}">University</span></p><p><b>Profession (Patient)</b>: <span title="Codes: {https://openimis.github.io/openimis_fhir_r4_ig/CodeSystem/patient-profession 2}">Employee</span></p><blockquote><p><b>Identification (Patient)</b></p><p><b>value</b>: NationaID1</p><p><b>value</b>: <span title="Codes: {https://openimis.github.io/openimis_fhir_r4_ig/CodeSystem-patient-identification-types N}">National ID</span></p></blockquote><p><b>Card Issued (Patient)</b>: true</p><p><b>Group Reference (Patient)</b>: <a href="Group-doe-family.html">Generated Summary: UUID unique identifier: D30F70DF-D10B-43D4-BF31-5137C118AD82; active; type: person; actual; name: Doe Jane; 2</a></p><p><b>Vulnerability Status (Patient)</b>: true</p><p><b>identifier</b>: Unique code: 123456789</p><p><b>name</b>: John Doe </p><p><b>gender</b>: male</p><p><b>birthDate</b>: 1962-02-05</p><p><b>address</b>: 5 Tsoka Jamula Ultha (HOME)</p><p><b>maritalStatus</b>: <span title="Codes: {http://terminology.hl7.org/CodeSystem/v3-MaritalStatus M}">Married</span></p><h3>Contacts</h3><table class="grid"><tr><td>-</td><td><b>Relationship</b></td><td><b>Name</b></td></tr><tr><td>*</td><td><span title="Codes: {https://openimis.github.io/openimis_fhir_r4_ig/CodeSystem/patient-contact-relationship 1}">Brother/Sister</span></td><td>John Doe </td></tr></table></div>
  </text>
  <extension url="https://openimis.github.io/openimis_fhir_r4_ig/StructureDefinition/patient-is-head">
    <valueBoolean value="false"/>
  </extension>
  <extension url="https://openimis.github.io/openimis_fhir_r4_ig/StructureDefinition/patient-education-level">
    <valueCodeableConcept>
      <coding>
        <system value="https://openimis.github.io/openimis_fhir_r4_ig/CodeSystem/patient-education-level"/>
        <code value="4"/>
        <display value="University"/>
      </coding>
    </valueCodeableConcept>
  </extension>
  <extension url="https://openimis.github.io/openimis_fhir_r4_ig/StructureDefinition/patient-profession">
    <valueCodeableConcept>
      <coding>
        <system value="https://openimis.github.io/openimis_fhir_r4_ig/CodeSystem/patient-profession"/>
        <code value="2"/>
        <display value="Employee"/>
      </coding>
    </valueCodeableConcept>
  </extension>
  <extension url="https://openimis.github.io/openimis_fhir_r4_ig/StructureDefinition/patient-identification">
    <extension url="number">
      <valueString value="NationaID1"/>
    </extension>
    <extension url="type">
      <valueCodeableConcept>
        <coding>
          <system value="https://openimis.github.io/openimis_fhir_r4_ig/CodeSystem-patient-identification-types"/>
          <code value="N"/>
        </coding>
      </valueCodeableConcept>
    </extension>
  </extension>
  <extension url="https://openimis.github.io/openimis_fhir_r4_ig/StructureDefinition/patient-card-issued">
    <valueBoolean value="true"/>
  </extension>
  <extension url="https://openimis.github.io/openimis_fhir_r4_ig/StructureDefinition/patient-group-reference">
    <valueReference>
      <reference value="Group/doe-family"/>
    </valueReference>
  </extension>
  <extension url="https://openimis.github.io/openimis_fhir_r4_ig/StructureDefinition/patient-vulnerability-status">
    <valueBoolean value="true"/>
  </extension>
  <identifier>
    <type>
      <coding>
        <system value="https://openimis.github.io/openimis_fhir_r4_ig/CodeSystem/openimis-identifiers"/>
        <code value="Code"/>
      </coding>
    </type>
    <value value="123456789"/>
  </identifier>
  <name>
    <family value="Doe"/>
    <given value="John"/>
  </name>
  <gender value="male"/>
  <birthDate value="1962-02-05"/>
  <address>
    <extension url="https://openimis.github.io/openimis_fhir_r4_ig/StructureDefinition/address-municipality">
      <valueString value="Jamu"/>
    </extension>
    <extension url="https://openimis.github.io/openimis_fhir_r4_ig/StructureDefinition/address-location-reference">
      <valueReference>
        <reference value="Location/Jamula-village"/>
      </valueReference>
    </extension>
    <use value="home"/>
    <line value="5 Tsoka"/>
    <city value="Jamula"/>
    <district value="Rapta"/>
    <state value="Ultha"/>
  </address>
  <maritalStatus>
    <coding>
      <system value="http://terminology.hl7.org/CodeSystem/v3-MaritalStatus"/>
      <code value="M"/>
    </coding>
  </maritalStatus>
  <contact>
    <relationship>
      <coding>
        <system value="https://openimis.github.io/openimis_fhir_r4_ig/CodeSystem/patient-contact-relationship"/>
        <code value="1"/>
      </coding>
    </relationship>
    <name>
      <family value="Doe"/>
      <given value="John"/>
    </name>
  </contact>
</Patient>