<?xml version="1.0" encoding="UTF-8"?>

<ValueSet xmlns="http://hl7.org/fhir">
  <id value="usage-context-gender-type"/>
  <text>
    <status value="extensions"/><div xmlns="http://www.w3.org/1999/xhtml"><ul><li>Include these codes as defined in <a href="http://hl7.org/fhir/R4/codesystem-administrative-gender.html"><code>http://hl7.org/fhir/administrative-gender</code></a><table class="none"><tr><td style="white-space:nowrap"><b>Code</b></td><td><b>Display</b></td><td><b>Definition</b></td></tr><tr><td><a href="http://hl7.org/fhir/R4/codesystem-administrative-gender.html#administrative-gender-male">male</a></td><td>Male</td><td>Male.</td></tr><tr><td><a href="http://hl7.org/fhir/R4/codesystem-administrative-gender.html#administrative-gender-female">female</a></td><td>Female</td><td>Female.</td></tr></table></li></ul></div>
  </text>
  <url value="https://openimis.github.io/openimis_fhir_r4_ig/ValueSet/usage-context-gender-type"/>
  <version value="0.1.0"/>
  <name value="UsageContextGenderTypeVS"/>
  <title value="Usage Context for Gender Type (ActivityDefinition|Medication)"/>
  <status value="active"/>
  <date value="2021-09-01T13:21:06+00:00"/>
  <publisher value="Swiss TPH"/>
  <contact>
    <name value="Swiss TPH"/>
    <telecom>
      <system value="url"/>
      <value value="https://www.swisstph.ch/en/"/>
    </telecom>
  </contact>
  <contact>
    <name value="Dragos Dobre"/>
    <telecom>
      <system value="email"/>
      <value value="dragos.dobre@swisstph.ch"/>
      <use value="work"/>
    </telecom>
  </contact>
  <description value="Indicates the Usage Context for Gender Type for an ActivityDefinition or Medication."/>
  <compose>
    <include>
      <system value="http://hl7.org/fhir/administrative-gender"/>
      <concept>
        <code value="male"/>
        <display value="Male"/>
      </concept>
      <concept>
        <code value="female"/>
        <display value="Female"/>
      </concept>
    </include>
  </compose>
</ValueSet>