<?xml version="1.0" encoding="UTF-8"?>

<ValueSet xmlns="http://hl7.org/fhir">
  <id value="insurance-plan-coverage-benefit-limit"/>
  <text>
    <status value="generated"/><div xmlns="http://www.w3.org/1999/xhtml"><ul><li>Include all codes defined in <a href="CodeSystem-insurance-plan-coverage-benefit-limit.html"><code>https://openimis.github.io/openimis_fhir_r4_ig/CodeSystem/insurance-plan-coverage-benefit-limit</code></a></li></ul></div>
  </text>
  <url value="https://openimis.github.io/openimis_fhir_r4_ig/ValueSet/insurance-plan-coverage-benefit-limit"/>
  <version value="0.1.0"/>
  <name value="InsurancePlanCoverageBenefitLimitVS"/>
  <title value="Coverage Benefit Limit Types (InsurancePlan)"/>
  <status value="active"/>
  <date value="2021-09-15T10:19:11+00:00"/>
  <publisher value="Swiss TPH"/>
  <contact>
    <name value="Swiss TPH"/>
    <telecom>
      <system value="url"/>
      <value value="https://www.swisstph.ch/en/"/>
    </telecom>
  </contact>
  <contact>
    <name value="Dragos Dobre"/>
    <telecom>
      <system value="email"/>
      <value value="dragos.dobre@swisstph.ch"/>
      <use value="work"/>
    </telecom>
  </contact>
  <description value="Indicates the Coverage Benefit Limit Types for an InsurancePlan. Values defined by openIMIS. Can not be extended."/>
  <compose>
    <include>
      <system value="https://openimis.github.io/openimis_fhir_r4_ig/CodeSystem/insurance-plan-coverage-benefit-limit"/>
    </include>
  </compose>
</ValueSet>