<?xml version="1.0" encoding="UTF-8"?>

<ValueSet xmlns="http://hl7.org/fhir">
  <id value="usage-context-age-type"/>
  <text>
    <status value="generated"/><div xmlns="http://www.w3.org/1999/xhtml"><ul><li>Include all codes defined in <a href="CodeSystem-usage-context-age-type.html"><code>https://openimis.github.io/openimis_fhir_r4_ig/CodeSystem/usage-context-age-type</code></a></li></ul></div>
  </text>
  <url value="https://openimis.github.io/openimis_fhir_r4_ig/ValueSet/usage-context-age-type"/>
  <version value="0.1.0"/>
  <name value="UsageContextAgeTypeVS"/>
  <title value="Usage Context for Age Type (ActivityDefinition|Medication)"/>
  <status value="active"/>
  <date value="2021-09-29T08:31:05+00:00"/>
  <publisher value="Swiss TPH"/>
  <contact>
    <name value="Swiss TPH"/>
    <telecom>
      <system value="url"/>
      <value value="https://www.swisstph.ch/en/"/>
    </telecom>
  </contact>
  <contact>
    <name value="Dragos Dobre"/>
    <telecom>
      <system value="email"/>
      <value value="dragos.dobre@swisstph.ch"/>
      <use value="work"/>
    </telecom>
  </contact>
  <description value="Indicates the Usage Context for Age Type for an ActivityDefinition or Medication."/>
  <compose>
    <include>
      <system value="https://openimis.github.io/openimis_fhir_r4_ig/CodeSystem/usage-context-age-type"/>
    </include>
  </compose>
</ValueSet>