<?xml version="1.0" encoding="UTF-8"?>

<ValueSet xmlns="http://hl7.org/fhir">
  <id value="contract-premium-category"/>
  <text>
    <status value="generated"/><div xmlns="http://www.w3.org/1999/xhtml"><ul><li>Include all codes defined in <a href="CodeSystem-contract-premium-category.html"><code>https://openimis.github.io/openimis_fhir_r4_ig/CodeSystem/contract-premium-category</code></a></li></ul></div>
  </text>
  <url value="https://openimis.github.io/openimis_fhir_r4_ig/ValueSet/contract-premium-category"/>
  <version value="1.0.0"/>
  <name value="ContractPremiumCategoryVS"/>
  <title value="Premium Category (Contract)"/>
  <status value="active"/>
  <date value="2022-05-31T10:54:20+00:00"/>
  <publisher value="openIMIS Initiative"/>
  <contact>
    <name value="openIMIS Initiative"/>
    <telecom>
      <system value="url"/>
      <value value="https://www.openimis.org"/>
    </telecom>
  </contact>
  <contact>
    <name value="Dragos Dobre"/>
    <telecom>
      <system value="email"/>
      <value value="dragos.dobre@swisstph.ch"/>
      <use value="work"/>
    </telecom>
  </contact>
  <description value="Indicates the category of the premium for the Contract. Cannot be extended."/>
  <compose>
    <include>
      <system value="https://openimis.github.io/openimis_fhir_r4_ig/CodeSystem/contract-premium-category"/>
    </include>
  </compose>
</ValueSet>