<?xml version="1.0" encoding="UTF-8"?><CapabilityStatement xmlns="http://hl7.org/fhir"><id value="ExampleCapabilityStatement"/><text><status value="extensions"/><div xmlns="http://www.w3.org/1999/xhtml"><h2>Example Capability Statement</h2><table><tr><td>Mode</td><td>SERVER</td></tr><tr><td>Description</td><td/></tr><tr><td>Transaction</td><td></td></tr><tr><td>System History</td><td></td></tr><tr><td>System Search</td><td></td></tr></table><table><tr><th><b>Resource Type</b></th><th><b>Profile</b></th><th><b title="GET a resource (read interaction)">Read</b></th><th><b title="GET all set of resources of the type (search interaction)">Search</b></th><th><b title="PUT a new resource version (update interaction)">Update</b></th><th><b title="POST a new resource (create interaction)">Create</b></th></tr><tr><td>Measure</td><td>y</td><td>y</td><td></td><td></td></tr><tr><td>MeasureReport</td><td>y</td><td>y</td><td></td><td></td></tr></table></div></text><url value="https://openimis.github.io/openimis_fhir_r4_ig/CapabilityStatement/ExampleCapabilityStatement"/><version value="0.1.0"/><name value="Example Capability Statement"/><status value="draft"/><date value="2020-05-07"/><publisher value="Swiss TPH - SCIH - openIMIS Group"/><contact><name value="Swiss TPH - SCIH - openIMIS Group"/><telecom><system value="url"/><value value="https://www.swisstph.ch/en/"/></telecom><telecom><system value="email"/><value value="dragos.dobre@swisstph.ch"/></telecom></contact><kind value="requirements"/><fhirVersion value="4.0.1"/><format value="json"/><rest><mode value="server"/><resource><extension url="http://hl7.org/fhir/StructureDefinition/capabilitystatement-expectation"><valueCode value="SHALL"/></extension><type value="Measure"/><supportedProfile value="http://hl7.org/fhir/StructureDefinition/shareablemeasure"/><interaction><code value="read"/></interaction><interaction><code value="search-type"/></interaction><searchParam><name value="_id"/><definition value="http://hl7.org/fhir/SearchParameter/Resource-id"/><type value="token"/></searchParam><searchParam><name value="_lastUpdated"/><definition value="http://hl7.org/fhir/SearchParameter/Resource-lastUpdated"/><type value="date"/></searchParam><searchParam><name value="name"/><definition value="http://hl7.org/fhir/SearchParameter/Location-name"/><type value="string"/></searchParam></resource><resource><extension url="http://hl7.org/fhir/StructureDefinition/capabilitystatement-expectation"><valueCode value="SHOULD"/></extension><type value="MeasureReport"/><interaction><code value="read"/></interaction><interaction><code value="search-type"/></interaction><searchParam><name value="_id"/><definition value="http://hl7.org/fhir/SearchParameter/Resource-id"/><type value="token"/></searchParam><searchParam><name value="_lastUpdated"/><definition value="http://hl7.org/fhir/SearchParameter/Resource-lastUpdated"/><type value="date"/></searchParam><searchParam><name value="date"/><definition value="http://hl7.org/fhir/SearchParameter/MeasureReport-date"/><type value="date"/></searchParam><searchParam><name value="subject"/><definition value="http://hl7.org/fhir/SearchParameter/MeasureReport-subject"/><type value="reference"/></searchParam><searchParam><name value="code"/><definition value="http://hl7.org/fhir/us/saner/SearchParameter/SearchParameter-code"/><type value="token"/></searchParam></resource></rest></CapabilityStatement>