<?xml version="1.0" encoding="UTF-8"?><CodeSystem xmlns="http://hl7.org/fhir"><id value="activity-definition-usage-context-workflow-type"/><text><status value="generated"/><div xmlns="http://www.w3.org/1999/xhtml"><p>This code system https://openimis.github.io/openimis_fhir_r4_ig/CodeSystem/activity-definition-usage-context-workflow-type defines the following codes:</p><table class="codes"><tr><td style="white-space:nowrap"><b>Code</b></td><td><b>Display</b></td></tr><tr><td style="white-space:nowrap">S<a name="activity-definition-usage-context-workflow-type-S"> </a></td><td>Surgery</td></tr><tr><td style="white-space:nowrap">C<a name="activity-definition-usage-context-workflow-type-C"> </a></td><td>Consultations</td></tr><tr><td style="white-space:nowrap">D<a name="activity-definition-usage-context-workflow-type-D"> </a></td><td>Delivery</td></tr><tr><td style="white-space:nowrap">A<a name="activity-definition-usage-context-workflow-type-A"> </a></td><td>Antenatal</td></tr><tr><td style="white-space:nowrap">O<a name="activity-definition-usage-context-workflow-type-O"> </a></td><td>Other</td></tr></table></div></text><url value="https://openimis.github.io/openimis_fhir_r4_ig/CodeSystem/activity-definition-usage-context-workflow-type"/><version value="0.1.0"/><name value="ActivityDefinitionUsageContextWorkflowTypeCS"/><title value="Usage Context for Workflow Type (ActivityDefinition)"/><status value="active"/><date value="2021-12-04T14:25:43+00:00"/><publisher value="Swiss TPH"/><contact><name value="Swiss TPH"/><telecom><system value="url"/><value value="https://www.swisstph.ch/en/"/></telecom></contact><contact><name value="Dragos Dobre"/><telecom><system value="email"/><value value="dragos.dobre@swisstph.ch"/><use value="work"/></telecom></contact><description value="Indicates the Usage Context for Workflow Type for an ActivityDefinition. Values defined by openIMIS. Can not be extended."/><content value="complete"/><count value="5"/><concept><code value="S"/><display value="Surgery"/></concept><concept><code value="C"/><display value="Consultations"/></concept><concept><code value="D"/><display value="Delivery"/></concept><concept><code value="A"/><display value="Antenatal"/></concept><concept><code value="O"/><display value="Other"/></concept></CodeSystem>