<?xml version="1.0" encoding="UTF-8"?><CodeSystem xmlns="http://hl7.org/fhir"><id value="contract-premium-payer"/><text><status value="generated"/><div xmlns="http://www.w3.org/1999/xhtml"><p>This code system https://openimis.github.io/openimis_fhir_r4_ig/CodeSystem/contract-premium-payer defines the following codes:</p><table class="codes"><tr><td style="white-space:nowrap"><b>Code</b></td><td><b>Display</b></td></tr><tr><td style="white-space:nowrap">beneficiary<a name="contract-premium-payer-beneficiary"> </a></td><td>Beneficiary</td></tr></table></div></text><url value="https://openimis.github.io/openimis_fhir_r4_ig/CodeSystem/contract-premium-payer"/><version value="0.1.0"/><name value="ContractPremiumPayerCS"/><title value="Premium Payer (Contract)"/><status value="active"/><date value="2021-11-12T16:20:31+00:00"/><publisher value="Swiss TPH"/><contact><name value="Swiss TPH"/><telecom><system value="url"/><value value="https://www.swisstph.ch/en/"/></telecom></contact><contact><name value="Dragos Dobre"/><telecom><system value="email"/><value value="dragos.dobre@swisstph.ch"/><use value="work"/></telecom></contact><description value="Indicates the payer of the premium for the Contract. Can be extended in openIMIS. Need to match openIMIS database payer list."/><content value="complete"/><count value="1"/><concept><code value="beneficiary"/><display value="Beneficiary"/></concept></CodeSystem>