<?xml version="1.0" encoding="UTF-8"?><CodeSystem xmlns="http://hl7.org/fhir"><id value="patient-identification-types"/><text><status value="generated"/><div xmlns="http://www.w3.org/1999/xhtml"><p>This code system https://openimis.github.io/openimis_fhir_r4_ig/CodeSystem-patient-identification-types defines the following codes:</p><table class="codes"><tr><td style="white-space:nowrap"><b>Code</b></td><td><b>Display</b></td></tr><tr><td style="white-space:nowrap">D<a name="patient-identification-types-D"> </a></td><td>Driver&#39;s License</td></tr><tr><td style="white-space:nowrap">N<a name="patient-identification-types-N"> </a></td><td>National ID</td></tr><tr><td style="white-space:nowrap">P<a name="patient-identification-types-P"> </a></td><td>Passport</td></tr><tr><td style="white-space:nowrap">V<a name="patient-identification-types-V"> </a></td><td>Voter Card</td></tr></table></div></text><url value="https://openimis.github.io/openimis_fhir_r4_ig/CodeSystem-patient-identification-types"/><version value="0.1.0"/><name value="PatientIdentificationTypesCS"/><title value="Identification Types (Patient)"/><status value="active"/><date value="2021-09-17T10:31:57+00:00"/><publisher value="Swiss TPH"/><contact><name value="Swiss TPH"/><telecom><system value="url"/><value value="https://www.swisstph.ch/en/"/></telecom></contact><contact><name value="Dragos Dobre"/><telecom><system value="email"/><value value="dragos.dobre@swisstph.ch"/><use value="work"/></telecom></contact><description value="Indicates the type of document the Patient used to identify himself. Values defined by openIMIS. Can be extended."/><content value="complete"/><count value="4"/><concept><code value="D"/><display value="Driver&#39;s License"/></concept><concept><code value="N"/><display value="National ID"/></concept><concept><code value="P"/><display value="Passport"/></concept><concept><code value="V"/><display value="Voter Card"/></concept></CodeSystem>