<?xml version="1.0" encoding="UTF-8"?><CodeSystem xmlns="http://hl7.org/fhir"><id value="usage-context-age-type"/><text><status value="generated"/><div xmlns="http://www.w3.org/1999/xhtml"><p>This code system https://openimis.github.io/openimis_fhir_r4_ig/CodeSystem/usage-context-age-type defines the following codes:</p><table class="codes"><tr><td style="white-space:nowrap"><b>Code</b></td><td><b>Display</b></td></tr><tr><td style="white-space:nowrap">adult<a name="usage-context-age-type-adult"> </a></td><td>Adult</td></tr><tr><td style="white-space:nowrap">child<a name="usage-context-age-type-child"> </a></td><td>Child</td></tr></table></div></text><url value="https://openimis.github.io/openimis_fhir_r4_ig/CodeSystem/usage-context-age-type"/><version value="0.1.0"/><name value="UsageContextAgeTypeCS"/><title value="Usage Context for Age Type (ActivityDefinition|Medication)"/><status value="active"/><date value="2021-09-17T10:31:02+00:00"/><publisher value="Swiss TPH"/><contact><name value="Swiss TPH"/><telecom><system value="url"/><value value="https://www.swisstph.ch/en/"/></telecom></contact><contact><name value="Dragos Dobre"/><telecom><system value="email"/><value value="dragos.dobre@swisstph.ch"/><use value="work"/></telecom></contact><description value="Indicates the Usage Context for Gender Type for an ActivityDefinition or Medication. Values defined by openIMIS. Can not be extended."/><content value="complete"/><count value="2"/><concept><code value="adult"/><display value="Adult"/></concept><concept><code value="child"/><display value="Child"/></concept></CodeSystem>