<?xml version="1.0" encoding="UTF-8"?><CodeSystem xmlns="http://hl7.org/fhir"><id value="insurance-plan-coverage-benefit-limit"/><text><status value="generated"/><div xmlns="http://www.w3.org/1999/xhtml"><p>This code system https://openimis.github.io/openimis_fhir_r4_ig/CodeSystem/insurance-plan-coverage-benefit-limit defines the following codes:</p><table class="codes"><tr><td style="white-space:nowrap"><b>Code</b></td><td><b>Display</b></td><td><b>Definition</b></td></tr><tr><td style="white-space:nowrap">period<a name="insurance-plan-coverage-benefit-limit-period"> </a></td><td>Period</td><td>Duration of the period in months, in which a policy with the product will be valid.</td></tr><tr><td style="white-space:nowrap">memberCount<a name="insurance-plan-coverage-benefit-limit-memberCount"> </a></td><td>Member Count</td><td>Maximal number of members of a household/group for the product.</td></tr></table></div></text><url value="https://openimis.github.io/openimis_fhir_r4_ig/CodeSystem/insurance-plan-coverage-benefit-limit"/><version value="0.1.0"/><name value="InsurancePlanCoverageBenefitLimitCS"/><title value="Coverage Benefit Limit Types (InsurancePlan)"/><status value="active"/><date value="2021-12-08T10:28:46+00:00"/><publisher value="Swiss TPH"/><contact><name value="Swiss TPH"/><telecom><system value="url"/><value value="https://www.swisstph.ch/en/"/></telecom></contact><contact><name value="Dragos Dobre"/><telecom><system value="email"/><value value="dragos.dobre@swisstph.ch"/><use value="work"/></telecom></contact><description value="Indicates the Coverage Benefit Limit Types for an InsurancePlan. Values defined by openIMIS. Can not be extended."/><content value="complete"/><count value="2"/><concept><code value="period"/><display value="Period"/><definition value="Duration of the period in months, in which a policy with the product will be valid."/></concept><concept><code value="memberCount"/><display value="Member Count"/><definition value="Maximal number of members of a household/group for the product."/></concept></CodeSystem>