<?xml version="1.0" encoding="UTF-8"?><CodeSystem xmlns="http://hl7.org/fhir"><id value="medication-level"/><text><status value="generated"/><div xmlns="http://www.w3.org/1999/xhtml"><p>This code system https://openimis.github.io/openimis_fhir_r4_ig/CodeSystem/medication-level defines the following codes:</p><table class="codes"><tr><td style="white-space:nowrap"><b>Code</b></td><td><b>Display</b></td></tr><tr><td style="white-space:nowrap">M<a name="medication-level-M"> </a></td><td>Medication</td></tr></table></div></text><url value="https://openimis.github.io/openimis_fhir_r4_ig/CodeSystem/medication-level"/><version value="0.1.0"/><name value="MedicationLevelCS"/><title value="Level (Medication)"/><status value="active"/><date value="2021-12-20T16:29:48+00:00"/><publisher value="Swiss TPH"/><contact><name value="Swiss TPH"/><telecom><system value="url"/><value value="https://www.swisstph.ch/en/"/></telecom></contact><contact><name value="Dragos Dobre"/><telecom><system value="email"/><value value="dragos.dobre@swisstph.ch"/><use value="work"/></telecom></contact><description value="Indicates the Level for a Medication. Values defined by openIMIS. Can not be extended."/><content value="complete"/><count value="1"/><concept><code value="M"/><display value="Medication"/></concept></CodeSystem>