<?xml version="1.0" encoding="UTF-8"?><CodeSystem xmlns="http://hl7.org/fhir"><id value="contract-resource-party-role"/><text><status value="generated"/><div xmlns="http://www.w3.org/1999/xhtml"><p>This code system https://openimis.github.io/openimis_fhir_r4_ig/CodeSystem/contract-resource-party-role defines the following codes:</p><table class="codes"><tr><td style="white-space:nowrap"><b>Code</b></td><td><b>Display</b></td></tr><tr><td style="white-space:nowrap">beneficiary<a name="contract-resource-party-role-beneficiary"> </a></td><td>Beneficiary</td></tr></table></div></text><url value="https://openimis.github.io/openimis_fhir_r4_ig/CodeSystem/contract-resource-party-role"/><version value="0.1.0"/><name value="ContractResourcePartyRoleCS"/><title value="Resource Party Role (Contract)"/><status value="active"/><date value="2022-03-01T16:36:49+00:00"/><publisher value="openIMIS Initiative"/><contact><name value="openIMIS Initiative"/><telecom><system value="url"/><value value="https://www.openimis.org"/></telecom></contact><contact><name value="Dragos Dobre"/><telecom><system value="email"/><value value="dragos.dobre@swisstph.ch"/><use value="work"/></telecom></contact><description value="Indicates the participant engagement type for the Contract term."/><content value="complete"/><count value="1"/><concept><code value="beneficiary"/><display value="Beneficiary"/></concept></CodeSystem>