<?xml version="1.0" encoding="UTF-8"?><ImplementationGuide xmlns="http://hl7.org/fhir"><id value="openimis.fhir.r4"/><text><status value="extensions"/><div xmlns="http://www.w3.org/1999/xhtml"><h2>openIMISFHIRR4</h2><p>The official URL for this implementation guide is: </p><pre>https://openimis.github.io/openimis_fhir_r4_ig/ImplementationGuide/openimis.fhir.r4</pre><div><p>This IG is about the mapping and usage of FHIR R4 to integrate openIMIS with other external systems.</p>
</div></div></text><url value="https://openimis.github.io/openimis_fhir_r4_ig/ImplementationGuide/openimis.fhir.r4"/><version value="0.1.0"/><name value="openIMISFHIRR4"/><title value="openIMIS FHIR R4 Implementation Guide"/><status value="draft"/><date value="2021-09-29T08:31:05+00:00"/><publisher value="Swiss TPH"/><contact><name value="Swiss TPH"/><telecom><system value="url"/><value value="https://www.swisstph.ch/en/"/></telecom></contact><contact><name value="Dragos Dobre"/><telecom><system value="email"/><value value="dragos.dobre@swisstph.ch"/><use value="work"/></telecom></contact><description value="This IG is about the mapping and usage of FHIR R4 to integrate openIMIS with other external systems."/><packageId value="openimis.fhir.r4"/><license value="CC0-1.0"/><fhirVersion value="4.0.1"/><definition><extension url="http://hl7.org/fhir/tools/StructureDefinition/ig-parameter"><extension url="code"><valueString value="copyrightyear"/></extension><extension url="value"><valueString value="2021+"/></extension></extension><extension url="http://hl7.org/fhir/tools/StructureDefinition/ig-parameter"><extension url="code"><valueString value="releaselabel"/></extension><extension url="value"><valueString value="ci-build"/></extension></extension><extension url="http://hl7.org/fhir/tools/StructureDefinition/ig-parameter"><extension url="code"><valueString value="path-liquid"/></extension><extension url="value"><valueString value="template/liquid"/></extension></extension><extension url="http://hl7.org/fhir/tools/StructureDefinition/ig-parameter"><extension url="code"><valueString value="path-liquid"/></extension><extension url="value"><valueString value="input/liquid"/></extension></extension><extension url="http://hl7.org/fhir/tools/StructureDefinition/ig-parameter"><extension url="code"><valueString value="path-qa"/></extension><extension url="value"><valueString value="temp/qa"/></extension></extension><extension url="http://hl7.org/fhir/tools/StructureDefinition/ig-parameter"><extension url="code"><valueString value="path-temp"/></extension><extension url="value"><valueString value="temp/pages"/></extension></extension><extension url="http://hl7.org/fhir/tools/StructureDefinition/ig-parameter"><extension url="code"><valueString value="path-output"/></extension><extension url="value"><valueString value="output"/></extension></extension><extension url="http://hl7.org/fhir/tools/StructureDefinition/ig-parameter"><extension url="code"><valueString value="path-suppressed-warnings"/></extension><extension url="value"><valueString value="input/ignoreWarnings.txt"/></extension></extension><extension url="http://hl7.org/fhir/tools/StructureDefinition/ig-parameter"><extension url="code"><valueString value="path-history"/></extension><extension url="value"><valueString value="https://openimis.github.io/openimis_fhir_r4_ig/history.html"/></extension></extension><extension url="http://hl7.org/fhir/tools/StructureDefinition/ig-parameter"><extension url="code"><valueString value="template-html"/></extension><extension url="value"><valueString value="template-page.html"/></extension></extension><extension url="http://hl7.org/fhir/tools/StructureDefinition/ig-parameter"><extension url="code"><valueString value="template-md"/></extension><extension url="value"><valueString value="template-page-md.html"/></extension></extension><extension url="http://hl7.org/fhir/tools/StructureDefinition/ig-parameter"><extension url="code"><valueString value="apply-contact"/></extension><extension url="value"><valueString value="true"/></extension></extension><extension url="http://hl7.org/fhir/tools/StructureDefinition/ig-parameter"><extension url="code"><valueString value="apply-context"/></extension><extension url="value"><valueString value="true"/></extension></extension><extension url="http://hl7.org/fhir/tools/StructureDefinition/ig-parameter"><extension url="code"><valueString value="apply-copyright"/></extension><extension url="value"><valueString value="true"/></extension></extension><extension url="http://hl7.org/fhir/tools/StructureDefinition/ig-parameter"><extension url="code"><valueString value="apply-jurisdiction"/></extension><extension url="value"><valueString value="true"/></extension></extension><extension url="http://hl7.org/fhir/tools/StructureDefinition/ig-parameter"><extension url="code"><valueString value="apply-license"/></extension><extension url="value"><valueString value="true"/></extension></extension><extension url="http://hl7.org/fhir/tools/StructureDefinition/ig-parameter"><extension url="code"><valueString value="apply-publisher"/></extension><extension url="value"><valueString value="true"/></extension></extension><extension url="http://hl7.org/fhir/tools/StructureDefinition/ig-parameter"><extension url="code"><valueString value="apply-version"/></extension><extension url="value"><valueString value="true"/></extension></extension><extension url="http://hl7.org/fhir/tools/StructureDefinition/ig-parameter"><extension url="code"><valueString value="active-tables"/></extension><extension url="value"><valueString value="true"/></extension></extension><grouping id="-dyn-capabilitystatement"><name value="Behavior: Capability Statements"/><description value="The following artifacts define the specific capabilities that different types of systems are expected to have in order to comply with this implementation guide.  Systems conforming to this implementation guide are expected to declare conformance to one or more of the following capability statements."/></grouping><grouping id="-str-profile"><name value="Structures: Resource Profiles"/><description value="These define constraints on FHIR resources for systems conforming to this implementation guide"/></grouping><grouping id="-str-extension"><name value="Structures: Extension Definitions"/><description value="These define constraints on FHIR data types for systems conforming to this implementation guide"/></grouping><grouping id="-term-valueset"><name value="Terminology: Value Sets"/><description value="These define sets of codes used by systems conforming to this implementation guide"/></grouping><grouping id="-term-codesystem"><name value="Terminology: Code Systems"/><description value="These define new code systems used by systems conforming to this implementation guide"/></grouping><grouping id="-ex-example"><name value="Example: Example Instances"/><description value="These are example instances that show what data produced and consumed by systems conforming with this implementation guide might look like"/></grouping><resource><extension url="http://hl7.org/fhir/StructureDefinition/implementationguide-page"><valueUri value="StructureDefinition-openimis-activitiy-definition.html"/></extension><reference><reference value="StructureDefinition/openimis-activitiy-definition"/></reference><name value="openIMIS ActivityDefinition"/><description value="Defines a ActivityDefinition for openIMIS which maps to a Medical Service."/><exampleBoolean value="false"/><groupingId value="-str-profile"/></resource><resource><extension url="http://hl7.org/fhir/StructureDefinition/implementationguide-page"><valueUri value="StructureDefinition-openimis-claim.html"/></extension><reference><reference value="StructureDefinition/openimis-claim"/></reference><name value="openIMIS Claim"/><description value="Defines a Claim for openIMIS which maps to a Claim."/><exampleBoolean value="false"/><groupingId value="-str-profile"/></resource><resource><extension url="http://hl7.org/fhir/StructureDefinition/implementationguide-page"><valueUri value="StructureDefinition-openimis-claim-administrator-practitioner.html"/></extension><reference><reference value="StructureDefinition/openimis-claim-administrator-practitioner"/></reference><name value="openIMIS Claim Administrator Practitioner"/><description value="Defines a Practitioner for openIMIS which maps to a Claim Administrator."/><exampleBoolean value="false"/><groupingId value="-str-profile"/></resource><resource><extension url="http://hl7.org/fhir/StructureDefinition/implementationguide-page"><valueUri value="StructureDefinition-openimis-claim-administrator-practitioner-role.html"/></extension><reference><reference value="StructureDefinition/openimis-claim-administrator-practitioner-role"/></reference><name value="openIMIS Claim Administrator Practitioner Role"/><description value="Defines a Claim Administrator Practitioner Role for openIMIS."/><exampleBoolean value="false"/><groupingId value="-str-profile"/></resource><resource><extension url="http://hl7.org/fhir/StructureDefinition/implementationguide-page"><valueUri value="StructureDefinition-openimis-claim-response.html"/></extension><reference><reference value="StructureDefinition/openimis-claim-response"/></reference><name value="openIMIS Claim Response"/><description value="Defines a ClaimResponse for openIMIS which maps to a Claim. The ClaimResponse resource contains the adjudication result of a Claim."/><exampleBoolean value="false"/><groupingId value="-str-profile"/></resource><resource><extension url="http://hl7.org/fhir/StructureDefinition/implementationguide-page"><valueUri value="StructureDefinition-openimis-communication-request.html"/></extension><reference><reference value="StructureDefinition/openimis-communication-request"/></reference><name value="openIMIS CommunicationRequest"/><description value="Defines a CommunicationRequest for openIMIS which maps to the Claim Feedback in openIMIS."/><exampleBoolean value="false"/><groupingId value="-str-profile"/></resource><resource><extension url="http://hl7.org/fhir/StructureDefinition/implementationguide-page"><valueUri value="StructureDefinition-openimis-contract.html"/></extension><reference><reference value="StructureDefinition/openimis-contract"/></reference><name value="openIMIS Contract"/><description value="Defines a Contract for openIMIS use to enrol a Family/Group. Mapped mostly to Policy and will link Group/Family and Patient/Insurees. "/><exampleBoolean value="false"/><groupingId value="-str-profile"/></resource><resource><extension url="http://hl7.org/fhir/StructureDefinition/implementationguide-page"><valueUri value="StructureDefinition-openimis-coverage.html"/></extension><reference><reference value="StructureDefinition/openimis-coverage"/></reference><name value="openIMIS Coverage"/><description value="Defines a Coverage for openIMIS which maps to a Policy."/><exampleBoolean value="false"/><groupingId value="-str-profile"/></resource><resource><extension url="http://hl7.org/fhir/StructureDefinition/implementationguide-page"><valueUri value="StructureDefinition-openimis-coverage-eligibility-request.html"/></extension><reference><reference value="StructureDefinition/openimis-coverage-eligibility-request"/></reference><name value="openIMIS CoverageEligibilityRequest"/><description value="Defines a CoverageEligibilityRequest for openIMIS to enquire an Insuree."/><exampleBoolean value="false"/><groupingId value="-str-profile"/></resource><resource><extension url="http://hl7.org/fhir/StructureDefinition/implementationguide-page"><valueUri value="StructureDefinition-openimis-enrolment-officer-practitioner.html"/></extension><reference><reference value="StructureDefinition/openimis-enrolment-officer-practitioner"/></reference><name value="openIMIS Enrolment Officer Practitioner"/><description value="Defines a Practitioner for openIMIS which maps to an Enrolment Officer."/><exampleBoolean value="false"/><groupingId value="-str-profile"/></resource><resource><extension url="http://hl7.org/fhir/StructureDefinition/implementationguide-page"><valueUri value="StructureDefinition-openimis-enrolment-officer-practitioner-role.html"/></extension><reference><reference value="StructureDefinition/openimis-enrolment-officer-practitioner-role"/></reference><name value="openIMIS Enrolment Officer Practitioner Role"/><description value="Defines a Enrolment Officer Practitioner Role for openIMIS."/><exampleBoolean value="false"/><groupingId value="-str-profile"/></resource><resource><extension url="http://hl7.org/fhir/StructureDefinition/implementationguide-page"><valueUri value="StructureDefinition-openimis-group.html"/></extension><reference><reference value="StructureDefinition/openimis-group"/></reference><name value="openIMIS Group"/><description value="Defines a Group for openIMIS which maps to an Family"/><exampleBoolean value="false"/><groupingId value="-str-profile"/></resource><resource><extension url="http://hl7.org/fhir/StructureDefinition/implementationguide-page"><valueUri value="StructureDefinition-openimis-health-facility-organization.html"/></extension><reference><reference value="StructureDefinition/openimis-health-facility-organization"/></reference><name value="openIMIS Health Facility Organization"/><description value="Defines an Organization for openIMIS which maps to a Health Facility"/><exampleBoolean value="false"/><groupingId value="-str-profile"/></resource><resource><extension url="http://hl7.org/fhir/StructureDefinition/implementationguide-page"><valueUri value="StructureDefinition-openimis-insurance-plan.html"/></extension><reference><reference value="StructureDefinition/openimis-insurance-plan"/></reference><name value="openIMIS Insurance Plan"/><description value="Defines an Insurance Plan for openIMIS which maps to a Product."/><exampleBoolean value="false"/><groupingId value="-str-profile"/></resource><resource><extension url="http://hl7.org/fhir/StructureDefinition/implementationguide-page"><valueUri value="StructureDefinition-openimis-location.html"/></extension><reference><reference value="StructureDefinition/openimis-location"/></reference><name value="openIMIS Location"/><description value="Defines a Location for openIMIS which maps to a Location"/><exampleBoolean value="false"/><groupingId value="-str-profile"/></resource><resource><extension url="http://hl7.org/fhir/StructureDefinition/implementationguide-page"><valueUri value="StructureDefinition-openimis-medication.html"/></extension><reference><reference value="StructureDefinition/openimis-medication"/></reference><name value="openIMIS Medication"/><description value="Defines a Medication for openIMIS which maps to a Medical Item."/><exampleBoolean value="false"/><groupingId value="-str-profile"/></resource><resource><extension url="http://hl7.org/fhir/StructureDefinition/implementationguide-page"><valueUri value="StructureDefinition-openimis-patient.html"/></extension><reference><reference value="StructureDefinition/openimis-patient"/></reference><name value="openIMIS Patient"/><description value="Defines a Patient for openIMIS which maps to an Insuree"/><exampleBoolean value="false"/><groupingId value="-str-profile"/></resource><resource><extension url="http://hl7.org/fhir/StructureDefinition/implementationguide-page"><valueUri value="StructureDefinition-openimis-policy-holder-organization.html"/></extension><reference><reference value="StructureDefinition/openimis-policy-holder-organization"/></reference><name value="openIMIS Policy Holder Organization"/><description value="Defines an Organization for openIMIS which maps to a Policy Holder under Formal Sector scheme."/><exampleBoolean value="false"/><groupingId value="-str-profile"/></resource><resource><extension url="http://hl7.org/fhir/StructureDefinition/implementationguide-page"><valueUri value="StructureDefinition-address-location-reference.html"/></extension><reference><reference value="StructureDefinition/address-location-reference"/></reference><name value="Location Reference (Address)"/><description value="The reference to address&#39; location for City/Village level."/><exampleBoolean value="false"/><groupingId value="-str-extension"/></resource><resource><extension url="http://hl7.org/fhir/StructureDefinition/implementationguide-page"><valueUri value="StructureDefinition-address-municipality.html"/></extension><reference><reference value="StructureDefinition/address-municipality"/></reference><name value="Municipality (Address)"/><description value="The location level between District and City/Village."/><exampleBoolean value="false"/><groupingId value="-str-extension"/></resource><resource><extension url="http://hl7.org/fhir/StructureDefinition/implementationguide-page"><valueUri value="StructureDefinition-claim-item-reference.html"/></extension><reference><reference value="StructureDefinition/claim-item-reference"/></reference><name value="Item Reference (Claim)"/><description value="The reference to the Medication or ActivityDefinition for an item within a Claim."/><exampleBoolean value="false"/><groupingId value="-str-extension"/></resource><resource><extension url="http://hl7.org/fhir/StructureDefinition/implementationguide-page"><valueUri value="StructureDefinition-contract-premium.html"/></extension><reference><reference value="StructureDefinition/contract-premium"/></reference><name value="Premium (Contract)"/><description value="Indicates a premium for a Contract. This is a complex extension. "/><exampleBoolean value="false"/><groupingId value="-str-extension"/></resource><resource><extension url="http://hl7.org/fhir/StructureDefinition/implementationguide-page"><valueUri value="StructureDefinition-coverage-policy-status.html"/></extension><reference><reference value="StructureDefinition/coverage-policy-status"/></reference><name value="Policy Status (Coverage)"/><description value="Indicates the policy status for a Coverage."/><exampleBoolean value="false"/><groupingId value="-str-extension"/></resource><resource><extension url="http://hl7.org/fhir/StructureDefinition/implementationguide-page"><valueUri value="StructureDefinition-coverage-date.html"/></extension><reference><reference value="StructureDefinition/coverage-date"/></reference><name value="Date (Coverage)"/><description value="Indicates a date for a Coverage. "/><exampleBoolean value="false"/><groupingId value="-str-extension"/></resource><resource><extension url="http://hl7.org/fhir/StructureDefinition/implementationguide-page"><valueUri value="StructureDefinition-group-address.html"/></extension><reference><reference value="StructureDefinition/group-address"/></reference><name value="Poverty Status (Group)"/><description value="Whether the Group has the poverty status."/><exampleBoolean value="false"/><groupingId value="-str-extension"/></resource><resource><extension url="http://hl7.org/fhir/StructureDefinition/implementationguide-page"><valueUri value="StructureDefinition-group-confirmation.html"/></extension><reference><reference value="StructureDefinition/group-confirmation"/></reference><name value="Confirmation (Group)"/><description value="Indicates the confirmation for the Group."/><exampleBoolean value="false"/><groupingId value="-str-extension"/></resource><resource><extension url="http://hl7.org/fhir/StructureDefinition/implementationguide-page"><valueUri value="StructureDefinition-group-poverty-status.html"/></extension><reference><reference value="StructureDefinition/group-poverty-status"/></reference><name value="Poverty Status (Group)"/><description value="Whether the Group has the poverty status."/><exampleBoolean value="false"/><groupingId value="-str-extension"/></resource><resource><extension url="http://hl7.org/fhir/StructureDefinition/implementationguide-page"><valueUri value="StructureDefinition-group-type.html"/></extension><reference><reference value="StructureDefinition/group-type"/></reference><name value="Group Type (Group)"/><description value="Indicates the type of the Group. Values defined by openIMIS. Can be extended."/><exampleBoolean value="false"/><groupingId value="-str-extension"/></resource><resource><extension url="http://hl7.org/fhir/StructureDefinition/implementationguide-page"><valueUri value="StructureDefinition-insurance-plan-conversion.html"/></extension><reference><reference value="StructureDefinition/insurance-plan-conversion"/></reference><name value="Conversion Product (InsurancePlan)"/><description value="Reference to the product which replaces the current product in case of renewal after the period end."/><exampleBoolean value="false"/><groupingId value="-str-extension"/></resource><resource><extension url="http://hl7.org/fhir/StructureDefinition/implementationguide-page"><valueUri value="StructureDefinition-insurance-plan-discount.html"/></extension><reference><reference value="StructureDefinition/insurance-plan-discount"/></reference><name value="Discount (InsurancePlan)"/><description value="Defines the discount to be applied for enrolment and renewal in InsurancePlan."/><exampleBoolean value="false"/><groupingId value="-str-extension"/></resource><resource><extension url="http://hl7.org/fhir/StructureDefinition/implementationguide-page"><valueUri value="StructureDefinition-insurance-plan-max-installments.html"/></extension><reference><reference value="StructureDefinition/insurance-plan-max-installments"/></reference><name value="Max Installments (InsurancePlan)"/><description value="Maximal number of instalments in which contributions for a policy may be paid."/><exampleBoolean value="false"/><groupingId value="-str-extension"/></resource><resource><extension url="http://hl7.org/fhir/StructureDefinition/implementationguide-page"><valueUri value="StructureDefinition-insurance-plan-period.html"/></extension><reference><reference value="StructureDefinition/insurance-plan-period"/></reference><name value="Period (InsurancePlan)"/><description value="Defines the number of months a certain period is valid in InsurancePlan."/><exampleBoolean value="false"/><groupingId value="-str-extension"/></resource><resource><extension url="http://hl7.org/fhir/StructureDefinition/implementationguide-page"><valueUri value="StructureDefinition-insurance-plan-start-cycle.html"/></extension><reference><reference value="StructureDefinition/insurance-plan-start-cycle"/></reference><name value="Cycle Start (InsurancePlan)"/><description value="Defines the starting date for a new cycle in InsurancePlan."/><exampleBoolean value="false"/><groupingId value="-str-extension"/></resource><resource><extension url="http://hl7.org/fhir/StructureDefinition/implementationguide-page"><valueUri value="StructureDefinition-medication-frequency.html"/></extension><reference><reference value="StructureDefinition/medication-frequency"/></reference><name value="Frequency (Medication)"/><description value="The frequency a Medication can be prescribed."/><exampleBoolean value="false"/><groupingId value="-str-extension"/></resource><resource><extension url="http://hl7.org/fhir/StructureDefinition/implementationguide-page"><valueUri value="StructureDefinition-medication-type.html"/></extension><reference><reference value="StructureDefinition/medication-type"/></reference><name value="Medication Type (Medication)"/><description value="Indicates the Item type for the Medication."/><exampleBoolean value="false"/><groupingId value="-str-extension"/></resource><resource><extension url="http://hl7.org/fhir/StructureDefinition/implementationguide-page"><valueUri value="StructureDefinition-medication-usage-context.html"/></extension><reference><reference value="StructureDefinition/medication-usage-context"/></reference><name value="UsageContext (Medication)"/><description value="The Context a Medication can be prescribed."/><exampleBoolean value="false"/><groupingId value="-str-extension"/></resource><resource><extension url="http://hl7.org/fhir/StructureDefinition/implementationguide-page"><valueUri value="StructureDefinition-organization-hf-level.html"/></extension><reference><reference value="StructureDefinition/organization-hf-level"/></reference><name value="Health Facility Level (Organization)"/><description value="Indicates the level of the Health Facility (Organization)."/><exampleBoolean value="false"/><groupingId value="-str-extension"/></resource><resource><extension url="http://hl7.org/fhir/StructureDefinition/implementationguide-page"><valueUri value="StructureDefinition-organization-legal-form.html"/></extension><reference><reference value="StructureDefinition/organization-legal-form"/></reference><name value="Legal Forms (Organization)"/><description value="Indicates the legal forms of the Organization. "/><exampleBoolean value="false"/><groupingId value="-str-extension"/></resource><resource><extension url="http://hl7.org/fhir/StructureDefinition/implementationguide-page"><valueUri value="StructureDefinition-patient-card-issued.html"/></extension><reference><reference value="StructureDefinition/patient-card-issued"/></reference><name value="Card Issued (Patient)"/><description value="Whether a card was issued to the Patient/Insuree during enrolment."/><exampleBoolean value="false"/><groupingId value="-str-extension"/></resource><resource><extension url="http://hl7.org/fhir/StructureDefinition/implementationguide-page"><valueUri value="StructureDefinition-patient-education-level.html"/></extension><reference><reference value="StructureDefinition/patient-education-level"/></reference><name value="Education Level (Patient)"/><description value="Specifies the Patient/Insuree&#39;s education level"/><exampleBoolean value="false"/><groupingId value="-str-extension"/></resource><resource><extension url="http://hl7.org/fhir/StructureDefinition/implementationguide-page"><valueUri value="StructureDefinition-patient-group-reference.html"/></extension><reference><reference value="StructureDefinition/patient-group-reference"/></reference><name value="Group Reference (Patient)"/><description value="The reference to the Group/Family the Patient/Insuree is part of."/><exampleBoolean value="false"/><groupingId value="-str-extension"/></resource><resource><extension url="http://hl7.org/fhir/StructureDefinition/implementationguide-page"><valueUri value="StructureDefinition-patient-identification.html"/></extension><reference><reference value="StructureDefinition/patient-identification"/></reference><name value="Identification (Patient)"/><description value="Specifies the Patient/Insuree official identification and the type of identification document."/><exampleBoolean value="false"/><groupingId value="-str-extension"/></resource><resource><extension url="http://hl7.org/fhir/StructureDefinition/implementationguide-page"><valueUri value="StructureDefinition-patient-is-head.html"/></extension><reference><reference value="StructureDefinition/patient-is-head"/></reference><name value="IsHead (Patient)"/><description value="Whether the Patient/Insuree is the Head of the Family."/><exampleBoolean value="false"/><groupingId value="-str-extension"/></resource><resource><extension url="http://hl7.org/fhir/StructureDefinition/implementationguide-page"><valueUri value="StructureDefinition-patient-profession.html"/></extension><reference><reference value="StructureDefinition/patient-profession"/></reference><name value="Profession (Patient)"/><description value="Specifies the Patient/Insuree&#39;s profession"/><exampleBoolean value="false"/><groupingId value="-str-extension"/></resource><resource><extension url="http://hl7.org/fhir/StructureDefinition/implementationguide-page"><valueUri value="StructureDefinition-patient-vulnerability-status.html"/></extension><reference><reference value="StructureDefinition/patient-vulnerability-status"/></reference><name value="Vulnerability Status (Patient)"/><description value="Whether the Patient/Insuree has the vulnerability status."/><exampleBoolean value="false"/><groupingId value="-str-extension"/></resource><resource><extension url="http://hl7.org/fhir/StructureDefinition/implementationguide-page"><valueUri value="StructureDefinition-practitioner-role-substitution-reference.html"/></extension><reference><reference value="StructureDefinition/practitioner-role-substitution-reference"/></reference><name value="Substitution Reference (PractitionerRole)"/><description value="The reference to the Enrolment Officer that will substitute the current one after the period end."/><exampleBoolean value="false"/><groupingId value="-str-extension"/></resource><resource><extension url="http://hl7.org/fhir/StructureDefinition/implementationguide-page"><valueUri value="StructureDefinition-unit-price.html"/></extension><reference><reference value="StructureDefinition/unit-price"/></reference><name value="Unit Price (Medication|ActivityDefinition)"/><description value="The unit price for a Medication or ActivityDefinition."/><exampleBoolean value="false"/><groupingId value="-str-extension"/></resource><resource><extension url="http://hl7.org/fhir/StructureDefinition/implementationguide-page"><valueUri value="ValueSet-activity-definition-service-type.html"/></extension><reference><reference value="ValueSet/activity-definition-service-type"/></reference><name value="Service Type (ActivityDefinition)"/><description value="Indicates the Service Type for an ActivityDefinition. Values defined by openIMIS. Can not be extended."/><exampleBoolean value="false"/><groupingId value="-term-valueset"/></resource><resource><extension url="http://hl7.org/fhir/StructureDefinition/implementationguide-page"><valueUri value="ValueSet-activity-definition-usage-context-type.html"/></extension><reference><reference value="ValueSet/activity-definition-usage-context-type"/></reference><name value="Usage Context Type (ActivityDefinition)"/><description value="Indicates the Usage Context Type for an ActivityDefinition."/><exampleBoolean value="false"/><groupingId value="-term-valueset"/></resource><resource><extension url="http://hl7.org/fhir/StructureDefinition/implementationguide-page"><valueUri value="ValueSet-activity-definition-usage-context-venue-type.html"/></extension><reference><reference value="ValueSet/activity-definition-usage-context-venue-type"/></reference><name value="Usage Context for Venue Type (ActivityDefinition)"/><description value="Indicates the Usage Context for Venue Type for an ActivityDefinition."/><exampleBoolean value="false"/><groupingId value="-term-valueset"/></resource><resource><extension url="http://hl7.org/fhir/StructureDefinition/implementationguide-page"><valueUri value="ValueSet-activity-definition-usage-context-workflow-type.html"/></extension><reference><reference value="ValueSet/activity-definition-usage-context-workflow-type"/></reference><name value="Usage Context for Workflow Type (ActivityDefinition)"/><description value="Indicates the Usage Context for Workflow Type for an ActivityDefinition. Values defined by openIMIS. Can not be extended."/><exampleBoolean value="false"/><groupingId value="-term-valueset"/></resource><resource><extension url="http://hl7.org/fhir/StructureDefinition/implementationguide-page"><valueUri value="ValueSet-claim-item-category.html"/></extension><reference><reference value="ValueSet/claim-item-category"/></reference><name value="Category of the item (Claim)"/><description value="Indicates the category for the item under a Claim. Values defined by openIMIS. Can not be extended."/><exampleBoolean value="false"/><groupingId value="-term-valueset"/></resource><resource><extension url="http://hl7.org/fhir/StructureDefinition/implementationguide-page"><valueUri value="ValueSet-claim-rejection-reasons.html"/></extension><reference><reference value="ValueSet/claim-rejection-reasons"/></reference><name value="Rejection reasons (Claim)"/><description value="Indicates the rejection reason of an item from a Claim. &#xA;Values limited by openIMIS."/><exampleBoolean value="false"/><groupingId value="-term-valueset"/></resource><resource><extension url="http://hl7.org/fhir/StructureDefinition/implementationguide-page"><valueUri value="ValueSet-claim-status.html"/></extension><reference><reference value="ValueSet/claim-status"/></reference><name value="Status of the claim (Claim|ClaimResponse)"/><description value="Indicates the status of the Claim. Values defined by openIMIS. Can not be extended."/><exampleBoolean value="false"/><groupingId value="-term-valueset"/></resource><resource><extension url="http://hl7.org/fhir/StructureDefinition/implementationguide-page"><valueUri value="ValueSet-claim-supporting-info-category.html"/></extension><reference><reference value="ValueSet/claim-supporting-info-category"/></reference><name value="Category of the supporting info (Claim)"/><description value="Indicates the category for the supportiong info under a Claim. Values defined by openIMIS. Can not be extended."/><exampleBoolean value="false"/><groupingId value="-term-valueset"/></resource><resource><extension url="http://hl7.org/fhir/StructureDefinition/implementationguide-page"><valueUri value="ValueSet-claim-visit-type.html"/></extension><reference><reference value="ValueSet/claim-visit-type"/></reference><name value="Visit Type Codes (Claim)"/><description value="Indicates the visit type of the Claim. &#xA;Values limited by openIMIS."/><exampleBoolean value="false"/><groupingId value="-term-valueset"/></resource><resource><extension url="http://hl7.org/fhir/StructureDefinition/implementationguide-page"><valueUri value="ValueSet-contract-premium-category.html"/></extension><reference><reference value="ValueSet/contract-premium-category"/></reference><name value="Premium Category (Contract)"/><description value="Indicates the category of the premium for the Contract. Cannot be extended."/><exampleBoolean value="false"/><groupingId value="-term-valueset"/></resource><resource><extension url="http://hl7.org/fhir/StructureDefinition/implementationguide-page"><valueUri value="ValueSet-contract-premium-payer.html"/></extension><reference><reference value="ValueSet/contract-premium-payer"/></reference><name value="Premium Payer (Contract)"/><description value="Indicates the payer of the premium for the Contract. Can be extended in openIMIS. Need to match openIMIS database payer list."/><exampleBoolean value="false"/><groupingId value="-term-valueset"/></resource><resource><extension url="http://hl7.org/fhir/StructureDefinition/implementationguide-page"><valueUri value="ValueSet-contract-premium-type.html"/></extension><reference><reference value="ValueSet/contract-premium-type"/></reference><name value="Premium Type (Contract)"/><description value="Indicates the type of the premium for the Contract. Cannot be extended."/><exampleBoolean value="false"/><groupingId value="-term-valueset"/></resource><resource><extension url="http://hl7.org/fhir/StructureDefinition/implementationguide-page"><valueUri value="ValueSet-contract-resource-party-role.html"/></extension><reference><reference value="ValueSet/contract-resource-party-role"/></reference><name value="Resource Party Role (Contract)"/><description value="Indicates the participant engagement type for the Contract term."/><exampleBoolean value="false"/><groupingId value="-term-valueset"/></resource><resource><extension url="http://hl7.org/fhir/StructureDefinition/implementationguide-page"><valueUri value="ValueSet-contract-scope.html"/></extension><reference><reference value="ValueSet/contract-scope"/></reference><name value="Scope (Contract)"/><description value="Indicates the scope for the Contract. Values defined by openIMIS. Cannot be extended."/><exampleBoolean value="false"/><groupingId value="-term-valueset"/></resource><resource><extension url="http://hl7.org/fhir/StructureDefinition/implementationguide-page"><valueUri value="ValueSet-contract-status-codes.html"/></extension><reference><reference value="ValueSet/contract-status-codes"/></reference><name value="Status Codes (Contract)"/><description value="Indicates the status of the Contract. Values limited by openIMIS."/><exampleBoolean value="false"/><groupingId value="-term-valueset"/></resource><resource><extension url="http://hl7.org/fhir/StructureDefinition/implementationguide-page"><valueUri value="ValueSet-coverage-status.html"/></extension><reference><reference value="ValueSet/coverage-status"/></reference><name value="Usage Context Type (ActivityDefinition)"/><description value="Indicates the Usage Context Type for an ActivityDefinition."/><exampleBoolean value="false"/><groupingId value="-term-valueset"/></resource><resource><extension url="http://hl7.org/fhir/StructureDefinition/implementationguide-page"><valueUri value="ValueSet-diagnosis-ICD10-level1.html"/></extension><reference><reference value="ValueSet/diagnosis-ICD10-level1"/></reference><name value="ICD 10 Level 1 diagnosis"/><description value="Example of diagnosis to be used with Claim resource. The actual list is configured in openIMIS."/><exampleBoolean value="false"/><groupingId value="-term-valueset"/></resource><resource><extension url="http://hl7.org/fhir/StructureDefinition/implementationguide-page"><valueUri value="ValueSet-group-confirmation-type.html"/></extension><reference><reference value="ValueSet/group-confirmation-type"/></reference><name value="Confirmation Types (Group)"/><description value="Indicates the confirmation type for the Group. Values defined by openIMIS. Can be extended."/><exampleBoolean value="false"/><groupingId value="-term-valueset"/></resource><resource><extension url="http://hl7.org/fhir/StructureDefinition/implementationguide-page"><valueUri value="ValueSet-group-types.html"/></extension><reference><reference value="ValueSet/group-types"/></reference><name value="Group Types (Group)"/><description value="Indicates the type of the Group. Values defined by openIMIS. Can be extended."/><exampleBoolean value="false"/><groupingId value="-term-valueset"/></resource><resource><extension url="http://hl7.org/fhir/StructureDefinition/implementationguide-page"><valueUri value="ValueSet-insurance-plan-coverage-benefit-limit.html"/></extension><reference><reference value="ValueSet/insurance-plan-coverage-benefit-limit"/></reference><name value="Coverage Benefit Limit Types (InsurancePlan)"/><description value="Indicates the Coverage Benefit Limit Types for an InsurancePlan. Values defined by openIMIS. Can not be extended."/><exampleBoolean value="false"/><groupingId value="-term-valueset"/></resource><resource><extension url="http://hl7.org/fhir/StructureDefinition/implementationguide-page"><valueUri value="ValueSet-insurance-plan-coverage-type.html"/></extension><reference><reference value="ValueSet/insurance-plan-coverage-type"/></reference><name value="Coverage Type (InsurancePlan)"/><description value="Indicates the Coverage Type for an InsurancePlan."/><exampleBoolean value="false"/><groupingId value="-term-valueset"/></resource><resource><extension url="http://hl7.org/fhir/StructureDefinition/implementationguide-page"><valueUri value="ValueSet-insurance-plan-general-cost-type.html"/></extension><reference><reference value="ValueSet/insurance-plan-general-cost-type"/></reference><name value="General Cost Type (InsurancePlan)"/><description value="Indicates the General Cost Type for an InsurancePlan. Values defined by openIMIS. Can not be extended."/><exampleBoolean value="false"/><groupingId value="-term-valueset"/></resource><resource><extension url="http://hl7.org/fhir/StructureDefinition/implementationguide-page"><valueUri value="ValueSet-insurance-plan-publication-status.html"/></extension><reference><reference value="ValueSet/insurance-plan-publication-status"/></reference><name value="Publication Status (InsurancePlan)"/><description value="Indicates the Publication Status for an InsurancePlan."/><exampleBoolean value="false"/><groupingId value="-term-valueset"/></resource><resource><extension url="http://hl7.org/fhir/StructureDefinition/implementationguide-page"><valueUri value="ValueSet-location-type.html"/></extension><reference><reference value="ValueSet/location-type"/></reference><name value="Location Type (Location)"/><description value="Indicates the location type. Values defined by openIMIS. Cannot be extended."/><exampleBoolean value="false"/><groupingId value="-term-valueset"/></resource><resource><extension url="http://hl7.org/fhir/StructureDefinition/implementationguide-page"><valueUri value="ValueSet-medication-item-type.html"/></extension><reference><reference value="ValueSet/medication-item-type"/></reference><name value="Item Type (Medication)"/><description value="Indicates the Medical Item Type for an Medication. Values defined by openIMIS. Can not be extended."/><exampleBoolean value="false"/><groupingId value="-term-valueset"/></resource><resource><extension url="http://hl7.org/fhir/StructureDefinition/implementationguide-page"><valueUri value="ValueSet-openimis-identifiers.html"/></extension><reference><reference value="ValueSet/openimis-identifiers"/></reference><name value="openIMIS Identifiers Value Set"/><description value="Indicates the Identifier type"/><exampleBoolean value="false"/><groupingId value="-term-valueset"/></resource><resource><extension url="http://hl7.org/fhir/StructureDefinition/implementationguide-page"><valueUri value="ValueSet-organization-hf-level.html"/></extension><reference><reference value="ValueSet/organization-hf-level"/></reference><name value="Health Facility Level (Organization)"/><description value="Indicates the level of the Health Facility (Organization). Values defined by openIMIS. Cannot be extended."/><exampleBoolean value="false"/><groupingId value="-term-valueset"/></resource><resource><extension url="http://hl7.org/fhir/StructureDefinition/implementationguide-page"><valueUri value="ValueSet-organization-legal-form.html"/></extension><reference><reference value="ValueSet/organization-legal-form"/></reference><name value="Legal Forms (Organization)"/><description value="Indicates the legal forms of the Organization. Values defined by openIMIS. Can be extended."/><exampleBoolean value="false"/><groupingId value="-term-valueset"/></resource><resource><extension url="http://hl7.org/fhir/StructureDefinition/implementationguide-page"><valueUri value="ValueSet-patient-contact-relationship.html"/></extension><reference><reference value="ValueSet/patient-contact-relationship"/></reference><name value="Contact Relationship (Patient)"/><description value="Indicates the Relationship of a Patient with the Head of the Family."/><exampleBoolean value="false"/><groupingId value="-term-valueset"/></resource><resource><extension url="http://hl7.org/fhir/StructureDefinition/implementationguide-page"><valueUri value="ValueSet-patient-education-level.html"/></extension><reference><reference value="ValueSet/patient-education-level"/></reference><name value="Education Level (Patient)"/><description value="Indicates the Education level of a Patient"/><exampleBoolean value="false"/><groupingId value="-term-valueset"/></resource><resource><extension url="http://hl7.org/fhir/StructureDefinition/implementationguide-page"><valueUri value="ValueSet-patient-identification-types.html"/></extension><reference><reference value="ValueSet/patient-identification-types"/></reference><name value="Identification Types (Patient)"/><description value="Indicates the type of document the Patient used to identify himself."/><exampleBoolean value="false"/><groupingId value="-term-valueset"/></resource><resource><extension url="http://hl7.org/fhir/StructureDefinition/implementationguide-page"><valueUri value="ValueSet-patient-marital-status.html"/></extension><reference><reference value="ValueSet/patient-marital-status"/></reference><name value="Marital Status (Patient)"/><description value="Indicates the Marital status of a Patient"/><exampleBoolean value="false"/><groupingId value="-term-valueset"/></resource><resource><extension url="http://hl7.org/fhir/StructureDefinition/implementationguide-page"><valueUri value="ValueSet-patient-profession.html"/></extension><reference><reference value="ValueSet/patient-profession"/></reference><name value="Patient Profession Value Set"/><description value="Indicates the profession of a Patient"/><exampleBoolean value="false"/><groupingId value="-term-valueset"/></resource><resource><extension url="http://hl7.org/fhir/StructureDefinition/implementationguide-page"><valueUri value="ValueSet-practitioner-qualification-type.html"/></extension><reference><reference value="ValueSet/practitioner-qualification-type"/></reference><name value="Practitioner Qualification Type"/><description value="Indicates the Qualification Type of a Practitioner."/><exampleBoolean value="false"/><groupingId value="-term-valueset"/></resource><resource><extension url="http://hl7.org/fhir/StructureDefinition/implementationguide-page"><valueUri value="ValueSet-usage-context-age-type.html"/></extension><reference><reference value="ValueSet/usage-context-age-type"/></reference><name value="Usage Context for Age Type (ActivityDefinition|Medication)"/><description value="Indicates the Usage Context for Age Type for an ActivityDefinition or Medication."/><exampleBoolean value="false"/><groupingId value="-term-valueset"/></resource><resource><extension url="http://hl7.org/fhir/StructureDefinition/implementationguide-page"><valueUri value="ValueSet-usage-context-gender-type.html"/></extension><reference><reference value="ValueSet/usage-context-gender-type"/></reference><name value="Usage Context for Gender Type (ActivityDefinition|Medication)"/><description value="Indicates the Usage Context for Gender Type for an ActivityDefinition or Medication."/><exampleBoolean value="false"/><groupingId value="-term-valueset"/></resource><resource><extension url="http://hl7.org/fhir/StructureDefinition/implementationguide-page"><valueUri value="CodeSystem-activity-definition-service-type.html"/></extension><reference><reference value="CodeSystem/activity-definition-service-type"/></reference><name value="Service Type (ActivityDefinition)"/><description value="Indicates the Service Type for an ActivityDefinition. Values defined by openIMIS. Can not be extended."/><exampleBoolean value="false"/><groupingId value="-term-codesystem"/></resource><resource><extension url="http://hl7.org/fhir/StructureDefinition/implementationguide-page"><valueUri value="CodeSystem-activity-definition-usage-context-workflow-type.html"/></extension><reference><reference value="CodeSystem/activity-definition-usage-context-workflow-type"/></reference><name value="Usage Context for Workflow Type (ActivityDefinition)"/><description value="Indicates the Usage Context for Workflow Type for an ActivityDefinition. Values defined by openIMIS. Can not be extended."/><exampleBoolean value="false"/><groupingId value="-term-codesystem"/></resource><resource><extension url="http://hl7.org/fhir/StructureDefinition/implementationguide-page"><valueUri value="CodeSystem-claim-item-category.html"/></extension><reference><reference value="CodeSystem/claim-item-category"/></reference><name value="Category of the item (Claim)"/><description value="Indicates the category for the item under a Claim. Values defined by openIMIS. Can not be extended."/><exampleBoolean value="false"/><groupingId value="-term-codesystem"/></resource><resource><extension url="http://hl7.org/fhir/StructureDefinition/implementationguide-page"><valueUri value="CodeSystem-claim-rejection-reasons.html"/></extension><reference><reference value="CodeSystem/claim-rejection-reasons"/></reference><name value="Rejection Reasons (Claim)"/><description value="Indicates the rejection reason of an item from a Claim. &#xA;Values limited by openIMIS."/><exampleBoolean value="false"/><groupingId value="-term-codesystem"/></resource><resource><extension url="http://hl7.org/fhir/StructureDefinition/implementationguide-page"><valueUri value="CodeSystem-claim-status.html"/></extension><reference><reference value="CodeSystem/claim-status"/></reference><name value="Status of the claim (Claim|ClaimResponse)"/><description value="Indicates the status of the Claim. Values defined by openIMIS. Can not be extended."/><exampleBoolean value="false"/><groupingId value="-term-codesystem"/></resource><resource><extension url="http://hl7.org/fhir/StructureDefinition/implementationguide-page"><valueUri value="CodeSystem-claim-supporting-info-category.html"/></extension><reference><reference value="CodeSystem/claim-supporting-info-category"/></reference><name value="Category of the supporting info (Claim)"/><description value="Indicates the category for the supportiong info under a Claim. Values defined by openIMIS. Can not be extended."/><exampleBoolean value="false"/><groupingId value="-term-codesystem"/></resource><resource><extension url="http://hl7.org/fhir/StructureDefinition/implementationguide-page"><valueUri value="CodeSystem-claim-visit-type.html"/></extension><reference><reference value="CodeSystem/claim-visit-type"/></reference><name value="Visit Type (Claim)"/><description value="Indicates the visit type of the Claim. &#xA;Values limited by openIMIS."/><exampleBoolean value="false"/><groupingId value="-term-codesystem"/></resource><resource><extension url="http://hl7.org/fhir/StructureDefinition/implementationguide-page"><valueUri value="CodeSystem-contract-premium-category.html"/></extension><reference><reference value="CodeSystem/contract-premium-category"/></reference><name value="Premium Category (Contract)"/><description value="Indicates the category of the premium for the Contract. Cannot be extended."/><exampleBoolean value="false"/><groupingId value="-term-codesystem"/></resource><resource><extension url="http://hl7.org/fhir/StructureDefinition/implementationguide-page"><valueUri value="CodeSystem-contract-premium-payer.html"/></extension><reference><reference value="CodeSystem/contract-premium-payer"/></reference><name value="Premium Payer (Contract)"/><description value="Indicates the payer of the premium for the Contract. Can be extended in openIMIS. Need to match openIMIS database payer list."/><exampleBoolean value="false"/><groupingId value="-term-codesystem"/></resource><resource><extension url="http://hl7.org/fhir/StructureDefinition/implementationguide-page"><valueUri value="CodeSystem-contract-premium-type.html"/></extension><reference><reference value="CodeSystem/contract-premium-type"/></reference><name value="Premium Type (Contract)"/><description value="Indicates the type of the premium for the Contract. Cannot be extended."/><exampleBoolean value="false"/><groupingId value="-term-codesystem"/></resource><resource><extension url="http://hl7.org/fhir/StructureDefinition/implementationguide-page"><valueUri value="CodeSystem-contract-resource-party-role.html"/></extension><reference><reference value="CodeSystem/contract-resource-party-role"/></reference><name value="Resource Party Role (Contract)"/><description value="Indicates the participant engagement type for the Contract term."/><exampleBoolean value="false"/><groupingId value="-term-codesystem"/></resource><resource><extension url="http://hl7.org/fhir/StructureDefinition/implementationguide-page"><valueUri value="CodeSystem-contract-scope.html"/></extension><reference><reference value="CodeSystem/contract-scope"/></reference><name value="Scope (Contract)"/><description value="Indicates the scope for the Contract. Values defined by openIMIS. Cannot be extended."/><exampleBoolean value="false"/><groupingId value="-term-codesystem"/></resource><resource><extension url="http://hl7.org/fhir/StructureDefinition/implementationguide-page"><valueUri value="CodeSystem-diagnosis-ICD10-level1.html"/></extension><reference><reference value="CodeSystem/diagnosis-ICD10-level1"/></reference><name value="ICD 10 Level 1 diagnosis"/><description value="Example of diagnosis to be used with Claim resource. The actual list is configured in openIMIS."/><exampleBoolean value="false"/><groupingId value="-term-codesystem"/></resource><resource><extension url="http://hl7.org/fhir/StructureDefinition/implementationguide-page"><valueUri value="CodeSystem-group-confirmation-type.html"/></extension><reference><reference value="CodeSystem/group-confirmation-type"/></reference><name value="Confirmation Types (Group)"/><description value="Indicates the confirmation type for the Group. Values defined by openIMIS. Can be extended."/><exampleBoolean value="false"/><groupingId value="-term-codesystem"/></resource><resource><extension url="http://hl7.org/fhir/StructureDefinition/implementationguide-page"><valueUri value="CodeSystem-group-types.html"/></extension><reference><reference value="CodeSystem/group-types"/></reference><name value="Group Types (Group)"/><description value="Indicates the type of the Group. Values defined by openIMIS. Can be extended."/><exampleBoolean value="false"/><groupingId value="-term-codesystem"/></resource><resource><extension url="http://hl7.org/fhir/StructureDefinition/implementationguide-page"><valueUri value="CodeSystem-insurance-plan-coverage-benefit-limit.html"/></extension><reference><reference value="CodeSystem/insurance-plan-coverage-benefit-limit"/></reference><name value="Coverage Benefit Limit Types (InsurancePlan)"/><description value="Indicates the Coverage Benefit Limit Types for an InsurancePlan. Values defined by openIMIS. Can not be extended."/><exampleBoolean value="false"/><groupingId value="-term-codesystem"/></resource><resource><extension url="http://hl7.org/fhir/StructureDefinition/implementationguide-page"><valueUri value="CodeSystem-insurance-plan-general-cost-type.html"/></extension><reference><reference value="CodeSystem/insurance-plan-general-cost-type"/></reference><name value="General Cost Type (InsurancePlan)"/><description value="Indicates the General Cost Type for an InsurancePlan. Values defined by openIMIS. Can not be extended."/><exampleBoolean value="false"/><groupingId value="-term-codesystem"/></resource><resource><extension url="http://hl7.org/fhir/StructureDefinition/implementationguide-page"><valueUri value="CodeSystem-location-type.html"/></extension><reference><reference value="CodeSystem/location-type"/></reference><name value="Location Type (Location)"/><description value="Indicates the location type. Values defined by openIMIS. Cannot be extended."/><exampleBoolean value="false"/><groupingId value="-term-codesystem"/></resource><resource><extension url="http://hl7.org/fhir/StructureDefinition/implementationguide-page"><valueUri value="CodeSystem-medication-item-type.html"/></extension><reference><reference value="CodeSystem/medication-item-type"/></reference><name value="Item Type (Medication)"/><description value="Indicates the Medical Item Type for an Medication. Values defined by openIMIS. Can not be extended."/><exampleBoolean value="false"/><groupingId value="-term-codesystem"/></resource><resource><extension url="http://hl7.org/fhir/StructureDefinition/implementationguide-page"><valueUri value="CodeSystem-openimis-identifiers.html"/></extension><reference><reference value="CodeSystem/openimis-identifiers"/></reference><name value="openIMIS Identifiers code system"/><description value="Identifiers that are specific to openIMIS and could not be found in standard sources."/><exampleBoolean value="false"/><groupingId value="-term-codesystem"/></resource><resource><extension url="http://hl7.org/fhir/StructureDefinition/implementationguide-page"><valueUri value="CodeSystem-organization-hf-level.html"/></extension><reference><reference value="CodeSystem/organization-hf-level"/></reference><name value="Health Facility Level (Organization)"/><description value="Indicates the level of the Health Facility (Organization). Values defined by openIMIS. Cannot be extended."/><exampleBoolean value="false"/><groupingId value="-term-codesystem"/></resource><resource><extension url="http://hl7.org/fhir/StructureDefinition/implementationguide-page"><valueUri value="CodeSystem-organization-legal-form.html"/></extension><reference><reference value="CodeSystem/organization-legal-form"/></reference><name value="Legal Forms (Organization)"/><description value="Indicates the legal forms of the Organization. Values defined by openIMIS. Can be extended."/><exampleBoolean value="false"/><groupingId value="-term-codesystem"/></resource><resource><extension url="http://hl7.org/fhir/StructureDefinition/implementationguide-page"><valueUri value="CodeSystem-patient-contact-relationship.html"/></extension><reference><reference value="CodeSystem/patient-contact-relationship"/></reference><name value="Patient Contact Relationship code system"/><description value="Indicates the Relationship of a Patient with the Head of the Family. Values defined by openIMIS."/><exampleBoolean value="false"/><groupingId value="-term-codesystem"/></resource><resource><extension url="http://hl7.org/fhir/StructureDefinition/implementationguide-page"><valueUri value="CodeSystem-patient-education-level.html"/></extension><reference><reference value="CodeSystem/patient-education-level"/></reference><name value="Patient Education Level Code System"/><description value="Indicates the Education level of a Patient. Values defined by openIMIS. Can be extended."/><exampleBoolean value="false"/><groupingId value="-term-codesystem"/></resource><resource><extension url="http://hl7.org/fhir/StructureDefinition/implementationguide-page"><valueUri value="CodeSystem-patient-identification-types.html"/></extension><reference><reference value="CodeSystem/patient-identification-types"/></reference><name value="Identification Types (Patient)"/><description value="Indicates the type of document the Patient used to identify himself. Values defined by openIMIS. Can be extended."/><exampleBoolean value="false"/><groupingId value="-term-codesystem"/></resource><resource><extension url="http://hl7.org/fhir/StructureDefinition/implementationguide-page"><valueUri value="CodeSystem-patient-profession.html"/></extension><reference><reference value="CodeSystem/patient-profession"/></reference><name value="Patient Profession Code System"/><description value="Indicates the profession of a Patient. Values defined by openIMIS. Can be extended."/><exampleBoolean value="false"/><groupingId value="-term-codesystem"/></resource><resource><extension url="http://hl7.org/fhir/StructureDefinition/implementationguide-page"><valueUri value="CodeSystem-practitioner-qualification-type.html"/></extension><reference><reference value="CodeSystem/practitioner-qualification-type"/></reference><name value="Practitioner Qualification Type"/><description value="Indicates the Qualification Type of a Practitioner."/><exampleBoolean value="false"/><groupingId value="-term-codesystem"/></resource><resource><extension url="http://hl7.org/fhir/StructureDefinition/implementationguide-page"><valueUri value="CodeSystem-usage-context-age-type.html"/></extension><reference><reference value="CodeSystem/usage-context-age-type"/></reference><name value="Usage Context for Age Type (ActivityDefinition|Medication)"/><description value="Indicates the Usage Context for Gender Type for an ActivityDefinition or Medication. Values defined by openIMIS. Can not be extended."/><exampleBoolean value="false"/><groupingId value="-term-codesystem"/></resource><resource><extension url="http://hl7.org/fhir/StructureDefinition/implementationguide-page"><valueUri value="Medication-AspirinMedication.html"/></extension><reference><reference value="Medication/AspirinMedication"/></reference><name value="AspirinMedication"/><description value="Example of openIMIS Medication"/><exampleCanonical value="https://openimis.github.io/openimis_fhir_r4_ig/StructureDefinition/openimis-medication"/><groupingId value="-ex-example"/></resource><resource><extension url="http://hl7.org/fhir/StructureDefinition/implementationguide-page"><valueUri value="Claim-Claim001.html"/></extension><reference><reference value="Claim/Claim001"/></reference><name value="Claim001"/><description value="* Example of a Claim   "/><exampleCanonical value="https://openimis.github.io/openimis_fhir_r4_ig/StructureDefinition/openimis-claim"/><groupingId value="-ex-example"/></resource><resource><extension url="http://hl7.org/fhir/StructureDefinition/implementationguide-page"><valueUri value="ClaimResponse-Claim001.html"/></extension><reference><reference value="ClaimResponse/Claim001"/></reference><name value="ClaimResponse001"/><description value="* Example of a Claim   "/><exampleCanonical value="https://openimis.github.io/openimis_fhir_r4_ig/StructureDefinition/openimis-claim-response"/><groupingId value="-ex-example"/></resource><resource><extension url="http://hl7.org/fhir/StructureDefinition/implementationguide-page"><valueUri value="CapabilityStatement-ExampleCapabilityStatement.html"/></extension><reference><reference value="CapabilityStatement/ExampleCapabilityStatement"/></reference><name value="Create a Capability Statement using RuleSets"/><exampleBoolean value="false"/><groupingId value="-dyn-capabilitystatement"/></resource><resource><extension url="http://hl7.org/fhir/StructureDefinition/implementationguide-page"><valueUri value="ActivityDefinition-GeneralConsultationService.html"/></extension><reference><reference value="ActivityDefinition/GeneralConsultationService"/></reference><name value="GeneralConsultationService"/><description value="Example of openIMIS ActivityDefinition"/><exampleCanonical value="https://openimis.github.io/openimis_fhir_r4_ig/StructureDefinition/openimis-activitiy-definition"/><groupingId value="-ex-example"/></resource><resource><extension url="http://hl7.org/fhir/StructureDefinition/implementationguide-page"><valueUri value="Contract-InformalSectorContract.html"/></extension><reference><reference value="Contract/InformalSectorContract"/></reference><name value="InformalSectorContract"/><description value="* Example of a contract for the Informal Sector enrolment  "/><exampleCanonical value="https://openimis.github.io/openimis_fhir_r4_ig/StructureDefinition/openimis-contract"/><groupingId value="-ex-example"/></resource><resource><extension url="http://hl7.org/fhir/StructureDefinition/implementationguide-page"><valueUri value="Location-Jamu-municipality.html"/></extension><reference><reference value="Location/Jamu-municipality"/></reference><name value="Jamu-municipality"/><description value="Example of a municipality"/><exampleCanonical value="https://openimis.github.io/openimis_fhir_r4_ig/StructureDefinition/openimis-location"/><groupingId value="-ex-example"/></resource><resource><extension url="http://hl7.org/fhir/StructureDefinition/implementationguide-page"><valueUri value="Location-Jamula-village.html"/></extension><reference><reference value="Location/Jamula-village"/></reference><name value="Jamula-village"/><description value="Example of a Village"/><exampleCanonical value="https://openimis.github.io/openimis_fhir_r4_ig/StructureDefinition/openimis-location"/><groupingId value="-ex-example"/></resource><resource><extension url="http://hl7.org/fhir/StructureDefinition/implementationguide-page"><valueUri value="Location-Jimara-district.html"/></extension><reference><reference value="Location/Jimara-district"/></reference><name value="Jimara-district"/><description value="Example of a district"/><exampleCanonical value="https://openimis.github.io/openimis_fhir_r4_ig/StructureDefinition/openimis-location"/><groupingId value="-ex-example"/></resource><resource><extension url="http://hl7.org/fhir/StructureDefinition/implementationguide-page"><valueUri value="Coverage-JoeDoeCoverage.html"/></extension><reference><reference value="Coverage/JoeDoeCoverage"/></reference><name value="JoeDoeCoverage"/><description value="* Example of a Coverage   "/><exampleCanonical value="https://openimis.github.io/openimis_fhir_r4_ig/StructureDefinition/openimis-coverage"/><groupingId value="-ex-example"/></resource><resource><extension url="http://hl7.org/fhir/StructureDefinition/implementationguide-page"><valueUri value="CoverageEligibilityRequest-JoeDoeEnquiring.html"/></extension><reference><reference value="CoverageEligibilityRequest/JoeDoeEnquiring"/></reference><name value="JoeDoeEnquiring"/><description value="* Example of CoverageEligibilityRequest   "/><exampleCanonical value="https://openimis.github.io/openimis_fhir_r4_ig/StructureDefinition/openimis-coverage-eligibility-request"/><groupingId value="-ex-example"/></resource><resource><extension url="http://hl7.org/fhir/StructureDefinition/implementationguide-page"><valueUri value="InsurancePlan-RX01.html"/></extension><reference><reference value="InsurancePlan/RX01"/></reference><name value="RX01"/><description value="Example of openIMIS InsurancePlan"/><exampleCanonical value="https://openimis.github.io/openimis_fhir_r4_ig/StructureDefinition/openimis-insurance-plan"/><groupingId value="-ex-example"/></resource><resource><extension url="http://hl7.org/fhir/StructureDefinition/implementationguide-page"><valueUri value="InsurancePlan-RX02.html"/></extension><reference><reference value="InsurancePlan/RX02"/></reference><name value="RX02"/><description value="Example of openIMIS InsurancePlan"/><exampleCanonical value="https://openimis.github.io/openimis_fhir_r4_ig/StructureDefinition/openimis-insurance-plan"/><groupingId value="-ex-example"/></resource><resource><extension url="http://hl7.org/fhir/StructureDefinition/implementationguide-page"><valueUri value="Organization-RaptaDistrictHospital.html"/></extension><reference><reference value="Organization/RaptaDistrictHospital"/></reference><name value="RaptaDistrictHospital"/><description value="Example of openIMIS Health Facility"/><exampleCanonical value="https://openimis.github.io/openimis_fhir_r4_ig/StructureDefinition/openimis-health-facility-organization"/><groupingId value="-ex-example"/></resource><resource><extension url="http://hl7.org/fhir/StructureDefinition/implementationguide-page"><valueUri value="Practitioner-Roberts-Jeb-EO.html"/></extension><reference><reference value="Practitioner/Roberts-Jeb-EO"/></reference><name value="Roberts-Jeb-EO"/><description value="Example of openIMIS Practitioner for Enrolment Officer."/><exampleCanonical value="https://openimis.github.io/openimis_fhir_r4_ig/StructureDefinition/openimis-enrolment-officer-practitioner"/><groupingId value="-ex-example"/></resource><resource><extension url="http://hl7.org/fhir/StructureDefinition/implementationguide-page"><valueUri value="Practitioner-Rushila-Dani-CA.html"/></extension><reference><reference value="Practitioner/Rushila-Dani-CA"/></reference><name value="Rushila-Dani-CA"/><description value="Example of openIMIS Practitioner for Claim Administrator."/><exampleCanonical value="https://openimis.github.io/openimis_fhir_r4_ig/StructureDefinition/openimis-claim-administrator-practitioner"/><groupingId value="-ex-example"/></resource><resource><extension url="http://hl7.org/fhir/StructureDefinition/implementationguide-page"><valueUri value="Location-Upper-River-Region.html"/></extension><reference><reference value="Location/Upper-River-Region"/></reference><name value="Upper-River-Region"/><description value="Example of a Region"/><exampleCanonical value="https://openimis.github.io/openimis_fhir_r4_ig/StructureDefinition/openimis-location"/><groupingId value="-ex-example"/></resource><resource><extension url="http://hl7.org/fhir/StructureDefinition/implementationguide-page"><valueUri value="Group-doe-family.html"/></extension><reference><reference value="Group/doe-family"/></reference><name value="doe-family"/><description value="Example of openIMIS Group"/><exampleCanonical value="https://openimis.github.io/openimis_fhir_r4_ig/StructureDefinition/openimis-group"/><groupingId value="-ex-example"/></resource><resource><extension url="http://hl7.org/fhir/StructureDefinition/implementationguide-page"><valueUri value="Patient-jane-doe.html"/></extension><reference><reference value="Patient/jane-doe"/></reference><name value="jane-doe"/><description value="Example of openIMIS Patient"/><exampleCanonical value="https://openimis.github.io/openimis_fhir_r4_ig/StructureDefinition/openimis-patient"/><groupingId value="-ex-example"/></resource><resource><extension url="http://hl7.org/fhir/StructureDefinition/implementationguide-page"><valueUri value="Patient-john-doe.html"/></extension><reference><reference value="Patient/john-doe"/></reference><name value="john-doe"/><description value="Example of openIMIS Patient"/><exampleCanonical value="https://openimis.github.io/openimis_fhir_r4_ig/StructureDefinition/openimis-patient"/><groupingId value="-ex-example"/></resource><page><nameUrl value="toc.html"/><title value="Table of Contents"/><generation value="html"/><page><nameUrl value="index.html"/><title value="openIMIS FHIR Overview"/><generation value="markdown"/></page><page><nameUrl value="specification.html"/><title value="FHIR Design and Overview"/><generation value="markdown"/></page><page><nameUrl value="usecases.html"/><title value="Integration Use Cases"/><generation value="markdown"/></page><page><nameUrl value="connected_partner.html"/><title value="Becoming a Connected Partner"/><generation value="markdown"/></page><page><nameUrl value="future.html"/><title value="Future Plans"/><generation value="markdown"/></page><page><nameUrl value="glossary.html"/><title value="Glossary"/><generation value="markdown"/></page><page><nameUrl value="credits.html"/><title value="Credits"/><generation value="markdown"/></page><page><nameUrl value="artifacts.html"/><title value="Artifacts Summary"/><generation value="html"/><page><nameUrl value="CapabilityStatement-ExampleCapabilityStatement.html"/><title value="Create a Capability Statement using RuleSets"/><generation value="generated"/></page><page><nameUrl value="StructureDefinition-openimis-activitiy-definition.html"/><title value="openIMIS ActivityDefinition"/><generation value="generated"/></page><page><nameUrl value="StructureDefinition-openimis-claim.html"/><title value="openIMIS Claim"/><generation value="generated"/></page><page><nameUrl value="StructureDefinition-openimis-claim-administrator-practitioner.html"/><title value="openIMIS Claim Administrator Practitioner"/><generation value="generated"/></page><page><nameUrl value="StructureDefinition-openimis-claim-administrator-practitioner-role.html"/><title value="openIMIS Claim Administrator Practitioner Role"/><generation value="generated"/></page><page><nameUrl value="StructureDefinition-openimis-claim-response.html"/><title value="openIMIS Claim Response"/><generation value="generated"/></page><page><nameUrl value="StructureDefinition-openimis-communication-request.html"/><title value="openIMIS CommunicationRequest"/><generation value="generated"/></page><page><nameUrl value="StructureDefinition-openimis-contract.html"/><title value="openIMIS Contract"/><generation value="generated"/></page><page><nameUrl value="StructureDefinition-openimis-coverage.html"/><title value="openIMIS Coverage"/><generation value="generated"/></page><page><nameUrl value="StructureDefinition-openimis-coverage-eligibility-request.html"/><title value="openIMIS CoverageEligibilityRequest"/><generation value="generated"/></page><page><nameUrl value="StructureDefinition-openimis-enrolment-officer-practitioner.html"/><title value="openIMIS Enrolment Officer Practitioner"/><generation value="generated"/></page><page><nameUrl value="StructureDefinition-openimis-enrolment-officer-practitioner-role.html"/><title value="openIMIS Enrolment Officer Practitioner Role"/><generation value="generated"/></page><page><nameUrl value="StructureDefinition-openimis-group.html"/><title value="openIMIS Group"/><generation value="generated"/></page><page><nameUrl value="StructureDefinition-openimis-health-facility-organization.html"/><title value="openIMIS Health Facility Organization"/><generation value="generated"/></page><page><nameUrl value="StructureDefinition-openimis-insurance-plan.html"/><title value="openIMIS Insurance Plan"/><generation value="generated"/></page><page><nameUrl value="StructureDefinition-openimis-location.html"/><title value="openIMIS Location"/><generation value="generated"/></page><page><nameUrl value="StructureDefinition-openimis-medication.html"/><title value="openIMIS Medication"/><generation value="generated"/></page><page><nameUrl value="StructureDefinition-openimis-patient.html"/><title value="openIMIS Patient"/><generation value="generated"/></page><page><nameUrl value="StructureDefinition-openimis-policy-holder-organization.html"/><title value="openIMIS Policy Holder Organization"/><generation value="generated"/></page><page><nameUrl value="StructureDefinition-address-location-reference.html"/><title value="Location Reference (Address)"/><generation value="generated"/></page><page><nameUrl value="StructureDefinition-address-municipality.html"/><title value="Municipality (Address)"/><generation value="generated"/></page><page><nameUrl value="StructureDefinition-claim-item-reference.html"/><title value="Item Reference (Claim)"/><generation value="generated"/></page><page><nameUrl value="StructureDefinition-contract-premium.html"/><title value="Premium (Contract)"/><generation value="generated"/></page><page><nameUrl value="StructureDefinition-coverage-policy-status.html"/><title value="Policy Status (Coverage)"/><generation value="generated"/></page><page><nameUrl value="StructureDefinition-coverage-date.html"/><title value="Date (Coverage)"/><generation value="generated"/></page><page><nameUrl value="StructureDefinition-group-address.html"/><title value="Poverty Status (Group)"/><generation value="generated"/></page><page><nameUrl value="StructureDefinition-group-confirmation.html"/><title value="Confirmation (Group)"/><generation value="generated"/></page><page><nameUrl value="StructureDefinition-group-poverty-status.html"/><title value="Poverty Status (Group)"/><generation value="generated"/></page><page><nameUrl value="StructureDefinition-group-type.html"/><title value="Group Type (Group)"/><generation value="generated"/></page><page><nameUrl value="StructureDefinition-insurance-plan-conversion.html"/><title value="Conversion Product (InsurancePlan)"/><generation value="generated"/></page><page><nameUrl value="StructureDefinition-insurance-plan-discount.html"/><title value="Discount (InsurancePlan)"/><generation value="generated"/></page><page><nameUrl value="StructureDefinition-insurance-plan-max-installments.html"/><title value="Max Installments (InsurancePlan)"/><generation value="generated"/></page><page><nameUrl value="StructureDefinition-insurance-plan-period.html"/><title value="Period (InsurancePlan)"/><generation value="generated"/></page><page><nameUrl value="StructureDefinition-insurance-plan-start-cycle.html"/><title value="Cycle Start (InsurancePlan)"/><generation value="generated"/></page><page><nameUrl value="StructureDefinition-medication-frequency.html"/><title value="Frequency (Medication)"/><generation value="generated"/></page><page><nameUrl value="StructureDefinition-medication-type.html"/><title value="Medication Type (Medication)"/><generation value="generated"/></page><page><nameUrl value="StructureDefinition-medication-usage-context.html"/><title value="UsageContext (Medication)"/><generation value="generated"/></page><page><nameUrl value="StructureDefinition-organization-hf-level.html"/><title value="Health Facility Level (Organization)"/><generation value="generated"/></page><page><nameUrl value="StructureDefinition-organization-legal-form.html"/><title value="Legal Forms (Organization)"/><generation value="generated"/></page><page><nameUrl value="StructureDefinition-patient-card-issued.html"/><title value="Card Issued (Patient)"/><generation value="generated"/></page><page><nameUrl value="StructureDefinition-patient-education-level.html"/><title value="Education Level (Patient)"/><generation value="generated"/></page><page><nameUrl value="StructureDefinition-patient-group-reference.html"/><title value="Group Reference (Patient)"/><generation value="generated"/></page><page><nameUrl value="StructureDefinition-patient-identification.html"/><title value="Identification (Patient)"/><generation value="generated"/></page><page><nameUrl value="StructureDefinition-patient-is-head.html"/><title value="IsHead (Patient)"/><generation value="generated"/></page><page><nameUrl value="StructureDefinition-patient-profession.html"/><title value="Profession (Patient)"/><generation value="generated"/></page><page><nameUrl value="StructureDefinition-patient-vulnerability-status.html"/><title value="Vulnerability Status (Patient)"/><generation value="generated"/></page><page><nameUrl value="StructureDefinition-practitioner-role-substitution-reference.html"/><title value="Substitution Reference (PractitionerRole)"/><generation value="generated"/></page><page><nameUrl value="StructureDefinition-unit-price.html"/><title value="Unit Price (Medication|ActivityDefinition)"/><generation value="generated"/></page><page><nameUrl value="ValueSet-activity-definition-service-type.html"/><title value="Service Type (ActivityDefinition)"/><generation value="generated"/></page><page><nameUrl value="ValueSet-activity-definition-usage-context-type.html"/><title value="Usage Context Type (ActivityDefinition)"/><generation value="generated"/></page><page><nameUrl value="ValueSet-activity-definition-usage-context-venue-type.html"/><title value="Usage Context for Venue Type (ActivityDefinition)"/><generation value="generated"/></page><page><nameUrl value="ValueSet-activity-definition-usage-context-workflow-type.html"/><title value="Usage Context for Workflow Type (ActivityDefinition)"/><generation value="generated"/></page><page><nameUrl value="ValueSet-claim-item-category.html"/><title value="Category of the item (Claim)"/><generation value="generated"/></page><page><nameUrl value="ValueSet-claim-rejection-reasons.html"/><title value="Rejection reasons (Claim)"/><generation value="generated"/></page><page><nameUrl value="ValueSet-claim-status.html"/><title value="Status of the claim (Claim|ClaimResponse)"/><generation value="generated"/></page><page><nameUrl value="ValueSet-claim-supporting-info-category.html"/><title value="Category of the supporting info (Claim)"/><generation value="generated"/></page><page><nameUrl value="ValueSet-claim-visit-type.html"/><title value="Visit Type Codes (Claim)"/><generation value="generated"/></page><page><nameUrl value="ValueSet-contract-premium-category.html"/><title value="Premium Category (Contract)"/><generation value="generated"/></page><page><nameUrl value="ValueSet-contract-premium-payer.html"/><title value="Premium Payer (Contract)"/><generation value="generated"/></page><page><nameUrl value="ValueSet-contract-premium-type.html"/><title value="Premium Type (Contract)"/><generation value="generated"/></page><page><nameUrl value="ValueSet-contract-resource-party-role.html"/><title value="Resource Party Role (Contract)"/><generation value="generated"/></page><page><nameUrl value="ValueSet-contract-scope.html"/><title value="Scope (Contract)"/><generation value="generated"/></page><page><nameUrl value="ValueSet-contract-status-codes.html"/><title value="Status Codes (Contract)"/><generation value="generated"/></page><page><nameUrl value="ValueSet-coverage-status.html"/><title value="Usage Context Type (ActivityDefinition)"/><generation value="generated"/></page><page><nameUrl value="ValueSet-diagnosis-ICD10-level1.html"/><title value="ICD 10 Level 1 diagnosis"/><generation value="generated"/></page><page><nameUrl value="ValueSet-group-confirmation-type.html"/><title value="Confirmation Types (Group)"/><generation value="generated"/></page><page><nameUrl value="ValueSet-group-types.html"/><title value="Group Types (Group)"/><generation value="generated"/></page><page><nameUrl value="ValueSet-insurance-plan-coverage-benefit-limit.html"/><title value="Coverage Benefit Limit Types (InsurancePlan)"/><generation value="generated"/></page><page><nameUrl value="ValueSet-insurance-plan-coverage-type.html"/><title value="Coverage Type (InsurancePlan)"/><generation value="generated"/></page><page><nameUrl value="ValueSet-insurance-plan-general-cost-type.html"/><title value="General Cost Type (InsurancePlan)"/><generation value="generated"/></page><page><nameUrl value="ValueSet-insurance-plan-publication-status.html"/><title value="Publication Status (InsurancePlan)"/><generation value="generated"/></page><page><nameUrl value="ValueSet-location-type.html"/><title value="Location Type (Location)"/><generation value="generated"/></page><page><nameUrl value="ValueSet-medication-item-type.html"/><title value="Item Type (Medication)"/><generation value="generated"/></page><page><nameUrl value="ValueSet-openimis-identifiers.html"/><title value="openIMIS Identifiers Value Set"/><generation value="generated"/></page><page><nameUrl value="ValueSet-organization-hf-level.html"/><title value="Health Facility Level (Organization)"/><generation value="generated"/></page><page><nameUrl value="ValueSet-organization-legal-form.html"/><title value="Legal Forms (Organization)"/><generation value="generated"/></page><page><nameUrl value="ValueSet-patient-contact-relationship.html"/><title value="Contact Relationship (Patient)"/><generation value="generated"/></page><page><nameUrl value="ValueSet-patient-education-level.html"/><title value="Education Level (Patient)"/><generation value="generated"/></page><page><nameUrl value="ValueSet-patient-identification-types.html"/><title value="Identification Types (Patient)"/><generation value="generated"/></page><page><nameUrl value="ValueSet-patient-marital-status.html"/><title value="Marital Status (Patient)"/><generation value="generated"/></page><page><nameUrl value="ValueSet-patient-profession.html"/><title value="Patient Profession Value Set"/><generation value="generated"/></page><page><nameUrl value="ValueSet-practitioner-qualification-type.html"/><title value="Practitioner Qualification Type"/><generation value="generated"/></page><page><nameUrl value="ValueSet-usage-context-age-type.html"/><title value="Usage Context for Age Type (ActivityDefinition|Medication)"/><generation value="generated"/></page><page><nameUrl value="ValueSet-usage-context-gender-type.html"/><title value="Usage Context for Gender Type (ActivityDefinition|Medication)"/><generation value="generated"/></page><page><nameUrl value="CodeSystem-activity-definition-service-type.html"/><title value="Service Type (ActivityDefinition)"/><generation value="generated"/></page><page><nameUrl value="CodeSystem-activity-definition-usage-context-workflow-type.html"/><title value="Usage Context for Workflow Type (ActivityDefinition)"/><generation value="generated"/></page><page><nameUrl value="CodeSystem-claim-item-category.html"/><title value="Category of the item (Claim)"/><generation value="generated"/></page><page><nameUrl value="CodeSystem-claim-rejection-reasons.html"/><title value="Rejection Reasons (Claim)"/><generation value="generated"/></page><page><nameUrl value="CodeSystem-claim-status.html"/><title value="Status of the claim (Claim|ClaimResponse)"/><generation value="generated"/></page><page><nameUrl value="CodeSystem-claim-supporting-info-category.html"/><title value="Category of the supporting info (Claim)"/><generation value="generated"/></page><page><nameUrl value="CodeSystem-claim-visit-type.html"/><title value="Visit Type (Claim)"/><generation value="generated"/></page><page><nameUrl value="CodeSystem-contract-premium-category.html"/><title value="Premium Category (Contract)"/><generation value="generated"/></page><page><nameUrl value="CodeSystem-contract-premium-payer.html"/><title value="Premium Payer (Contract)"/><generation value="generated"/></page><page><nameUrl value="CodeSystem-contract-premium-type.html"/><title value="Premium Type (Contract)"/><generation value="generated"/></page><page><nameUrl value="CodeSystem-contract-resource-party-role.html"/><title value="Resource Party Role (Contract)"/><generation value="generated"/></page><page><nameUrl value="CodeSystem-contract-scope.html"/><title value="Scope (Contract)"/><generation value="generated"/></page><page><nameUrl value="CodeSystem-diagnosis-ICD10-level1.html"/><title value="ICD 10 Level 1 diagnosis"/><generation value="generated"/></page><page><nameUrl value="CodeSystem-group-confirmation-type.html"/><title value="Confirmation Types (Group)"/><generation value="generated"/></page><page><nameUrl value="CodeSystem-group-types.html"/><title value="Group Types (Group)"/><generation value="generated"/></page><page><nameUrl value="CodeSystem-insurance-plan-coverage-benefit-limit.html"/><title value="Coverage Benefit Limit Types (InsurancePlan)"/><generation value="generated"/></page><page><nameUrl value="CodeSystem-insurance-plan-general-cost-type.html"/><title value="General Cost Type (InsurancePlan)"/><generation value="generated"/></page><page><nameUrl value="CodeSystem-location-type.html"/><title value="Location Type (Location)"/><generation value="generated"/></page><page><nameUrl value="CodeSystem-medication-item-type.html"/><title value="Item Type (Medication)"/><generation value="generated"/></page><page><nameUrl value="CodeSystem-openimis-identifiers.html"/><title value="openIMIS Identifiers code system"/><generation value="generated"/></page><page><nameUrl value="CodeSystem-organization-hf-level.html"/><title value="Health Facility Level (Organization)"/><generation value="generated"/></page><page><nameUrl value="CodeSystem-organization-legal-form.html"/><title value="Legal Forms (Organization)"/><generation value="generated"/></page><page><nameUrl value="CodeSystem-patient-contact-relationship.html"/><title value="Patient Contact Relationship code system"/><generation value="generated"/></page><page><nameUrl value="CodeSystem-patient-education-level.html"/><title value="Patient Education Level Code System"/><generation value="generated"/></page><page><nameUrl value="CodeSystem-patient-identification-types.html"/><title value="Identification Types (Patient)"/><generation value="generated"/></page><page><nameUrl value="CodeSystem-patient-profession.html"/><title value="Patient Profession Code System"/><generation value="generated"/></page><page><nameUrl value="CodeSystem-practitioner-qualification-type.html"/><title value="Practitioner Qualification Type"/><generation value="generated"/></page><page><nameUrl value="CodeSystem-usage-context-age-type.html"/><title value="Usage Context for Age Type (ActivityDefinition|Medication)"/><generation value="generated"/></page><page><nameUrl value="Medication-AspirinMedication.html"/><title value="AspirinMedication"/><generation value="generated"/></page><page><nameUrl value="Claim-Claim001.html"/><title value="Claim001"/><generation value="generated"/></page><page><nameUrl value="ClaimResponse-Claim001.html"/><title value="ClaimResponse001"/><generation value="generated"/></page><page><nameUrl value="ActivityDefinition-GeneralConsultationService.html"/><title value="GeneralConsultationService"/><generation value="generated"/></page><page><nameUrl value="Contract-InformalSectorContract.html"/><title value="InformalSectorContract"/><generation value="generated"/></page><page><nameUrl value="Location-Jamu-municipality.html"/><title value="Jamu-municipality"/><generation value="generated"/></page><page><nameUrl value="Location-Jamula-village.html"/><title value="Jamula-village"/><generation value="generated"/></page><page><nameUrl value="Location-Jimara-district.html"/><title value="Jimara-district"/><generation value="generated"/></page><page><nameUrl value="Coverage-JoeDoeCoverage.html"/><title value="JoeDoeCoverage"/><generation value="generated"/></page><page><nameUrl value="CoverageEligibilityRequest-JoeDoeEnquiring.html"/><title value="JoeDoeEnquiring"/><generation value="generated"/></page><page><nameUrl value="InsurancePlan-RX01.html"/><title value="RX01"/><generation value="generated"/></page><page><nameUrl value="InsurancePlan-RX02.html"/><title value="RX02"/><generation value="generated"/></page><page><nameUrl value="Organization-RaptaDistrictHospital.html"/><title value="RaptaDistrictHospital"/><generation value="generated"/></page><page><nameUrl value="Practitioner-Roberts-Jeb-EO.html"/><title value="Roberts-Jeb-EO"/><generation value="generated"/></page><page><nameUrl value="Practitioner-Rushila-Dani-CA.html"/><title value="Rushila-Dani-CA"/><generation value="generated"/></page><page><nameUrl value="Location-Upper-River-Region.html"/><title value="Upper-River-Region"/><generation value="generated"/></page><page><nameUrl value="Group-doe-family.html"/><title value="doe-family"/><generation value="generated"/></page><page><nameUrl value="Patient-jane-doe.html"/><title value="jane-doe"/><generation value="generated"/></page><page><nameUrl value="Patient-john-doe.html"/><title value="john-doe"/><generation value="generated"/></page></page></page><parameter><code value="path-resource"/><value value="input/capabilities"/></parameter><parameter><code value="path-resource"/><value value="input/examples"/></parameter><parameter><code value="path-resource"/><value value="input/extensions"/></parameter><parameter><code value="path-resource"/><value value="input/models"/></parameter><parameter><code value="path-resource"/><value value="input/operations"/></parameter><parameter><code value="path-resource"/><value value="input/profiles"/></parameter><parameter><code value="path-resource"/><value value="input/resources"/></parameter><parameter><code value="path-resource"/><value value="input/vocabulary"/></parameter><parameter><code value="path-resource"/><value value="input/maps"/></parameter><parameter><code value="path-resource"/><value value="input/testing"/></parameter><parameter><code value="path-resource"/><value value="input/history"/></parameter><parameter><code value="path-resource"/><value value="fsh-generated/resources"/></parameter><parameter><code value="path-pages"/><value value="template/config"/></parameter><parameter><code value="path-pages"/><value value="input/images"/></parameter><parameter><code value="path-tx-cache"/><value value="input-cache/txcache"/></parameter></definition></ImplementationGuide>