<?xml version="1.0" encoding="UTF-8"?><ValueSet xmlns="http://hl7.org/fhir"><id value="medication-item-type"/><text><status value="generated"/><div xmlns="http://www.w3.org/1999/xhtml"><ul><li>Include all codes defined in <a href="CodeSystem-medication-item-type.html"><code>https://openimis.github.io/openimis_fhir_r4_ig/CodeSystem/medication-item-type</code></a></li></ul></div></text><url value="https://openimis.github.io/openimis_fhir_r4_ig/ValueSet/medication-item-type"/><version value="0.1.0"/><name value="MedicationItemTypeVS"/><title value="Item Type (Medication)"/><status value="active"/><date value="2021-12-04T14:25:43+00:00"/><publisher value="Swiss TPH"/><contact><name value="Swiss TPH"/><telecom><system value="url"/><value value="https://www.swisstph.ch/en/"/></telecom></contact><contact><name value="Dragos Dobre"/><telecom><system value="email"/><value value="dragos.dobre@swisstph.ch"/><use value="work"/></telecom></contact><description value="Indicates the Medical Item Type for an Medication. Values defined by openIMIS. Can not be extended."/><compose><include><system value="https://openimis.github.io/openimis_fhir_r4_ig/CodeSystem/medication-item-type"/></include></compose></ValueSet>