<?xml version="1.0" encoding="UTF-8"?><ValueSet xmlns="http://hl7.org/fhir"><id value="organization-hf-legal-form"/><text><status value="generated"/><div xmlns="http://www.w3.org/1999/xhtml"><ul><li>Include all codes defined in <a href="CodeSystem-organization-hf-legal-form.html"><code>https://openimis.github.io/openimis_fhir_r4_ig/CodeSystem/organization-hf-legal-form</code></a></li></ul></div></text><url value="https://openimis.github.io/openimis_fhir_r4_ig/ValueSet/organization-hf-legal-form"/><version value="0.1.0"/><name value="OrganizationHFLegalFormVS"/><title value="Legal Forms (Organization)"/><status value="active"/><date value="2021-10-18T10:54:05+00:00"/><publisher value="Swiss TPH"/><contact><name value="Swiss TPH"/><telecom><system value="url"/><value value="https://www.swisstph.ch/en/"/></telecom></contact><contact><name value="Dragos Dobre"/><telecom><system value="email"/><value value="dragos.dobre@swisstph.ch"/><use value="work"/></telecom></contact><description value="Indicates the legal forms of the Health Facility Organization. Values defined by openIMIS. Can be extended."/><compose><include><system value="https://openimis.github.io/openimis_fhir_r4_ig/CodeSystem/organization-hf-legal-form"/></include></compose></ValueSet>