<?xml version="1.0" encoding="UTF-8"?><ValueSet xmlns="http://hl7.org/fhir"><id value="patient-identification-type"/><text><status value="generated"/><div xmlns="http://www.w3.org/1999/xhtml"><ul><li>Include all codes defined in <a href="CodeSystem-patient-identification-type.html"><code>https://openimis.github.io/openimis_fhir_r4_ig/CodeSystem/patient-identification-type</code></a></li></ul></div></text><url value="https://openimis.github.io/openimis_fhir_r4_ig/ValueSet/patient-identification-type"/><version value="0.1.0"/><name value="PatientIdentificationTypeVS"/><title value="Identification Type (Patient)"/><status value="active"/><date value="2022-05-12T07:23:31+00:00"/><publisher value="openIMIS Initiative"/><contact><name value="openIMIS Initiative"/><telecom><system value="url"/><value value="https://www.openimis.org"/></telecom></contact><contact><name value="Dragos Dobre"/><telecom><system value="email"/><value value="dragos.dobre@swisstph.ch"/><use value="work"/></telecom></contact><description value="Indicates the type of document the Patient used to identify himself."/><compose><include><system value="https://openimis.github.io/openimis_fhir_r4_ig/CodeSystem/patient-identification-type"/></include></compose></ValueSet>