<?xml version="1.0" encoding="UTF-8"?><ValueSet xmlns="http://hl7.org/fhir"><id value="patient-profession"/><text><status value="generated"/><div xmlns="http://www.w3.org/1999/xhtml"><ul><li>Include all codes defined in <a href="CodeSystem-patient-profession.html"><code>https://openimis.github.io/openimis_fhir_r4_ig/CodeSystem-patient-profession</code></a></li></ul></div></text><url value="https://openimis.github.io/openimis_fhir_r4_ig/ValueSet-patient-profession"/><version value="0.1.0"/><name value="PatientProfessionVS"/><title value="Patient Profession Value Set"/><status value="active"/><date value="2021-07-19T12:50:33+00:00"/><publisher value="Swiss TPH - SCIH - openIMIS Group"/><contact><name value="Swiss TPH - SCIH - openIMIS Group"/><telecom><system value="url"/><value value="https://www.swisstph.ch/en/"/></telecom><telecom><system value="email"/><value value="dragos.dobre@swisstph.ch"/></telecom></contact><description value="Indicates the profession of a Patient"/><compose><include><system value="https://openimis.github.io/openimis_fhir_r4_ig/CodeSystem-patient-profession"/></include></compose></ValueSet>