<?xml version="1.0" encoding="UTF-8"?><ValueSet xmlns="http://hl7.org/fhir"><id value="activity-definition-service-type"/><text><status value="generated"/><div xmlns="http://www.w3.org/1999/xhtml"><ul><li>Include all codes defined in <a href="CodeSystem-activity-definition-service-type.html"><code>https://openimis.github.io/openimis_fhir_r4_ig/CodeSystem/activity-definition-service-type</code></a></li></ul></div></text><url value="https://openimis.github.io/openimis_fhir_r4_ig/ValueSet/activity-definition-service-type"/><version value="0.1.0"/><name value="ActivityDefinitionServiceTypeVS"/><title value="Service Type (ActivityDefinition)"/><status value="active"/><date value="2022-05-17T09:34:33+00:00"/><publisher value="openIMIS Initiative"/><contact><name value="openIMIS Initiative"/><telecom><system value="url"/><value value="https://www.openimis.org"/></telecom></contact><contact><name value="Dragos Dobre"/><telecom><system value="email"/><value value="dragos.dobre@swisstph.ch"/><use value="work"/></telecom></contact><description value="Indicates the Service Type for an ActivityDefinition. Values defined by openIMIS. Can not be extended."/><compose><include><system value="https://openimis.github.io/openimis_fhir_r4_ig/CodeSystem/activity-definition-service-type"/></include></compose></ValueSet>