<?xml version="1.0" encoding="UTF-8"?><ValueSet xmlns="http://hl7.org/fhir"><id value="group-confirmation-type"/><text><status value="generated"/><div xmlns="http://www.w3.org/1999/xhtml"><ul><li>Include all codes defined in <a href="CodeSystem-group-confirmation-type.html"><code>https://openimis.github.io/openimis_fhir_r4_ig/CodeSystem/group-confirmation-type</code></a></li></ul></div></text><url value="https://openimis.github.io/openimis_fhir_r4_ig/ValueSet/group-confirmation-type"/><version value="0.1.0"/><name value="GroupConfirmationTypeVS"/><title value="Confirmation Types (Group)"/><status value="active"/><date value="2021-09-29T08:15:04+00:00"/><publisher value="Swiss TPH"/><contact><name value="Swiss TPH"/><telecom><system value="url"/><value value="https://www.swisstph.ch/en/"/></telecom></contact><contact><name value="Dragos Dobre"/><telecom><system value="email"/><value value="dragos.dobre@swisstph.ch"/><use value="work"/></telecom></contact><description value="Indicates the confirmation type for the Group. Values defined by openIMIS. Can be extended."/><compose><include><system value="https://openimis.github.io/openimis_fhir_r4_ig/CodeSystem/group-confirmation-type"/></include></compose></ValueSet>