<?xml version="1.0" encoding="UTF-8"?><ValueSet xmlns="http://hl7.org/fhir"><id value="contract-premium-type"/><text><status value="generated"/><div xmlns="http://www.w3.org/1999/xhtml"><ul><li>Include all codes defined in <a href="CodeSystem-contract-premium-type.html"><code>https://openimis.github.io/openimis_fhir_r4_ig/CodeSystem/contract-premium-type</code></a></li></ul></div></text><url value="https://openimis.github.io/openimis_fhir_r4_ig/ValueSet/contract-premium-type"/><version value="0.1.0"/><name value="ContractPremiumTypeVS"/><title value="Premium Type (Contract)"/><status value="active"/><date value="2021-09-28T15:53:34+00:00"/><publisher value="Swiss TPH"/><contact><name value="Swiss TPH"/><telecom><system value="url"/><value value="https://www.swisstph.ch/en/"/></telecom></contact><contact><name value="Dragos Dobre"/><telecom><system value="email"/><value value="dragos.dobre@swisstph.ch"/><use value="work"/></telecom></contact><description value="Indicates the type of the premium for the Contract. Cannot be extended."/><compose><include><system value="https://openimis.github.io/openimis_fhir_r4_ig/CodeSystem/contract-premium-type"/></include></compose></ValueSet>