<?xml version="1.0" encoding="UTF-8"?><ValueSet xmlns="http://hl7.org/fhir"><id value="organization-hf-level"/><text><status value="generated"/><div xmlns="http://www.w3.org/1999/xhtml"><ul><li>Include all codes defined in <a href="CodeSystem-organization-hf-level.html"><code>https://openimis.github.io/openimis_fhir_r4_ig/CodeSystem/organization-hf-level</code></a></li></ul></div></text><url value="https://openimis.github.io/openimis_fhir_r4_ig/ValueSet/organization-hf-level"/><version value="0.1.0"/><name value="OrganizationHFLevelVS"/><title value="Health Facility Level (Organization)"/><status value="active"/><date value="2021-10-12T16:14:04+00:00"/><publisher value="Swiss TPH"/><contact><name value="Swiss TPH"/><telecom><system value="url"/><value value="https://www.swisstph.ch/en/"/></telecom></contact><contact><name value="Dragos Dobre"/><telecom><system value="email"/><value value="dragos.dobre@swisstph.ch"/><use value="work"/></telecom></contact><description value="Indicates the level of the Health Facility (Organization). Values defined by openIMIS. Cannot be extended."/><compose><include><system value="https://openimis.github.io/openimis_fhir_r4_ig/CodeSystem/organization-hf-level"/></include></compose></ValueSet>