<?xml version="1.0" encoding="UTF-8"?><ValueSet xmlns="http://hl7.org/fhir"><id value="claim-supporting-info-category"/><text><status value="generated"/><div xmlns="http://www.w3.org/1999/xhtml"><ul><li>Include all codes defined in <a href="CodeSystem-claim-supporting-info-category.html"><code>https://openimis.github.io/openimis_fhir_r4_ig/CodeSystem/claim-supporting-info-category</code></a></li></ul></div></text><url value="https://openimis.github.io/openimis_fhir_r4_ig/ValueSet/claim-supporting-info-category"/><version value="0.1.0"/><name value="ClaimSupportingInfoCategoryVS"/><title value="Category of the supporting info (Claim)"/><status value="active"/><date value="2021-12-08T10:28:46+00:00"/><publisher value="Swiss TPH"/><contact><name value="Swiss TPH"/><telecom><system value="url"/><value value="https://www.swisstph.ch/en/"/></telecom></contact><contact><name value="Dragos Dobre"/><telecom><system value="email"/><value value="dragos.dobre@swisstph.ch"/><use value="work"/></telecom></contact><description value="Indicates the category for the supportiong info under a Claim. Values defined by openIMIS. Can not be extended."/><compose><include><system value="https://openimis.github.io/openimis_fhir_r4_ig/CodeSystem/claim-supporting-info-category"/></include></compose></ValueSet>