<?xml version="1.0" encoding="UTF-8"?><ValueSet xmlns="http://hl7.org/fhir"><id value="insurance-plan-coverage-type"/><text><status value="generated"/><div xmlns="http://www.w3.org/1999/xhtml"><ul><li>Include these codes as defined in <a href="http://terminology.hl7.org/2.1.0/CodeSystem-insurance-plan-type.html"><code>http://terminology.hl7.org/CodeSystem/insurance-plan-type</code></a><table class="none"><tr><td style="white-space:nowrap"><b>Code</b></td><td><b>Display</b></td></tr><tr><td>medical</td><td>Medical</td></tr></table></li></ul></div></text><url value="https://openimis.github.io/openimis_fhir_r4_ig/ValueSet/insurance-plan-coverage-type"/><version value="0.1.0"/><name value="InsurancePlanCoverageTypeVS"/><title value="Coverage Type (InsurancePlan)"/><status value="active"/><date value="2021-09-28T15:56:03+00:00"/><publisher value="Swiss TPH"/><contact><name value="Swiss TPH"/><telecom><system value="url"/><value value="https://www.swisstph.ch/en/"/></telecom></contact><contact><name value="Dragos Dobre"/><telecom><system value="email"/><value value="dragos.dobre@swisstph.ch"/><use value="work"/></telecom></contact><description value="Indicates the Coverage Type for an InsurancePlan."/><compose><include><system value="http://terminology.hl7.org/CodeSystem/insurance-plan-type"/><concept><code value="medical"/><display value="Medical"/></concept></include></compose></ValueSet>