<?xml version="1.0" encoding="UTF-8"?><ValueSet xmlns="http://hl7.org/fhir"><id value="communication-request-status"/><text><status value="extensions"/><div xmlns="http://www.w3.org/1999/xhtml"><ul><li>Include these codes as defined in <a href="http://hl7.org/fhir/R4/codesystem-request-status.html"><code>http://hl7.org/fhir/request-status</code></a><table class="none"><tr><td style="white-space:nowrap"><b>Code</b></td><td><b>Display</b></td><td><b>Definition</b></td></tr><tr><td><a href="http://hl7.org/fhir/R4/codesystem-request-status.html#request-status-active">active</a></td><td>Active</td><td>The request is in force and ready to be acted upon.</td></tr><tr><td><a href="http://hl7.org/fhir/R4/codesystem-request-status.html#request-status-revoked">revoked</a></td><td>Revoked</td><td>The request (and any implicit authorization to act) has been terminated prior to the known full completion of the intended actions.  No further activity should occur.</td></tr><tr><td><a href="http://hl7.org/fhir/R4/codesystem-request-status.html#request-status-completed">completed</a></td><td>Completed</td><td>The activity described by the request has been fully performed.  No further activity will occur.</td></tr></table></li></ul></div></text><url value="https://openimis.github.io/openimis_fhir_r4_ig/ValueSet/communication-request-status"/><version value="0.1.0"/><name value="CommunicationRequestStatusVS"/><title value="Claim Feedback Status (CommunicationRequest)"/><status value="active"/><date value="2022-05-17T09:34:33+00:00"/><publisher value="openIMIS Initiative"/><contact><name value="openIMIS Initiative"/><telecom><system value="url"/><value value="https://www.openimis.org"/></telecom></contact><contact><name value="Dragos Dobre"/><telecom><system value="email"/><value value="dragos.dobre@swisstph.ch"/><use value="work"/></telecom></contact><description value="Indicates the status of a feedback (Claim)."/><compose><include><system value="http://hl7.org/fhir/request-status"/><concept><code value="active"/><display value="Active"/></concept><concept><code value="revoked"/><display value="Revoked"/></concept><concept><code value="completed"/><display value="Completed"/></concept></include></compose></ValueSet>