<?xml version="1.0" encoding="UTF-8"?><ValueSet xmlns="http://hl7.org/fhir"><id value="claim-visit-type"/><text><status value="generated"/><div xmlns="http://www.w3.org/1999/xhtml"><ul><li>Include all codes defined in <a href="CodeSystem-claim-visit-type.html"><code>https://openimis.github.io/openimis_fhir_r4_ig/CodeSystem/claim-visit-type</code></a></li></ul></div></text><url value="https://openimis.github.io/openimis_fhir_r4_ig/ValueSet/claim-visit-type"/><version value="0.1.0"/><name value="ClaimVisitTypeVS"/><title value="Visit Type Codes (Claim)"/><status value="active"/><date value="2021-12-16T15:29:31+00:00"/><publisher value="Swiss TPH"/><contact><name value="Swiss TPH"/><telecom><system value="url"/><value value="https://www.swisstph.ch/en/"/></telecom></contact><contact><name value="Dragos Dobre"/><telecom><system value="email"/><value value="dragos.dobre@swisstph.ch"/><use value="work"/></telecom></contact><description value="Indicates the visit type of the Claim. &#xA;Values limited by openIMIS."/><compose><include><system value="https://openimis.github.io/openimis_fhir_r4_ig/CodeSystem/claim-visit-type"/></include></compose></ValueSet>