<?xml version="1.0" encoding="UTF-8"?><ValueSet xmlns="http://hl7.org/fhir"><id value="openimis-identifiers-vs"/><text><status value="extensions"/><div xmlns="http://www.w3.org/1999/xhtml"><ul><li>Include these codes as defined in <a href="CodeSystem-openimis-identifiers.html"><code>https://openimis.github.io/openimis_fhir_r4_ig/CodeSystem-openimis-identifiers</code></a><table class="none"><tr><td style="white-space:nowrap"><b>Code</b></td><td><b>Display</b></td><td><b>Definition</b></td></tr><tr><td><a href="CodeSystem-openimis-identifiers.html#openimis-identifiers-UUID">UUID</a></td><td>UUID unique identifier</td><td>The UUID V4 unique identifier that is generated by the openIMIS Database</td></tr><tr><td><a href="CodeSystem-openimis-identifiers.html#openimis-identifiers-DBID">DBID</a></td><td>DB unique identifier</td><td>The DB unique integer identifier managed by the openIMIS DB</td></tr><tr><td><a href="CodeSystem-openimis-identifiers.html#openimis-identifiers-Code">Code</a></td><td>Unique code</td><td>An identifier issued by the implementer to identify an openIMIS entity</td></tr></table></li></ul></div></text><url value="https://openimis.github.io/openimis_fhi/StructureDefinition-patient-profession"/><version value="0.1.0"/><name value="OpenIMISIdentifierVS"/><title value="openIMIS Identifiers Value Set"/><status value="active"/><date value="2021-07-16T13:22:24+00:00"/><publisher value="Swiss TPH - SCIH - openIMIS Group"/><contact><name value="Swiss TPH - SCIH - openIMIS Group"/><telecom><system value="url"/><value value="https://www.swisstph.ch/en/"/></telecom><telecom><system value="email"/><value value="dragos.dobre@swisstph.ch"/></telecom></contact><description value="Indicates the Identifier type"/><compose><include><system value="https://openimis.github.io/openimis_fhir_r4_ig/CodeSystem-openimis-identifiers"/><concept><code value="UUID"/></concept><concept><code value="DBID"/></concept><concept><code value="Code"/></concept></include></compose></ValueSet>