<?xml version="1.0" encoding="UTF-8"?><ValueSet xmlns="http://hl7.org/fhir"><id value="contract-resource-party-role"/><text><status value="generated"/><div xmlns="http://www.w3.org/1999/xhtml"><ul><li>Include all codes defined in <a href="CodeSystem-contract-resource-party-role.html"><code>https://openimis.github.io/openimis_fhir_r4_ig/CodeSystem/contract-resource-party-role</code></a></li></ul></div></text><url value="https://openimis.github.io/openimis_fhir_r4_ig/ValueSet/contract-resource-party-role"/><version value="0.1.0"/><name value="ContractResourcePartyRoleVS"/><title value="Resource Party Role (Contract)"/><status value="active"/><date value="2021-12-04T14:41:27+00:00"/><publisher value="Swiss TPH"/><contact><name value="Swiss TPH"/><telecom><system value="url"/><value value="https://www.swisstph.ch/en/"/></telecom></contact><contact><name value="Dragos Dobre"/><telecom><system value="email"/><value value="dragos.dobre@swisstph.ch"/><use value="work"/></telecom></contact><description value="Indicates the participant engagement type for the Contract term."/><compose><include><system value="https://openimis.github.io/openimis_fhir_r4_ig/CodeSystem/contract-resource-party-role"/></include></compose></ValueSet>