<?xml version="1.0" encoding="UTF-8"?><ValueSet xmlns="http://hl7.org/fhir"><id value="patient-identification-types"/><text><status value="generated"/><div xmlns="http://www.w3.org/1999/xhtml"><ul><li>Include all codes defined in <a href="CodeSystem-patient-identification-types.html"><code>https://openimis.github.io/openimis_fhir_r4_ig/CodeSystem-patient-identification-types</code></a></li></ul></div></text><url value="https://openimis.github.io/openimis_fhir_r4_ig/ValueSet/patient-identification-types"/><version value="0.1.0"/><name value="PatientIdentificationTypesVS"/><title value="Identification Types (Patient)"/><status value="active"/><date value="2021-09-28T15:56:03+00:00"/><publisher value="Swiss TPH"/><contact><name value="Swiss TPH"/><telecom><system value="url"/><value value="https://www.swisstph.ch/en/"/></telecom></contact><contact><name value="Dragos Dobre"/><telecom><system value="email"/><value value="dragos.dobre@swisstph.ch"/><use value="work"/></telecom></contact><description value="Indicates the type of document the Patient used to identify himself."/><compose><include><system value="https://openimis.github.io/openimis_fhir_r4_ig/CodeSystem-patient-identification-types"/></include></compose></ValueSet>