<?xml version="1.0" encoding="UTF-8"?><ValueSet xmlns="http://hl7.org/fhir"><id value="invoice-price-component-type"/><text><status value="extensions"/><div xmlns="http://www.w3.org/1999/xhtml"><ul><li>Include these codes as defined in <a href="http://hl7.org/fhir/R4/codesystem-invoice-priceComponentType.html"><code>http://hl7.org/fhir/invoice-priceComponentType</code></a><table class="none"><tr><td style="white-space:nowrap"><b>Code</b></td><td><b>Display</b></td><td><b>Definition</b></td></tr><tr><td><a href="http://hl7.org/fhir/R4/codesystem-invoice-priceComponentType.html#invoice-priceComponentType-base">base</a></td><td>base price</td><td>the amount is the base price used for calculating the total price before applying surcharges, discount or taxes.</td></tr><tr><td><a href="http://hl7.org/fhir/R4/codesystem-invoice-priceComponentType.html#invoice-priceComponentType-discount">discount</a></td><td>discount</td><td>the amount is a discount applied on the base price.</td></tr><tr><td><a href="http://hl7.org/fhir/R4/codesystem-invoice-priceComponentType.html#invoice-priceComponentType-deduction">deduction</a></td><td>deduction</td><td>the amount is a deduction applied on the base price.</td></tr><tr><td><a href="http://hl7.org/fhir/R4/codesystem-invoice-priceComponentType.html#invoice-priceComponentType-tax">tax</a></td><td>tax</td><td>the amount is the tax component of the total price.</td></tr></table></li></ul></div></text><url value="https://openimis.github.io/openimis_fhir_r4_ig/ValueSet/invoice-price-component-type"/><version value="0.1.0"/><name value="InvoicePriceComponentTypeVS"/><title value="PriceComponent Type (Invoice)"/><status value="active"/><date value="2021-12-04T14:00:22+00:00"/><publisher value="Swiss TPH"/><contact><name value="Swiss TPH"/><telecom><system value="url"/><value value="https://www.swisstph.ch/en/"/></telecom></contact><contact><name value="Dragos Dobre"/><telecom><system value="email"/><value value="dragos.dobre@swisstph.ch"/><use value="work"/></telecom></contact><description value="Indicates the Type for a PriceComponent from an Invoice."/><compose><include><system value="http://hl7.org/fhir/invoice-priceComponentType"/><concept><code value="base"/><display value="base price"/></concept><concept><code value="discount"/><display value="discount"/></concept><concept><code value="deduction"/><display value="deduction"/></concept><concept><code value="tax"/><display value="tax"/></concept></include></compose></ValueSet>