<?xml version="1.0" encoding="UTF-8"?><ValueSet xmlns="http://hl7.org/fhir"><id value="diagnosis-ICD10-level1"/><text><status value="generated"/><div xmlns="http://www.w3.org/1999/xhtml"><ul><li>Include all codes defined in <a href="CodeSystem-diagnosis-ICD10-level1.html"><code>https://openimis.github.io/openimis_fhir_r4_ig/CodeSystem/diagnosis-ICD10-level1</code></a></li></ul></div></text><url value="https://openimis.github.io/openimis_fhir_r4_ig/ValueSet/diagnosis-ICD10-level1"/><version value="0.1.0"/><name value="DiagnosisICD10Level1VS"/><title value="ICD 10 Level 1 diagnosis"/><status value="active"/><date value="2021-07-30T14:10:36+00:00"/><publisher value="Swiss TPH"/><contact><name value="Swiss TPH"/><telecom><system value="url"/><value value="https://www.swisstph.ch/en/"/></telecom></contact><contact><name value="Dragos Dobre"/><telecom><system value="email"/><value value="dragos.dobre@swisstph.ch"/><use value="work"/></telecom></contact><description value="Example of diagnosis to be used with Claim resource. The actual list is configured in openIMIS."/><compose><include><system value="https://openimis.github.io/openimis_fhir_r4_ig/CodeSystem/diagnosis-ICD10-level1"/></include></compose></ValueSet>