[
  {
    "id": "ExampleCapabilityStatement",
    "type": "CapabilityStatement",
    "url": "https://openimis.github.io/openimis_fhir_r4_ig/CapabilityStatement/ExampleCapabilityStatement",
    "version": "0.1.0",
    "name": "Example Capability Statement"
  },
  {
    "id": "group-confirmation-type",
    "type": "CodeSystem",
    "url": "https://openimis.github.io/openimis_fhir_r4_ig/CodeSystem-confirmation-type",
    "version": "0.1.0",
    "name": "GroupConfirmationTypeCS"
  },
  {
    "id": "group-types",
    "type": "CodeSystem",
    "url": "https://openimis.github.io/openimis_fhir_r4_ig/CodeSystem-group-types",
    "version": "0.1.0",
    "name": "GroupTypesCS"
  },
  {
    "id": "openimis-identifiers",
    "type": "CodeSystem",
    "url": "https://openimis.github.io/openimis_fhir_r4_ig/CodeSystem-openimis-identifiers",
    "version": "0.1.0",
    "name": "OpenIMISIdentifierCS"
  },
  {
    "id": "patient-contact-relationship",
    "type": "CodeSystem",
    "url": "https://openimis.github.io/openimis_fhir_r4_ig/CodeSystem-patient-contact-relationship",
    "version": "0.1.0",
    "name": "PatientContactRelationshipCS"
  },
  {
    "id": "patient-education-level",
    "type": "CodeSystem",
    "url": "https://openimis.github.io/openimis_fhir_r4_ig/CodeSystem-patient-education-level",
    "version": "0.1.0",
    "name": "PatientEducationLevelCS"
  },
  {
    "id": "patient-identification-types",
    "type": "CodeSystem",
    "url": "https://openimis.github.io/openimis_fhir_r4_ig/CodeSystem-patient-identification-types",
    "version": "0.1.0",
    "name": "PatientIdentificationTypesCS"
  },
  {
    "id": "patient-profession",
    "type": "CodeSystem",
    "url": "https://openimis.github.io/openimis_fhir_r4_ig/CodeSystem-patient-profession",
    "version": "0.1.0",
    "name": "PatientProfessionCS"
  },
  {
    "id": "openimis.fhir.r4",
    "type": "ImplementationGuide",
    "url": "https://openimis.github.io/openimis_fhir_r4_ig/ImplementationGuide/openimis.fhir.r4",
    "version": "0.1.0",
    "name": "openIMISFHIRR4"
  },
  {
    "id": "address-location-reference",
    "type": "StructureDefinition",
    "url": "https://openimis.github.io/openimis_fhir_r4_ig/StructureDefinition-address-location-reference",
    "version": "0.1.0",
    "name": "AddressLocationReferenceExtension"
  },
  {
    "id": "address-municipality",
    "type": "StructureDefinition",
    "url": "https://openimis.github.io/openimis_fhir_r4_ig/StructureDefinition-address-municipality",
    "version": "0.1.0",
    "name": "AddressMunicipalityExtension"
  },
  {
    "id": "group-address",
    "type": "StructureDefinition",
    "url": "https://openimis.github.io/openimis_fhir_r4_ig/StructureDefinition-group-address",
    "version": "0.1.0",
    "name": "GroupAddressExtension"
  },
  {
    "id": "group-confirmation",
    "type": "StructureDefinition",
    "url": "https://openimis.github.io/openimis_fhir_r4_ig/StructureDefinition-group-confirmation",
    "version": "0.1.0",
    "name": "GroupConfirmationExtension"
  },
  {
    "id": "group-poverty-status",
    "type": "StructureDefinition",
    "url": "https://openimis.github.io/openimis_fhir_r4_ig/StructureDefinition-group-poverty-status",
    "version": "0.1.0",
    "name": "GroupPovertyStatusExtension"
  },
  {
    "id": "group-type",
    "type": "StructureDefinition",
    "url": "https://openimis.github.io/openimis_fhir_r4_ig/StructureDefinition-group-type",
    "version": "0.1.0",
    "name": "GroupTypeExtension"
  },
  {
    "id": "patient-card-issued",
    "type": "StructureDefinition",
    "url": "https://openimis.github.io/openimis_fhir_r4_ig/StructureDefinition-patient-card-issued",
    "version": "0.1.0",
    "name": "PatientCardIssuedExtension"
  },
  {
    "id": "patient-education-level",
    "type": "StructureDefinition",
    "url": "https://openimis.github.io/openimis_fhir_r4_ig/StructureDefinition-patient-education-level",
    "version": "0.1.0",
    "name": "PatientEducationLevelExtension"
  },
  {
    "id": "patient-group-reference",
    "type": "StructureDefinition",
    "url": "https://openimis.github.io/openimis_fhir_r4_ig/StructureDefinition-patient-group-reference",
    "version": "0.1.0",
    "name": "PatientGroupReference"
  },
  {
    "id": "patient-identification",
    "type": "StructureDefinition",
    "url": "https://openimis.github.io/openimis_fhir_r4_ig/StructureDefinition-patient-identification",
    "version": "0.1.0",
    "name": "PatientIdentificationExtension"
  },
  {
    "id": "patient-is-head",
    "type": "StructureDefinition",
    "url": "https://openimis.github.io/openimis_fhir_r4_ig/StructureDefinition-patient-is-head",
    "version": "0.1.0",
    "name": "PatientIsHeadExtension"
  },
  {
    "id": "patient-profession",
    "type": "StructureDefinition",
    "url": "https://openimis.github.io/openimis_fhir_r4_ig/StructureDefinition-patient-profession",
    "version": "0.1.0",
    "name": "PatientProfessionExtension"
  },
  {
    "id": "patient-vulnerability-status",
    "type": "StructureDefinition",
    "url": "https://openimis.github.io/openimis_fhir_r4_ig/StructureDefinition-patient-vulnerability-status",
    "version": "0.1.0",
    "name": "PatientVulnerabilityStatusExtension"
  },
  {
    "id": "openimis-group",
    "type": "StructureDefinition",
    "url": "https://openimis.github.io/openimis_fhir_r4_ig/StructureDefinition/openimis-group",
    "version": "0.1.0",
    "name": "OpenIMISGroup"
  },
  {
    "id": "openimis-health-facility-organization",
    "type": "StructureDefinition",
    "url": "https://openimis.github.io/openimis_fhir_r4_ig/StructureDefinition/openimis-health-facility-organization",
    "version": "0.1.0",
    "name": "OpenIMISHealthFacilityOrganization"
  },
  {
    "id": "openimis-patient",
    "type": "StructureDefinition",
    "url": "https://openimis.github.io/openimis_fhir_r4_ig/StructureDefinition/openimis-patient",
    "version": "0.1.0",
    "name": "OpenIMISPatient"
  },
  {
    "id": "group-confirmation-type",
    "type": "ValueSet",
    "url": "https://openimis.github.io/openimis_fhir_r4_ig/ValueSet-confirmation-type",
    "version": "0.1.0",
    "name": "GroupConfirmationTypeVS"
  },
  {
    "id": "group-types",
    "type": "ValueSet",
    "url": "https://openimis.github.io/openimis_fhir_r4_ig/ValueSet-group-types",
    "version": "0.1.0",
    "name": "GroupTypesVS"
  },
  {
    "id": "openimis-identifiers",
    "type": "ValueSet",
    "url": "https://openimis.github.io/openimis_fhir_r4_ig/ValueSet-openimis-identifiers",
    "version": "0.1.0",
    "name": "OpenIMISIdentifierVS"
  },
  {
    "id": "patient-contact-relationship",
    "type": "ValueSet",
    "url": "https://openimis.github.io/openimis_fhir_r4_ig/ValueSet-patient-contact-relationship",
    "version": "0.1.0",
    "name": "PatientContactRelationshipVS"
  },
  {
    "id": "patient-education-level",
    "type": "ValueSet",
    "url": "https://openimis.github.io/openimis_fhir_r4_ig/ValueSet-patient-education-level",
    "version": "0.1.0",
    "name": "PatientEducationLevelVS"
  },
  {
    "id": "patient-identification-types",
    "type": "ValueSet",
    "url": "https://openimis.github.io/openimis_fhir_r4_ig/ValueSet-patient-identification-types",
    "version": "0.1.0",
    "name": "PatientIdentificationTypesVS"
  },
  {
    "id": "patient-marital-status",
    "type": "ValueSet",
    "url": "https://openimis.github.io/openimis_fhir_r4_ig/ValueSet-patient-marital-status",
    "version": "0.1.0",
    "name": "PatientMaritalStatusVS"
  },
  {
    "id": "patient-profession",
    "type": "ValueSet",
    "url": "https://openimis.github.io/openimis_fhir_r4_ig/ValueSet-patient-profession",
    "version": "0.1.0",
    "name": "PatientProfessionVS"
  }
]