[
  {
    "id": "GeneralConsultationService",
    "type": "ActivityDefinition",
    "url": "https://openimis.github.io/openimis_fhir_r4_ig/ActivityDefinition/GeneralConsultationService",
    "version": "0.1.0",
    "name": "A1"
  },
  {
    "id": "ExampleCapabilityStatement",
    "type": "CapabilityStatement",
    "url": "https://openimis.github.io/openimis_fhir_r4_ig/CapabilityStatement/ExampleCapabilityStatement",
    "version": "0.1.0",
    "name": "Example Capability Statement"
  },
  {
    "id": "patient-identification-types",
    "type": "CodeSystem",
    "url": "https://openimis.github.io/openimis_fhir_r4_ig/CodeSystem-patient-identification-types",
    "version": "0.1.0",
    "name": "PatientIdentificationTypesCS"
  },
  {
    "id": "activity-definition-service-type",
    "type": "CodeSystem",
    "url": "https://openimis.github.io/openimis_fhir_r4_ig/CodeSystem/activity-definition-service-type",
    "version": "0.1.0",
    "name": "ActivityDefinitionServiceTypeCS"
  },
  {
    "id": "activity-definition-usage-context-workflow-type",
    "type": "CodeSystem",
    "url": "https://openimis.github.io/openimis_fhir_r4_ig/CodeSystem/activity-definition-usage-context-workflow-type",
    "version": "0.1.0",
    "name": "ActivityDefinitionUsageContextWorkflowTypeCS"
  },
  {
    "id": "claim-item-category",
    "type": "CodeSystem",
    "url": "https://openimis.github.io/openimis_fhir_r4_ig/CodeSystem/claim-item-category",
    "version": "0.1.0",
    "name": "ClaimItemCategoryCS"
  },
  {
    "id": "claim-rejection-reasons",
    "type": "CodeSystem",
    "url": "https://openimis.github.io/openimis_fhir_r4_ig/CodeSystem/claim-rejection-reasons",
    "version": "0.1.0",
    "name": "ClaimRejectionReasonsCS"
  },
  {
    "id": "claim-status",
    "type": "CodeSystem",
    "url": "https://openimis.github.io/openimis_fhir_r4_ig/CodeSystem/claim-status",
    "version": "0.1.0",
    "name": "ClaimStatusCS"
  },
  {
    "id": "claim-supporting-info-category",
    "type": "CodeSystem",
    "url": "https://openimis.github.io/openimis_fhir_r4_ig/CodeSystem/claim-supporting-info-category",
    "version": "0.1.0",
    "name": "ClaimSupportingInfoCategoryCS"
  },
  {
    "id": "claim-visit-type",
    "type": "CodeSystem",
    "url": "https://openimis.github.io/openimis_fhir_r4_ig/CodeSystem/claim-visit-type",
    "version": "0.1.0",
    "name": "ClaimVisitTypeCS"
  },
  {
    "id": "contract-premium-category",
    "type": "CodeSystem",
    "url": "https://openimis.github.io/openimis_fhir_r4_ig/CodeSystem/contract-premium-category",
    "version": "0.1.0",
    "name": "ContractPremiumCategoryCS"
  },
  {
    "id": "contract-premium-payer",
    "type": "CodeSystem",
    "url": "https://openimis.github.io/openimis_fhir_r4_ig/CodeSystem/contract-premium-payer",
    "version": "0.1.0",
    "name": "ContractPremiumPayerCS"
  },
  {
    "id": "contract-premium-type",
    "type": "CodeSystem",
    "url": "https://openimis.github.io/openimis_fhir_r4_ig/CodeSystem/contract-premium-type",
    "version": "0.1.0",
    "name": "ContractPremiumTypeCS"
  },
  {
    "id": "contract-resource-party-role",
    "type": "CodeSystem",
    "url": "https://openimis.github.io/openimis_fhir_r4_ig/CodeSystem/contract-resource-party-role",
    "version": "0.1.0",
    "name": "ContractResourcePartyRoleCS"
  },
  {
    "id": "contract-scope",
    "type": "CodeSystem",
    "url": "https://openimis.github.io/openimis_fhir_r4_ig/CodeSystem/contract-scope",
    "version": "0.1.0",
    "name": "ContractScopeCS"
  },
  {
    "id": "diagnosis-ICD10-level1",
    "type": "CodeSystem",
    "url": "https://openimis.github.io/openimis_fhir_r4_ig/CodeSystem/diagnosis-ICD10-level1",
    "version": "0.1.0",
    "name": "DiagnosisICD10Level1CS"
  },
  {
    "id": "group-confirmation-type",
    "type": "CodeSystem",
    "url": "https://openimis.github.io/openimis_fhir_r4_ig/CodeSystem/group-confirmation-type",
    "version": "0.1.0",
    "name": "GroupConfirmationTypeCS"
  },
  {
    "id": "group-types",
    "type": "CodeSystem",
    "url": "https://openimis.github.io/openimis_fhir_r4_ig/CodeSystem/group-types",
    "version": "0.1.0",
    "name": "GroupTypesCS"
  },
  {
    "id": "insurance-plan-coverage-benefit-limit",
    "type": "CodeSystem",
    "url": "https://openimis.github.io/openimis_fhir_r4_ig/CodeSystem/insurance-plan-coverage-benefit-limit",
    "version": "0.1.0",
    "name": "InsurancePlanCoverageBenefitLimitCS"
  },
  {
    "id": "insurance-plan-general-cost-type",
    "type": "CodeSystem",
    "url": "https://openimis.github.io/openimis_fhir_r4_ig/CodeSystem/insurance-plan-general-cost-type",
    "version": "0.1.0",
    "name": "InsurancePlanGeneralCostTypeCS"
  },
  {
    "id": "location-type",
    "type": "CodeSystem",
    "url": "https://openimis.github.io/openimis_fhir_r4_ig/CodeSystem/location-type",
    "version": "0.1.0",
    "name": "LocationTypeCS"
  },
  {
    "id": "medication-item-type",
    "type": "CodeSystem",
    "url": "https://openimis.github.io/openimis_fhir_r4_ig/CodeSystem/medication-item-type",
    "version": "0.1.0",
    "name": "MedicationItemTypeCS"
  },
  {
    "id": "openimis-identifiers",
    "type": "CodeSystem",
    "url": "https://openimis.github.io/openimis_fhir_r4_ig/CodeSystem/openimis-identifiers",
    "version": "0.1.0",
    "name": "OpenIMISIdentifierCS"
  },
  {
    "id": "organization-hf-level",
    "type": "CodeSystem",
    "url": "https://openimis.github.io/openimis_fhir_r4_ig/CodeSystem/organization-hf-level",
    "version": "0.1.0",
    "name": "OrganizationHFLevelCS"
  },
  {
    "id": "organization-legal-form",
    "type": "CodeSystem",
    "url": "https://openimis.github.io/openimis_fhir_r4_ig/CodeSystem/organization-legal-form",
    "version": "0.1.0",
    "name": "OrganizationLegalFormCS"
  },
  {
    "id": "patient-contact-relationship",
    "type": "CodeSystem",
    "url": "https://openimis.github.io/openimis_fhir_r4_ig/CodeSystem/patient-contact-relationship",
    "version": "0.1.0",
    "name": "PatientContactRelationshipCS"
  },
  {
    "id": "patient-education-level",
    "type": "CodeSystem",
    "url": "https://openimis.github.io/openimis_fhir_r4_ig/CodeSystem/patient-education-level",
    "version": "0.1.0",
    "name": "PatientEducationLevelCS"
  },
  {
    "id": "patient-profession",
    "type": "CodeSystem",
    "url": "https://openimis.github.io/openimis_fhir_r4_ig/CodeSystem/patient-profession",
    "version": "0.1.0",
    "name": "PatientProfessionCS"
  },
  {
    "id": "practitioner-qualification-type",
    "type": "CodeSystem",
    "url": "https://openimis.github.io/openimis_fhir_r4_ig/CodeSystem/practitioner-qualification-type",
    "version": "0.1.0",
    "name": "PractitionerQualificationTypeCS"
  },
  {
    "id": "usage-context-age-type",
    "type": "CodeSystem",
    "url": "https://openimis.github.io/openimis_fhir_r4_ig/CodeSystem/usage-context-age-type",
    "version": "0.1.0",
    "name": "UsageContextAgeTypeCS"
  },
  {
    "id": "openimis.fhir.r4",
    "type": "ImplementationGuide",
    "url": "https://openimis.github.io/openimis_fhir_r4_ig/ImplementationGuide/openimis.fhir.r4",
    "version": "0.1.0",
    "name": "openIMISFHIRR4"
  },
  {
    "id": "address-location-reference",
    "type": "StructureDefinition",
    "url": "https://openimis.github.io/openimis_fhir_r4_ig/StructureDefinition/address-location-reference",
    "version": "0.1.0",
    "name": "AddressLocationReferenceExtension"
  },
  {
    "id": "address-municipality",
    "type": "StructureDefinition",
    "url": "https://openimis.github.io/openimis_fhir_r4_ig/StructureDefinition/address-municipality",
    "version": "0.1.0",
    "name": "AddressMunicipalityExtension"
  },
  {
    "id": "claim-item-reference",
    "type": "StructureDefinition",
    "url": "https://openimis.github.io/openimis_fhir_r4_ig/StructureDefinition/claim-item-reference",
    "version": "0.1.0",
    "name": "ClaimItemReferenceExtension"
  },
  {
    "id": "contract-premium",
    "type": "StructureDefinition",
    "url": "https://openimis.github.io/openimis_fhir_r4_ig/StructureDefinition/contract-premium",
    "version": "0.1.0",
    "name": "ContractPremiumExtension"
  },
  {
    "id": "group-address",
    "type": "StructureDefinition",
    "url": "https://openimis.github.io/openimis_fhir_r4_ig/StructureDefinition/group-address",
    "version": "0.1.0",
    "name": "GroupAddressExtension"
  },
  {
    "id": "group-confirmation",
    "type": "StructureDefinition",
    "url": "https://openimis.github.io/openimis_fhir_r4_ig/StructureDefinition/group-confirmation",
    "version": "0.1.0",
    "name": "GroupConfirmationExtension"
  },
  {
    "id": "group-poverty-status",
    "type": "StructureDefinition",
    "url": "https://openimis.github.io/openimis_fhir_r4_ig/StructureDefinition/group-poverty-status",
    "version": "0.1.0",
    "name": "GroupPovertyStatusExtension"
  },
  {
    "id": "group-type",
    "type": "StructureDefinition",
    "url": "https://openimis.github.io/openimis_fhir_r4_ig/StructureDefinition/group-type",
    "version": "0.1.0",
    "name": "GroupTypeExtension"
  },
  {
    "id": "insurance-plan-conversion",
    "type": "StructureDefinition",
    "url": "https://openimis.github.io/openimis_fhir_r4_ig/StructureDefinition/insurance-plan-conversion",
    "version": "0.1.0",
    "name": "InsurancePlanConversionExtension"
  },
  {
    "id": "insurance-plan-discount",
    "type": "StructureDefinition",
    "url": "https://openimis.github.io/openimis_fhir_r4_ig/StructureDefinition/insurance-plan-discount",
    "version": "0.1.0",
    "name": "InsurancePlanDiscountExtension"
  },
  {
    "id": "insurance-plan-max-installments",
    "type": "StructureDefinition",
    "url": "https://openimis.github.io/openimis_fhir_r4_ig/StructureDefinition/insurance-plan-max-installments",
    "version": "0.1.0",
    "name": "InsurancePlanMaxInstallmentsExtension"
  },
  {
    "id": "insurance-plan-period",
    "type": "StructureDefinition",
    "url": "https://openimis.github.io/openimis_fhir_r4_ig/StructureDefinition/insurance-plan-period",
    "version": "0.1.0",
    "name": "InsurancePlanPeriodExtension"
  },
  {
    "id": "insurance-plan-start-cycle",
    "type": "StructureDefinition",
    "url": "https://openimis.github.io/openimis_fhir_r4_ig/StructureDefinition/insurance-plan-start-cycle",
    "version": "0.1.0",
    "name": "InsurancePlanStartCycleExtension"
  },
  {
    "id": "medication-frequency",
    "type": "StructureDefinition",
    "url": "https://openimis.github.io/openimis_fhir_r4_ig/StructureDefinition/medication-frequency",
    "version": "0.1.0",
    "name": "MedicationFrequencyExtension"
  },
  {
    "id": "medication-type",
    "type": "StructureDefinition",
    "url": "https://openimis.github.io/openimis_fhir_r4_ig/StructureDefinition/medication-type",
    "version": "0.1.0",
    "name": "MedicationTypeExtension"
  },
  {
    "id": "medication-usage-context",
    "type": "StructureDefinition",
    "url": "https://openimis.github.io/openimis_fhir_r4_ig/StructureDefinition/medication-usage-context",
    "version": "0.1.0",
    "name": "MedicationUsageContextExtension"
  },
  {
    "id": "openimis-activitiy-definition",
    "type": "StructureDefinition",
    "url": "https://openimis.github.io/openimis_fhir_r4_ig/StructureDefinition/openimis-activitiy-definition",
    "version": "0.1.0",
    "name": "OpenIMISActivityDefinition"
  },
  {
    "id": "openimis-claim",
    "type": "StructureDefinition",
    "url": "https://openimis.github.io/openimis_fhir_r4_ig/StructureDefinition/openimis-claim",
    "version": "0.1.0",
    "name": "OpenIMISClaim"
  },
  {
    "id": "openimis-claim-administrator-practitioner",
    "type": "StructureDefinition",
    "url": "https://openimis.github.io/openimis_fhir_r4_ig/StructureDefinition/openimis-claim-administrator-practitioner",
    "version": "0.1.0",
    "name": "OpenIMISClaimAdministratorPractitioner"
  },
  {
    "id": "openimis-claim-administrator-practitioner-role",
    "type": "StructureDefinition",
    "url": "https://openimis.github.io/openimis_fhir_r4_ig/StructureDefinition/openimis-claim-administrator-practitioner-role",
    "version": "0.1.0",
    "name": "OpenIMISClaimAdministratorPractitionerRole"
  },
  {
    "id": "openimis-claim-response",
    "type": "StructureDefinition",
    "url": "https://openimis.github.io/openimis_fhir_r4_ig/StructureDefinition/openimis-claim-response",
    "version": "0.1.0",
    "name": "OpenIMISClaimResponse"
  },
  {
    "id": "openimis-communication-request",
    "type": "StructureDefinition",
    "url": "https://openimis.github.io/openimis_fhir_r4_ig/StructureDefinition/openimis-communication-request",
    "version": "0.1.0",
    "name": "OpenIMISCommunicationRequest"
  },
  {
    "id": "openimis-contract",
    "type": "StructureDefinition",
    "url": "https://openimis.github.io/openimis_fhir_r4_ig/StructureDefinition/openimis-contract",
    "version": "0.1.0",
    "name": "OpenIMISContract"
  },
  {
    "id": "openimis-coverage",
    "type": "StructureDefinition",
    "url": "https://openimis.github.io/openimis_fhir_r4_ig/StructureDefinition/openimis-coverage",
    "version": "0.1.0",
    "name": "OpenIMISCoverage"
  },
  {
    "id": "openimis-coverage-eligibility-request",
    "type": "StructureDefinition",
    "url": "https://openimis.github.io/openimis_fhir_r4_ig/StructureDefinition/openimis-coverage-eligibility-request",
    "version": "0.1.0",
    "name": "OpenIMISCoverageEligibilityRequest"
  },
  {
    "id": "openimis-enrolment-officer-practitioner",
    "type": "StructureDefinition",
    "url": "https://openimis.github.io/openimis_fhir_r4_ig/StructureDefinition/openimis-enrolment-officer-practitioner",
    "version": "0.1.0",
    "name": "OpenIMISEnrolmentOfficerPractitioner"
  },
  {
    "id": "openimis-enrolment-officer-practitioner-role",
    "type": "StructureDefinition",
    "url": "https://openimis.github.io/openimis_fhir_r4_ig/StructureDefinition/openimis-enrolment-officer-practitioner-role",
    "version": "0.1.0",
    "name": "OpenIMISEnrolmentOfficerPractitionerRole"
  },
  {
    "id": "openimis-group",
    "type": "StructureDefinition",
    "url": "https://openimis.github.io/openimis_fhir_r4_ig/StructureDefinition/openimis-group",
    "version": "0.1.0",
    "name": "OpenIMISGroup"
  },
  {
    "id": "openimis-health-facility-organization",
    "type": "StructureDefinition",
    "url": "https://openimis.github.io/openimis_fhir_r4_ig/StructureDefinition/openimis-health-facility-organization",
    "version": "0.1.0",
    "name": "OpenIMISHealthFacilityOrganization"
  },
  {
    "id": "openimis-insurance-plan",
    "type": "StructureDefinition",
    "url": "https://openimis.github.io/openimis_fhir_r4_ig/StructureDefinition/openimis-insurance-plan",
    "version": "0.1.0",
    "name": "OpenIMISInsurancePlan"
  },
  {
    "id": "openimis-location",
    "type": "StructureDefinition",
    "url": "https://openimis.github.io/openimis_fhir_r4_ig/StructureDefinition/openimis-location",
    "version": "0.1.0",
    "name": "OpenIMISLocation"
  },
  {
    "id": "openimis-medication",
    "type": "StructureDefinition",
    "url": "https://openimis.github.io/openimis_fhir_r4_ig/StructureDefinition/openimis-medication",
    "version": "0.1.0",
    "name": "OpenIMISMedication"
  },
  {
    "id": "openimis-patient",
    "type": "StructureDefinition",
    "url": "https://openimis.github.io/openimis_fhir_r4_ig/StructureDefinition/openimis-patient",
    "version": "0.1.0",
    "name": "OpenIMISPatient"
  },
  {
    "id": "openimis-policy-holder-organization",
    "type": "StructureDefinition",
    "url": "https://openimis.github.io/openimis_fhir_r4_ig/StructureDefinition/openimis-policy-holder-organization",
    "version": "0.1.0",
    "name": "OpenIMISPolicyHolderOrganization"
  },
  {
    "id": "organization-hf-level",
    "type": "StructureDefinition",
    "url": "https://openimis.github.io/openimis_fhir_r4_ig/StructureDefinition/organization-hf-level",
    "version": "0.1.0",
    "name": "OrganizationHFLevelExtension"
  },
  {
    "id": "organization-legal-form",
    "type": "StructureDefinition",
    "url": "https://openimis.github.io/openimis_fhir_r4_ig/StructureDefinition/organization-legal-form",
    "version": "0.1.0",
    "name": "OrganizationLegalFormExtension"
  },
  {
    "id": "patient-card-issued",
    "type": "StructureDefinition",
    "url": "https://openimis.github.io/openimis_fhir_r4_ig/StructureDefinition/patient-card-issued",
    "version": "0.1.0",
    "name": "PatientCardIssuedExtension"
  },
  {
    "id": "patient-education-level",
    "type": "StructureDefinition",
    "url": "https://openimis.github.io/openimis_fhir_r4_ig/StructureDefinition/patient-education-level",
    "version": "0.1.0",
    "name": "PatientEducationLevelExtension"
  },
  {
    "id": "patient-group-reference",
    "type": "StructureDefinition",
    "url": "https://openimis.github.io/openimis_fhir_r4_ig/StructureDefinition/patient-group-reference",
    "version": "0.1.0",
    "name": "PatientGroupReference"
  },
  {
    "id": "patient-identification",
    "type": "StructureDefinition",
    "url": "https://openimis.github.io/openimis_fhir_r4_ig/StructureDefinition/patient-identification",
    "version": "0.1.0",
    "name": "PatientIdentificationExtension"
  },
  {
    "id": "patient-is-head",
    "type": "StructureDefinition",
    "url": "https://openimis.github.io/openimis_fhir_r4_ig/StructureDefinition/patient-is-head",
    "version": "0.1.0",
    "name": "PatientIsHeadExtension"
  },
  {
    "id": "patient-profession",
    "type": "StructureDefinition",
    "url": "https://openimis.github.io/openimis_fhir_r4_ig/StructureDefinition/patient-profession",
    "version": "0.1.0",
    "name": "PatientProfessionExtension"
  },
  {
    "id": "patient-vulnerability-status",
    "type": "StructureDefinition",
    "url": "https://openimis.github.io/openimis_fhir_r4_ig/StructureDefinition/patient-vulnerability-status",
    "version": "0.1.0",
    "name": "PatientVulnerabilityStatusExtension"
  },
  {
    "id": "practitioner-role-substitution-reference",
    "type": "StructureDefinition",
    "url": "https://openimis.github.io/openimis_fhir_r4_ig/StructureDefinition/practitioner-role-substitution-reference",
    "version": "0.1.0",
    "name": "PractitionerRoleSubstitutionReferenceExtension"
  },
  {
    "id": "unit-price",
    "type": "StructureDefinition",
    "url": "https://openimis.github.io/openimis_fhir_r4_ig/StructureDefinition/unit-price",
    "version": "0.1.0",
    "name": "UnitPriceExtension"
  },
  {
    "id": "activity-definition-service-type",
    "type": "ValueSet",
    "url": "https://openimis.github.io/openimis_fhir_r4_ig/ValueSet/activity-definition-service-type",
    "version": "0.1.0",
    "name": "ActivityDefinitionServiceTypeVS"
  },
  {
    "id": "activity-definition-usage-context-type",
    "type": "ValueSet",
    "url": "https://openimis.github.io/openimis_fhir_r4_ig/ValueSet/activity-definition-usage-context-type",
    "version": "0.1.0",
    "name": "ActivityDefinitionUsageContextTypeVS"
  },
  {
    "id": "activity-definition-usage-context-venue-type",
    "type": "ValueSet",
    "url": "https://openimis.github.io/openimis_fhir_r4_ig/ValueSet/activity-definition-usage-context-venue-type",
    "version": "0.1.0",
    "name": "ActivityDefinitionUsageContextVenueTypeVS"
  },
  {
    "id": "activity-definition-usage-context-workflow-type",
    "type": "ValueSet",
    "url": "https://openimis.github.io/openimis_fhir_r4_ig/ValueSet/activity-definition-usage-context-workflow-type",
    "version": "0.1.0",
    "name": "ActivityDefinitionUsageContextWorkflowTypeVS"
  },
  {
    "id": "claim-item-category",
    "type": "ValueSet",
    "url": "https://openimis.github.io/openimis_fhir_r4_ig/ValueSet/claim-item-category",
    "version": "0.1.0",
    "name": "ClaimItemCategoryVS"
  },
  {
    "id": "claim-rejection-reasons",
    "type": "ValueSet",
    "url": "https://openimis.github.io/openimis_fhir_r4_ig/ValueSet/claim-rejection-reasons",
    "version": "0.1.0",
    "name": "ClaimRejectionReasonsVS"
  },
  {
    "id": "claim-status",
    "type": "ValueSet",
    "url": "https://openimis.github.io/openimis_fhir_r4_ig/ValueSet/claim-status",
    "version": "0.1.0",
    "name": "ClaimStatusVS"
  },
  {
    "id": "claim-supporting-info-category",
    "type": "ValueSet",
    "url": "https://openimis.github.io/openimis_fhir_r4_ig/ValueSet/claim-supporting-info-category",
    "version": "0.1.0",
    "name": "ClaimSupportingInfoCategoryVS"
  },
  {
    "id": "claim-visit-type",
    "type": "ValueSet",
    "url": "https://openimis.github.io/openimis_fhir_r4_ig/ValueSet/claim-visit-type",
    "version": "0.1.0",
    "name": "ClaimVisitTypeVS"
  },
  {
    "id": "contract-premium-category",
    "type": "ValueSet",
    "url": "https://openimis.github.io/openimis_fhir_r4_ig/ValueSet/contract-premium-category",
    "version": "0.1.0",
    "name": "ContractPremiumCategoryVS"
  },
  {
    "id": "contract-premium-payer",
    "type": "ValueSet",
    "url": "https://openimis.github.io/openimis_fhir_r4_ig/ValueSet/contract-premium-payer",
    "version": "0.1.0",
    "name": "ContractPremiumPayerVS"
  },
  {
    "id": "contract-premium-type",
    "type": "ValueSet",
    "url": "https://openimis.github.io/openimis_fhir_r4_ig/ValueSet/contract-premium-type",
    "version": "0.1.0",
    "name": "ContractPremiumTypeVS"
  },
  {
    "id": "contract-resource-party-role",
    "type": "ValueSet",
    "url": "https://openimis.github.io/openimis_fhir_r4_ig/ValueSet/contract-resource-party-role",
    "version": "0.1.0",
    "name": "ContractResourcePartyRoleVS"
  },
  {
    "id": "contract-scope",
    "type": "ValueSet",
    "url": "https://openimis.github.io/openimis_fhir_r4_ig/ValueSet/contract-scope",
    "version": "0.1.0",
    "name": "ContractScopeVS"
  },
  {
    "id": "contract-status-codes",
    "type": "ValueSet",
    "url": "https://openimis.github.io/openimis_fhir_r4_ig/ValueSet/contract-status-codes",
    "version": "0.1.0",
    "name": "ContractStatusCodesVS"
  },
  {
    "id": "diagnosis-ICD10-level1",
    "type": "ValueSet",
    "url": "https://openimis.github.io/openimis_fhir_r4_ig/ValueSet/diagnosis-ICD10-level1",
    "version": "0.1.0",
    "name": "DiagnosisICD10Level1VS"
  },
  {
    "id": "group-confirmation-type",
    "type": "ValueSet",
    "url": "https://openimis.github.io/openimis_fhir_r4_ig/ValueSet/group-confirmation-type",
    "version": "0.1.0",
    "name": "GroupConfirmationTypeVS"
  },
  {
    "id": "group-types",
    "type": "ValueSet",
    "url": "https://openimis.github.io/openimis_fhir_r4_ig/ValueSet/group-types",
    "version": "0.1.0",
    "name": "GroupTypesVS"
  },
  {
    "id": "insurance-plan-coverage-benefit-limit",
    "type": "ValueSet",
    "url": "https://openimis.github.io/openimis_fhir_r4_ig/ValueSet/insurance-plan-coverage-benefit-limit",
    "version": "0.1.0",
    "name": "InsurancePlanCoverageBenefitLimitVS"
  },
  {
    "id": "insurance-plan-coverage-type",
    "type": "ValueSet",
    "url": "https://openimis.github.io/openimis_fhir_r4_ig/ValueSet/insurance-plan-coverage-type",
    "version": "0.1.0",
    "name": "InsurancePlanCoverageTypeVS"
  },
  {
    "id": "insurance-plan-general-cost-type",
    "type": "ValueSet",
    "url": "https://openimis.github.io/openimis_fhir_r4_ig/ValueSet/insurance-plan-general-cost-type",
    "version": "0.1.0",
    "name": "InsurancePlanGeneralCostTypeVS"
  },
  {
    "id": "insurance-plan-publication-status",
    "type": "ValueSet",
    "url": "https://openimis.github.io/openimis_fhir_r4_ig/ValueSet/insurance-plan-publication-status",
    "version": "0.1.0",
    "name": "InsurancePlanPublicationStatusVS"
  },
  {
    "id": "location-type",
    "type": "ValueSet",
    "url": "https://openimis.github.io/openimis_fhir_r4_ig/ValueSet/location-type",
    "version": "0.1.0",
    "name": "LocationTypeVS"
  },
  {
    "id": "medication-item-type",
    "type": "ValueSet",
    "url": "https://openimis.github.io/openimis_fhir_r4_ig/ValueSet/medication-item-type",
    "version": "0.1.0",
    "name": "MedicationItemTypeVS"
  },
  {
    "id": "openimis-identifiers",
    "type": "ValueSet",
    "url": "https://openimis.github.io/openimis_fhir_r4_ig/ValueSet/openimis-identifiers",
    "version": "0.1.0",
    "name": "OpenIMISIdentifierVS"
  },
  {
    "id": "organization-hf-level",
    "type": "ValueSet",
    "url": "https://openimis.github.io/openimis_fhir_r4_ig/ValueSet/organization-hf-level",
    "version": "0.1.0",
    "name": "OrganizationHFLevelVS"
  },
  {
    "id": "organization-legal-form",
    "type": "ValueSet",
    "url": "https://openimis.github.io/openimis_fhir_r4_ig/ValueSet/organization-legal-form",
    "version": "0.1.0",
    "name": "OrganizationLegalFormVS"
  },
  {
    "id": "patient-contact-relationship",
    "type": "ValueSet",
    "url": "https://openimis.github.io/openimis_fhir_r4_ig/ValueSet/patient-contact-relationship",
    "version": "0.1.0",
    "name": "PatientContactRelationshipVS"
  },
  {
    "id": "patient-education-level",
    "type": "ValueSet",
    "url": "https://openimis.github.io/openimis_fhir_r4_ig/ValueSet/patient-education-level",
    "version": "0.1.0",
    "name": "PatientEducationLevelVS"
  },
  {
    "id": "patient-identification-types",
    "type": "ValueSet",
    "url": "https://openimis.github.io/openimis_fhir_r4_ig/ValueSet/patient-identification-types",
    "version": "0.1.0",
    "name": "PatientIdentificationTypesVS"
  },
  {
    "id": "patient-marital-status",
    "type": "ValueSet",
    "url": "https://openimis.github.io/openimis_fhir_r4_ig/ValueSet/patient-marital-status",
    "version": "0.1.0",
    "name": "PatientMaritalStatusVS"
  },
  {
    "id": "patient-profession",
    "type": "ValueSet",
    "url": "https://openimis.github.io/openimis_fhir_r4_ig/ValueSet/patient-profession",
    "version": "0.1.0",
    "name": "PatientProfessionVS"
  },
  {
    "id": "practitioner-qualification-type",
    "type": "ValueSet",
    "url": "https://openimis.github.io/openimis_fhir_r4_ig/ValueSet/practitioner-qualification-type",
    "version": "0.1.0",
    "name": "PractitionerQualificationTypeVS"
  },
  {
    "id": "usage-context-age-type",
    "type": "ValueSet",
    "url": "https://openimis.github.io/openimis_fhir_r4_ig/ValueSet/usage-context-age-type",
    "version": "0.1.0",
    "name": "UsageContextAgeTypeVS"
  },
  {
    "id": "usage-context-gender-type",
    "type": "ValueSet",
    "url": "https://openimis.github.io/openimis_fhir_r4_ig/ValueSet/usage-context-gender-type",
    "version": "0.1.0",
    "name": "UsageContextGenderTypeVS"
  }
]