[
  {
    "id": "ExampleCapabilityStatement",
    "type": "CapabilityStatement",
    "url": "https://openimis.github.io/openimis_fhir_r4_ig/CapabilityStatement/ExampleCapabilityStatement",
    "version": "0.1.0",
    "name": "Example Capability Statement"
  },
  {
    "id": "openimis-contact-relationship-cs",
    "type": "CodeSystem",
    "url": "https://openimis.github.io/openimis_fhir_r4_ig/CodeSystem/openimis-identifiers-cs",
    "version": "0.1.0",
    "name": "OpenIMISContactRelationshipCS"
  },
  {
    "id": "openimis-identifiers-cs",
    "type": "CodeSystem",
    "url": "https://openimis.github.io/openimis_fhir_r4_ig/CodeSystem/openimis-identifiers-cs",
    "version": "0.1.0",
    "name": "OpenIMISIdentifierCS"
  },
  {
    "id": "openimis.fhir.r4",
    "type": "ImplementationGuide",
    "url": "https://openimis.github.io/openimis_fhir_r4_ig/ImplementationGuide/openimis.fhir.r4",
    "version": "0.1.0",
    "name": "openIMISFHIRR4"
  },
  {
    "id": "is-head",
    "type": "StructureDefinition",
    "url": "https://openimis.github.io/openimis_fhir_r4_ig/StructureDefinition/is-head",
    "version": "0.1.0",
    "name": "IsHead"
  },
  {
    "id": "openimis-patient",
    "type": "StructureDefinition",
    "url": "https://openimis.github.io/openimis_fhir_r4_ig/StructureDefinition/openimis-patient",
    "version": "0.1.0",
    "name": "OpenIMISPatient"
  },
  {
    "id": "openimis-contact-relationship-vs",
    "type": "ValueSet",
    "url": "https://openimis.github.io/openimis_fhir_r4_ig/ValueSet/openimis-contact-relationship-vs",
    "version": "0.1.0",
    "name": "OpenIMISContactRelationshipVS"
  },
  {
    "id": "openimis-identifiers-vs",
    "type": "ValueSet",
    "url": "https://openimis.github.io/openimis_fhir_r4_ig/ValueSet/openimis-identifiers-vs",
    "version": "0.1.0",
    "name": "OpenIMISIdentifierVS"
  },
  {
    "id": "openimis-marital-status-vs",
    "type": "ValueSet",
    "url": "https://openimis.github.io/openimis_fhir_r4_ig/ValueSet/openimis-marital-status-vs",
    "version": "0.1.0",
    "name": "OpenIMISMaritalStatusVS"
  }
]