{
  "resourceType": "CapabilityStatement",
  "id": "ExampleCapabilityStatement",
  "text": {
    "status": "extensions",
    "div": "<div xmlns=\"http://www.w3.org/1999/xhtml\"><h2>Example Capability Statement</h2><table><tr><td>Mode</td><td>SERVER</td></tr><tr><td>Description</td><td/></tr><tr><td>Transaction</td><td></td></tr><tr><td>System History</td><td></td></tr><tr><td>System Search</td><td></td></tr></table><table><tr><th><b>Resource Type</b></th><th><b>Profile</b></th><th><b title=\"GET a resource (read interaction)\">Read</b></th><th><b title=\"GET all set of resources of the type (search interaction)\">Search</b></th><th><b title=\"PUT a new resource version (update interaction)\">Update</b></th><th><b title=\"POST a new resource (create interaction)\">Create</b></th></tr><tr><td>Measure</td><td>y</td><td>y</td><td></td><td></td></tr><tr><td>MeasureReport</td><td>y</td><td>y</td><td></td><td></td></tr></table></div>"
  },
  "url": "https://openimis.github.io/openimis_fhir_r4_ig/CapabilityStatement/ExampleCapabilityStatement",
  "version": "0.1.0",
  "name": "Example Capability Statement",
  "status": "draft",
  "date": "2020-05-07",
  "publisher": "Swiss TPH - SCIH - openIMIS Group",
  "contact": [
    {
      "name": "Swiss TPH - SCIH - openIMIS Group",
      "telecom": [
        {
          "system": "url",
          "value": "https://www.swisstph.ch/en/"
        },
        {
          "system": "email",
          "value": "dragos.dobre@swisstph.ch"
        }
      ]
    }
  ],
  "kind": "requirements",
  "fhirVersion": "4.0.1",
  "format": [
    "json"
  ],
  "rest": [
    {
      "mode": "server",
      "resource": [
        {
          "extension": [
            {
              "url": "http://hl7.org/fhir/StructureDefinition/capabilitystatement-expectation",
              "valueCode": "SHALL"
            }
          ],
          "type": "Measure",
          "supportedProfile": [
            "http://hl7.org/fhir/StructureDefinition/shareablemeasure"
          ],
          "interaction": [
            {
              "code": "read"
            },
            {
              "code": "search-type"
            }
          ],
          "searchParam": [
            {
              "name": "_id",
              "definition": "http://hl7.org/fhir/SearchParameter/Resource-id",
              "type": "token"
            },
            {
              "name": "_lastUpdated",
              "definition": "http://hl7.org/fhir/SearchParameter/Resource-lastUpdated",
              "type": "date"
            },
            {
              "name": "name",
              "definition": "http://hl7.org/fhir/SearchParameter/Location-name",
              "type": "string"
            }
          ]
        },
        {
          "extension": [
            {
              "url": "http://hl7.org/fhir/StructureDefinition/capabilitystatement-expectation",
              "valueCode": "SHOULD"
            }
          ],
          "type": "MeasureReport",
          "interaction": [
            {
              "code": "read"
            },
            {
              "code": "search-type"
            }
          ],
          "searchParam": [
            {
              "name": "_id",
              "definition": "http://hl7.org/fhir/SearchParameter/Resource-id",
              "type": "token"
            },
            {
              "name": "_lastUpdated",
              "definition": "http://hl7.org/fhir/SearchParameter/Resource-lastUpdated",
              "type": "date"
            },
            {
              "name": "date",
              "definition": "http://hl7.org/fhir/SearchParameter/MeasureReport-date",
              "type": "date"
            },
            {
              "name": "subject",
              "definition": "http://hl7.org/fhir/SearchParameter/MeasureReport-subject",
              "type": "reference"
            },
            {
              "name": "code",
              "definition": "http://hl7.org/fhir/us/saner/SearchParameter/SearchParameter-code",
              "type": "token"
            }
          ]
        }
      ]
    }
  ]
}