{
  "resourceType": "CodeSystem",
  "id": "openimis-contact-relationship-cs",
  "text": {
    "status": "generated",
    "div": "<div xmlns=\"http://www.w3.org/1999/xhtml\"><p>This code system https://openimis.github.io/openimis_fhir_r4_ig/CodeSystem/openimis-contact-relationship-cs defines the following codes:</p><table class=\"codes\"><tr><td style=\"white-space:nowrap\"><b>Code</b></td><td><b>Display</b></td></tr><tr><td style=\"white-space:nowrap\">Spouse<a name=\"openimis-contact-relationship-cs-Spouse\"> </a></td><td>Spouse</td></tr><tr><td style=\"white-space:nowrap\">Brother/Sister<a name=\"openimis-contact-relationship-cs-Brother.47Sister\"> </a></td><td>Brother/Sister</td></tr><tr><td style=\"white-space:nowrap\">Father/Mother<a name=\"openimis-contact-relationship-cs-Father.47Mother\"> </a></td><td>Father/Mother</td></tr><tr><td style=\"white-space:nowrap\">Uncle/Aunt<a name=\"openimis-contact-relationship-cs-Uncle.47Aunt\"> </a></td><td>Uncle/Aunt</td></tr><tr><td style=\"white-space:nowrap\">Son/Daughter<a name=\"openimis-contact-relationship-cs-Son.47Daughter\"> </a></td><td>Son/Daughter</td></tr><tr><td style=\"white-space:nowrap\">GrandParents<a name=\"openimis-contact-relationship-cs-GrandParents\"> </a></td><td>Grand parents</td></tr><tr><td style=\"white-space:nowrap\">Employee<a name=\"openimis-contact-relationship-cs-Employee\"> </a></td><td>Employee</td></tr><tr><td style=\"white-space:nowrap\">Others<a name=\"openimis-contact-relationship-cs-Others\"> </a></td><td>Others</td></tr></table></div>"
  },
  "url": "https://openimis.github.io/openimis_fhir_r4_ig/CodeSystem/openimis-contact-relationship-cs",
  "version": "0.1.0",
  "name": "OpenIMISContactRelationshipCS",
  "title": "openIMIS Contact Relationship code system",
  "status": "active",
  "date": "2021-07-16T09:10:38+00:00",
  "publisher": "Swiss TPH - SCIH - openIMIS Group",
  "contact": [
    {
      "name": "Swiss TPH - SCIH - openIMIS Group",
      "telecom": [
        {
          "system": "url",
          "value": "https://www.swisstph.ch/en/"
        },
        {
          "system": "email",
          "value": "dragos.dobre@swisstph.ch"
        }
      ]
    }
  ],
  "description": "Indicates the Relationship of a Patient with the Head of the Family",
  "content": "complete",
  "count": 8,
  "concept": [
    {
      "code": "Spouse",
      "display": "Spouse"
    },
    {
      "code": "Brother/Sister",
      "display": "Brother/Sister"
    },
    {
      "code": "Father/Mother",
      "display": "Father/Mother"
    },
    {
      "code": "Uncle/Aunt",
      "display": "Uncle/Aunt"
    },
    {
      "code": "Son/Daughter",
      "display": "Son/Daughter"
    },
    {
      "code": "GrandParents",
      "display": "Grand parents"
    },
    {
      "code": "Employee",
      "display": "Employee"
    },
    {
      "code": "Others",
      "display": "Others"
    }
  ]
}