<?xml version="1.0" encoding="UTF-8"?>

<CodeSystem xmlns="http://hl7.org/fhir">
  <id value="contract-premium-category"/>
  <text>
    <status value="generated"/><div xmlns="http://www.w3.org/1999/xhtml"><p>This code system https://openimis.github.io/openimis_fhir_r4_ig/CodeSystem/contract-premium-category defines the following codes:</p><table class="codes"><tr><td style="white-space:nowrap"><b>Code</b></td><td><b>Display</b></td></tr><tr><td style="white-space:nowrap">C<a name="contract-premium-category-C"> </a></td><td>Contribution and Others</td></tr><tr><td style="white-space:nowrap">P<a name="contract-premium-category-P"> </a></td><td>Photo Fee</td></tr></table></div>
  </text>
  <url value="https://openimis.github.io/openimis_fhir_r4_ig/CodeSystem/contract-premium-category"/>
  <version value="0.1.0"/>
  <name value="ContractPremiumCategoryCS"/>
  <title value="Premium Category (Contract)"/>
  <status value="active"/>
  <date value="2021-10-14T17:10:41+00:00"/>
  <publisher value="Swiss TPH"/>
  <contact>
    <name value="Swiss TPH"/>
    <telecom>
      <system value="url"/>
      <value value="https://www.swisstph.ch/en/"/>
    </telecom>
  </contact>
  <contact>
    <name value="Dragos Dobre"/>
    <telecom>
      <system value="email"/>
      <value value="dragos.dobre@swisstph.ch"/>
      <use value="work"/>
    </telecom>
  </contact>
  <description value="Indicates the category of the premium for the Contract. Cannot be extended."/>
  <content value="complete"/>
  <count value="2"/>
  <concept>
    <code value="C"/>
    <display value="Contribution and Others"/>
  </concept>
  <concept>
    <code value="P"/>
    <display value="Photo Fee"/>
  </concept>
</CodeSystem>