<?xml version="1.0" encoding="UTF-8"?>

<CodeSystem xmlns="http://hl7.org/fhir">
  <id value="claim-visit-type"/>
  <text>
    <status value="generated"/><div xmlns="http://www.w3.org/1999/xhtml"><p>This code system https://openimis.github.io/openimis_fhir_r4_ig/CodeSystem/claim-visit-type defines the following codes:</p><table class="codes"><tr><td style="white-space:nowrap"><b>Code</b></td><td><b>Display</b></td></tr><tr><td style="white-space:nowrap">E<a name="claim-visit-type-E"> </a></td><td>Emergency</td></tr><tr><td style="white-space:nowrap">R<a name="claim-visit-type-R"> </a></td><td>Referrals</td></tr><tr><td style="white-space:nowrap">O<a name="claim-visit-type-O"> </a></td><td>Other</td></tr></table></div>
  </text>
  <url value="https://openimis.github.io/openimis_fhir_r4_ig/CodeSystem/claim-visit-type"/>
  <version value="0.1.0"/>
  <name value="ClaimVisitTypeCS"/>
  <title value="Visit Type (Claim)"/>
  <status value="active"/>
  <date value="2021-10-04T14:35:02+00:00"/>
  <publisher value="Swiss TPH"/>
  <contact>
    <name value="Swiss TPH"/>
    <telecom>
      <system value="url"/>
      <value value="https://www.swisstph.ch/en/"/>
    </telecom>
  </contact>
  <contact>
    <name value="Dragos Dobre"/>
    <telecom>
      <system value="email"/>
      <value value="dragos.dobre@swisstph.ch"/>
      <use value="work"/>
    </telecom>
  </contact>
  <description value="Indicates the visit type of the Claim. &#xA;Values limited by openIMIS."/>
  <content value="complete"/>
  <count value="3"/>
  <concept>
    <code value="E"/>
    <display value="Emergency"/>
  </concept>
  <concept>
    <code value="R"/>
    <display value="Referrals"/>
  </concept>
  <concept>
    <code value="O"/>
    <display value="Other"/>
  </concept>
</CodeSystem>