{
  "resourceType": "CodeSystem",
  "id": "patient-profession",
  "text": {
    "status": "generated",
    "div": "<div xmlns=\"http://www.w3.org/1999/xhtml\"><p>This code system https://openimis.github.io/openimis_fhir_r4_ig/CodeSystem/patient-profession defines the following codes:</p><table class=\"codes\"><tr><td style=\"white-space:nowrap\"><b>Code</b></td><td><b>Display</b></td></tr><tr><td style=\"white-space:nowrap\">1<a name=\"patient-profession-1\"> </a></td><td>Housewife</td></tr><tr><td style=\"white-space:nowrap\">2<a name=\"patient-profession-2\"> </a></td><td>Employee</td></tr><tr><td style=\"white-space:nowrap\">3<a name=\"patient-profession-3\"> </a></td><td>Self Employee</td></tr><tr><td style=\"white-space:nowrap\">4<a name=\"patient-profession-4\"> </a></td><td>Other</td></tr></table></div>"
  },
  "url": "https://openimis.github.io/openimis_fhir_r4_ig/CodeSystem/patient-profession",
  "version": "0.1.0",
  "name": "PatientProfessionCS",
  "title": "Patient Profession Code System",
  "status": "active",
  "date": "2021-09-14T14:32:44+00:00",
  "publisher": "Swiss TPH",
  "contact": [
    {
      "name": "Swiss TPH",
      "telecom": [
        {
          "system": "url",
          "value": "https://www.swisstph.ch/en/"
        }
      ]
    },
    {
      "name": "Dragos Dobre",
      "telecom": [
        {
          "system": "email",
          "value": "dragos.dobre@swisstph.ch",
          "use": "work"
        }
      ]
    }
  ],
  "description": "Indicates the profession of a Patient. Values defined by openIMIS. Can be extended.",
  "content": "complete",
  "count": 4,
  "concept": [
    {
      "code": "1",
      "display": "Housewife"
    },
    {
      "code": "2",
      "display": "Employee"
    },
    {
      "code": "3",
      "display": "Self Employee"
    },
    {
      "code": "4",
      "display": "Other"
    }
  ]
}