{
  "resourceType": "CodeSystem",
  "id": "invoice-charge-item",
  "text": {
    "status": "generated",
    "div": "<div xmlns=\"http://www.w3.org/1999/xhtml\"><p>This code system https://openimis.github.io/openimis_fhir_r4_ig/CodeSystem/invoice-charge-item defines the following codes:</p><table class=\"codes\"><tr><td style=\"white-space:nowrap\"><b>Code</b></td><td><b>Display</b></td></tr><tr><td style=\"white-space:nowrap\">contribution<a name=\"invoice-charge-item-contribution\"> </a></td><td>Contribution</td></tr><tr><td style=\"white-space:nowrap\">policy<a name=\"invoice-charge-item-policy\"> </a></td><td>Policy</td></tr></table></div>"
  },
  "url": "https://openimis.github.io/openimis_fhir_r4_ig/CodeSystem/invoice-charge-item",
  "version": "0.1.0",
  "name": "InvoiceChargeItemCS",
  "title": "ChargeItem (Invoice)",
  "status": "active",
  "date": "2021-12-20T14:56:49+00:00",
  "publisher": "Swiss TPH",
  "contact": [
    {
      "name": "Swiss TPH",
      "telecom": [
        {
          "system": "url",
          "value": "https://www.swisstph.ch/en/"
        }
      ]
    },
    {
      "name": "Dragos Dobre",
      "telecom": [
        {
          "system": "email",
          "value": "dragos.dobre@swisstph.ch",
          "use": "work"
        }
      ]
    }
  ],
  "description": "Indicates the ChargeItem for a lineItem from an Invoice. Values defined by openIMIS. Can not be extended.",
  "content": "complete",
  "count": 2,
  "concept": [
    {
      "code": "contribution",
      "display": "Contribution"
    },
    {
      "code": "policy",
      "display": "Policy"
    }
  ]
}