{
  "resourceType": "CodeSystem",
  "id": "activity-definition-level",
  "text": {
    "status": "generated",
    "div": "<div xmlns=\"http://www.w3.org/1999/xhtml\"><p>This code system https://openimis.github.io/openimis_fhir_r4_ig/CodeSystem/activity-definition-level defines the following codes:</p><table class=\"codes\"><tr><td style=\"white-space:nowrap\"><b>Code</b></td><td><b>Display</b></td></tr><tr><td style=\"white-space:nowrap\">S<a name=\"activity-definition-level-S\"> </a></td><td>Simple Service</td></tr><tr><td style=\"white-space:nowrap\">V<a name=\"activity-definition-level-V\"> </a></td><td>Visit</td></tr><tr><td style=\"white-space:nowrap\">D<a name=\"activity-definition-level-D\"> </a></td><td>Day of stay</td></tr><tr><td style=\"white-space:nowrap\">H<a name=\"activity-definition-level-H\"> </a></td><td>Hospital case</td></tr></table></div>"
  },
  "url": "https://openimis.github.io/openimis_fhir_r4_ig/CodeSystem/activity-definition-level",
  "version": "1.0.0",
  "name": "ActivityDefinitionLevelCS",
  "title": "Level (ActivityDefinition)",
  "status": "active",
  "date": "2022-05-31T10:56:28+00:00",
  "publisher": "openIMIS Initiative",
  "contact": [
    {
      "name": "openIMIS Initiative",
      "telecom": [
        {
          "system": "url",
          "value": "https://www.openimis.org"
        }
      ]
    },
    {
      "name": "Dragos Dobre",
      "telecom": [
        {
          "system": "email",
          "value": "dragos.dobre@swisstph.ch",
          "use": "work"
        }
      ]
    }
  ],
  "description": "Indicates the Level for an ActivityDefinition. Values defined by openIMIS. Can not be extended.",
  "content": "complete",
  "count": 4,
  "concept": [
    {
      "code": "S",
      "display": "Simple Service"
    },
    {
      "code": "V",
      "display": "Visit"
    },
    {
      "code": "D",
      "display": "Day of stay"
    },
    {
      "code": "H",
      "display": "Hospital case"
    }
  ]
}