{
  "resourceType": "CodeSystem",
  "id": "invoice-type",
  "text": {
    "status": "generated",
    "div": "<div xmlns=\"http://www.w3.org/1999/xhtml\"><p>This code system https://openimis.github.io/openimis_fhir_r4_ig/CodeSystem/invoice-type defines the following codes:</p><table class=\"codes\"><tr><td style=\"white-space:nowrap\"><b>Code</b></td><td><b>Display</b></td></tr><tr><td style=\"white-space:nowrap\">contribution<a name=\"invoice-type-contribution\"> </a></td><td>Contribution</td></tr><tr><td style=\"white-space:nowrap\">contract<a name=\"invoice-type-contract\"> </a></td><td>Contract</td></tr><tr><td style=\"white-space:nowrap\">funding<a name=\"invoice-type-funding\"> </a></td><td>Funding</td></tr></table></div>"
  },
  "url": "https://openimis.github.io/openimis_fhir_r4_ig/CodeSystem/invoice-type",
  "version": "0.1.0",
  "name": "InvoiceTypeCS",
  "title": "Type (Invoice)",
  "status": "active",
  "date": "2021-11-15T18:47:56+00:00",
  "publisher": "Swiss TPH",
  "contact": [
    {
      "name": "Swiss TPH",
      "telecom": [
        {
          "system": "url",
          "value": "https://www.swisstph.ch/en/"
        }
      ]
    },
    {
      "name": "Dragos Dobre",
      "telecom": [
        {
          "system": "email",
          "value": "dragos.dobre@swisstph.ch",
          "use": "work"
        }
      ]
    }
  ],
  "description": "Indicates the Type for an Invoice. Values defined by openIMIS. Can not be extended.",
  "content": "complete",
  "count": 3,
  "concept": [
    {
      "code": "contribution",
      "display": "Contribution"
    },
    {
      "code": "contract",
      "display": "Contract"
    },
    {
      "code": "funding",
      "display": "Funding"
    }
  ]
}