{
  "resourceType": "CodeSystem",
  "id": "openimis-identifiers-cs",
  "text": {
    "status": "generated",
    "div": "<div xmlns=\"http://www.w3.org/1999/xhtml\"><p>This code system https://openimis.github.io/openimis_fhir_r4_ig/CodeSystem/openimis-identifiers-cs defines the following codes:</p><table class=\"codes\"><tr><td style=\"white-space:nowrap\"><b>Code</b></td><td><b>Display</b></td><td><b>Definition</b></td></tr><tr><td style=\"white-space:nowrap\">UUID<a name=\"openimis-identifiers-cs-UUID\"> </a></td><td>UUID unique identifier</td><td>The UUID V4 unique identifier that is generated by the openIMIS Database</td></tr><tr><td style=\"white-space:nowrap\">DBID<a name=\"openimis-identifiers-cs-DBID\"> </a></td><td>DB unique identifier</td><td>The DB unique integer identifier managed by the openIMIS DB</td></tr><tr><td style=\"white-space:nowrap\">Code<a name=\"openimis-identifiers-cs-Code\"> </a></td><td>Unique code</td><td>An identifier issued by the implementer to identify an openIMIS entity</td></tr></table></div>"
  },
  "url": "https://openimis.github.io/openimis_fhir_r4_ig/CodeSystem/openimis-identifiers-cs",
  "version": "0.1.0",
  "name": "OpenIMISIdentifierCS",
  "title": "openIMIS Identifiers code system",
  "status": "active",
  "date": "2021-07-15T08:25:21+00:00",
  "publisher": "Swiss TPH - SCIH - openIMIS Group",
  "contact": [
    {
      "name": "Swiss TPH - SCIH - openIMIS Group",
      "telecom": [
        {
          "system": "url",
          "value": "https://www.swisstph.ch/en/"
        },
        {
          "system": "email",
          "value": "dragos.dobre@swisstph.ch"
        }
      ]
    }
  ],
  "description": "Identifiers that are specific to openIMIS and could not be found in standard sources",
  "content": "complete",
  "count": 3,
  "concept": [
    {
      "code": "UUID",
      "display": "UUID unique identifier",
      "definition": "The UUID V4 unique identifier that is generated by the openIMIS Database"
    },
    {
      "code": "DBID",
      "display": "DB unique identifier",
      "definition": "The DB unique integer identifier managed by the openIMIS DB"
    },
    {
      "code": "Code",
      "display": "Unique code",
      "definition": "An identifier issued by the implementer to identify an openIMIS entity"
    }
  ]
}