{
  "resourceType": "CodeSystem",
  "id": "group-confirmation-type",
  "text": {
    "status": "generated",
    "div": "<div xmlns=\"http://www.w3.org/1999/xhtml\"><p>This code system https://openimis.github.io/openimis_fhir_r4_ig/CodeSystem/group-confirmation-type defines the following codes:</p><table class=\"codes\"><tr><td style=\"white-space:nowrap\"><b>Code</b></td><td><b>Display</b></td></tr><tr><td style=\"white-space:nowrap\">A<a name=\"group-confirmation-type-A\"> </a></td><td>Local council</td></tr><tr><td style=\"white-space:nowrap\">B<a name=\"group-confirmation-type-B\"> </a></td><td>Municipality</td></tr><tr><td style=\"white-space:nowrap\">C<a name=\"group-confirmation-type-C\"> </a></td><td>State</td></tr><tr><td style=\"white-space:nowrap\">D<a name=\"group-confirmation-type-D\"> </a></td><td>Other</td></tr></table></div>"
  },
  "url": "https://openimis.github.io/openimis_fhir_r4_ig/CodeSystem/group-confirmation-type",
  "version": "0.1.0",
  "name": "GroupConfirmationTypeCS",
  "title": "Confirmation Types (Group)",
  "status": "active",
  "date": "2021-10-04T14:35:02+00:00",
  "publisher": "Swiss TPH",
  "contact": [
    {
      "name": "Swiss TPH",
      "telecom": [
        {
          "system": "url",
          "value": "https://www.swisstph.ch/en/"
        }
      ]
    },
    {
      "name": "Dragos Dobre",
      "telecom": [
        {
          "system": "email",
          "value": "dragos.dobre@swisstph.ch",
          "use": "work"
        }
      ]
    }
  ],
  "description": "Indicates the confirmation type for the Group. Values defined by openIMIS. Can be extended.",
  "content": "complete",
  "count": 4,
  "concept": [
    {
      "code": "A",
      "display": "Local council"
    },
    {
      "code": "B",
      "display": "Municipality"
    },
    {
      "code": "C",
      "display": "State"
    },
    {
      "code": "D",
      "display": "Other"
    }
  ]
}