<?xml version="1.0" encoding="UTF-8"?>

<CodeSystem xmlns="http://hl7.org/fhir">
  <id value="organization-hf-legal-form"/>
  <text>
    <status value="generated"/><div xmlns="http://www.w3.org/1999/xhtml"><p>This code system https://openimis.github.io/openimis_fhir_r4_ig/CodeSystem/organization-hf-legal-form defines the following codes:</p><table class="codes"><tr><td style="white-space:nowrap"><b>Code</b></td><td><b>Display</b></td></tr><tr><td style="white-space:nowrap">C<a name="organization-hf-legal-form-C"> </a></td><td>Charity</td></tr><tr><td style="white-space:nowrap">D<a name="organization-hf-legal-form-D"> </a></td><td>District organization</td></tr><tr><td style="white-space:nowrap">G<a name="organization-hf-legal-form-G"> </a></td><td>Government</td></tr><tr><td style="white-space:nowrap">P<a name="organization-hf-legal-form-P"> </a></td><td>Private organization</td></tr></table></div>
  </text>
  <url value="https://openimis.github.io/openimis_fhir_r4_ig/CodeSystem/organization-hf-legal-form"/>
  <version value="0.1.0"/>
  <name value="OrganizationHFLegalFormCS"/>
  <title value="Legal Forms (Organization)"/>
  <status value="active"/>
  <date value="2021-10-14T17:11:38+00:00"/>
  <publisher value="Swiss TPH"/>
  <contact>
    <name value="Swiss TPH"/>
    <telecom>
      <system value="url"/>
      <value value="https://www.swisstph.ch/en/"/>
    </telecom>
  </contact>
  <contact>
    <name value="Dragos Dobre"/>
    <telecom>
      <system value="email"/>
      <value value="dragos.dobre@swisstph.ch"/>
      <use value="work"/>
    </telecom>
  </contact>
  <description value="Indicates the legal forms of the Organization. Values defined by openIMIS. Can be extended."/>
  <content value="complete"/>
  <count value="4"/>
  <concept>
    <code value="C"/>
    <display value="Charity"/>
  </concept>
  <concept>
    <code value="D"/>
    <display value="District organization"/>
  </concept>
  <concept>
    <code value="G"/>
    <display value="Government"/>
  </concept>
  <concept>
    <code value="P"/>
    <display value="Private organization"/>
  </concept>
</CodeSystem>