{
  "resourceType": "CodeSystem",
  "id": "bill-type",
  "text": {
    "status": "generated",
    "div": "<div xmlns=\"http://www.w3.org/1999/xhtml\"><p>This code system https://openimis.github.io/openimis_fhir_r4_ig/CodeSystem/bill-type defines the following codes:</p><table class=\"codes\"><tr><td style=\"white-space:nowrap\"><b>Code</b></td><td><b>Display</b></td><td><b>Definition</b></td></tr><tr><td style=\"white-space:nowrap\">fee-for-service<a name=\"bill-type-fee-for-service\"> </a></td><td>Fee for service</td><td>How much the insurance need to pay the HF for the fee for service health financing.</td></tr><tr><td style=\"white-space:nowrap\">commission<a name=\"bill-type-commission\"> </a></td><td>Commission</td><td>How much the insurance need to pay the commission to EO.</td></tr><tr><td style=\"white-space:nowrap\">capitation<a name=\"bill-type-capitation\"> </a></td><td>Capitation</td><td>How much the insurance need to pay the HF for the capitation financing.</td></tr><tr><td style=\"white-space:nowrap\">fees<a name=\"bill-type-fees\"> </a></td><td>Fees</td><td>How much the insurance need to pay the payment platform for the fee for payment service.</td></tr></table></div>"
  },
  "url": "https://openimis.github.io/openimis_fhir_r4_ig/CodeSystem/bill-type",
  "version": "0.1.0",
  "name": "BillTypeCS",
  "title": "Type (Bill Invoice)",
  "status": "active",
  "date": "2021-11-16T09:50:19+00:00",
  "publisher": "Swiss TPH",
  "contact": [
    {
      "name": "Swiss TPH",
      "telecom": [
        {
          "system": "url",
          "value": "https://www.swisstph.ch/en/"
        }
      ]
    },
    {
      "name": "Dragos Dobre",
      "telecom": [
        {
          "system": "email",
          "value": "dragos.dobre@swisstph.ch",
          "use": "work"
        }
      ]
    }
  ],
  "description": "Indicates the Type for Bill. Values defined by openIMIS. Can not be extended.",
  "content": "complete",
  "count": 4,
  "concept": [
    {
      "code": "fee-for-service",
      "display": "Fee for service",
      "definition": "How much the insurance need to pay the HF for the fee for service health financing."
    },
    {
      "code": "commission",
      "display": "Commission",
      "definition": "How much the insurance need to pay the commission to EO."
    },
    {
      "code": "capitation",
      "display": "Capitation",
      "definition": "How much the insurance need to pay the HF for the capitation financing."
    },
    {
      "code": "fees",
      "display": "Fees",
      "definition": "How much the insurance need to pay the payment platform for the fee for payment service."
    }
  ]
}