{
  "resourceType": "CodeSystem",
  "id": "patient-identification-types",
  "text": {
    "status": "generated",
    "div": "<div xmlns=\"http://www.w3.org/1999/xhtml\"><p>This code system https://openimis.github.io/openimis_fhir_r4_ig/CodeSystem-patient-identification-types defines the following codes:</p><table class=\"codes\"><tr><td style=\"white-space:nowrap\"><b>Code</b></td><td><b>Display</b></td></tr><tr><td style=\"white-space:nowrap\">D<a name=\"patient-identification-types-D\"> </a></td><td>Driver's License</td></tr><tr><td style=\"white-space:nowrap\">N<a name=\"patient-identification-types-N\"> </a></td><td>National ID</td></tr><tr><td style=\"white-space:nowrap\">P<a name=\"patient-identification-types-P\"> </a></td><td>Passport</td></tr><tr><td style=\"white-space:nowrap\">V<a name=\"patient-identification-types-V\"> </a></td><td>Voter Card</td></tr></table></div>"
  },
  "url": "https://openimis.github.io/openimis_fhir_r4_ig/CodeSystem-patient-identification-types",
  "version": "0.1.0",
  "name": "PatientIdentificationTypesCS",
  "title": "Identification Types (Patient)",
  "status": "active",
  "date": "2021-09-17T09:56:14+00:00",
  "publisher": "Swiss TPH",
  "contact": [
    {
      "name": "Swiss TPH",
      "telecom": [
        {
          "system": "url",
          "value": "https://www.swisstph.ch/en/"
        }
      ]
    },
    {
      "name": "Dragos Dobre",
      "telecom": [
        {
          "system": "email",
          "value": "dragos.dobre@swisstph.ch",
          "use": "work"
        }
      ]
    }
  ],
  "description": "Indicates the type of document the Patient used to identify himself. Values defined by openIMIS. Can be extended.",
  "content": "complete",
  "count": 4,
  "concept": [
    {
      "code": "D",
      "display": "Driver's License"
    },
    {
      "code": "N",
      "display": "National ID"
    },
    {
      "code": "P",
      "display": "Passport"
    },
    {
      "code": "V",
      "display": "Voter Card"
    }
  ]
}