{
  "resourceType" : "Bundle",
  "id" : "54627c3c-4651-4041-974a-7f138aba9cb7",
  "meta" : {
    "lastUpdated" : "2021-07-16T09:11:54.999+00:00"
  },
  "type" : "collection",
  "entry" : [{
    "fullUrl" : "https://openimis.github.io/openimis_fhir_r4_ig/ValueSet/openimis-contact-relationship-vs",
    "resource" : {
      "resourceType" : "ValueSet",
      "id" : "openimis-contact-relationship-vs",
      "text" : {
        "status" : "generated",
        "div" : "<div xmlns=\"http://www.w3.org/1999/xhtml\"><p>This value set contains 8 concepts</p><p style=\"border: black 1px dotted; background-color: #EEEEEE; padding: 8px; margin-bottom: 8px\">Expansion based on <a href=\"CodeSystem-openimis-contact-relationship-cs.html\">openIMIS Contact Relationship code system v0.1.0 (CodeSystem)</a></p><p>All codes from system <a href=\"CodeSystem-openimis-contact-relationship-cs.html\"><code>https://openimis.github.io/openimis_fhir_r4_ig/CodeSystem/openimis-contact-relationship-cs</code></a></p><table class=\"codes\"><tr><td style=\"white-space:nowrap\"><b>Code</b></td><td><b>Display</b></td><td><b>Definition</b></td></tr><tr><td style=\"white-space:nowrap\"><a name=\"https---openimis.github.io-openimis-fhir-r4-ig-CodeSystem-openimis-contact-relationship-cs-Spouse\"> </a><a href=\"CodeSystem-openimis-contact-relationship-cs.html#openimis-contact-relationship-cs-Spouse\">Spouse</a></td><td>Spouse</td><td/></tr><tr><td style=\"white-space:nowrap\"><a name=\"https---openimis.github.io-openimis-fhir-r4-ig-CodeSystem-openimis-contact-relationship-cs-Brother-Sister\"> </a><a href=\"CodeSystem-openimis-contact-relationship-cs.html#openimis-contact-relationship-cs-Brother.47Sister\">Brother/Sister</a></td><td>Brother/Sister</td><td/></tr><tr><td style=\"white-space:nowrap\"><a name=\"https---openimis.github.io-openimis-fhir-r4-ig-CodeSystem-openimis-contact-relationship-cs-Father-Mother\"> </a><a href=\"CodeSystem-openimis-contact-relationship-cs.html#openimis-contact-relationship-cs-Father.47Mother\">Father/Mother</a></td><td>Father/Mother</td><td/></tr><tr><td style=\"white-space:nowrap\"><a name=\"https---openimis.github.io-openimis-fhir-r4-ig-CodeSystem-openimis-contact-relationship-cs-Uncle-Aunt\"> </a><a href=\"CodeSystem-openimis-contact-relationship-cs.html#openimis-contact-relationship-cs-Uncle.47Aunt\">Uncle/Aunt</a></td><td>Uncle/Aunt</td><td/></tr><tr><td style=\"white-space:nowrap\"><a name=\"https---openimis.github.io-openimis-fhir-r4-ig-CodeSystem-openimis-contact-relationship-cs-Son-Daughter\"> </a><a href=\"CodeSystem-openimis-contact-relationship-cs.html#openimis-contact-relationship-cs-Son.47Daughter\">Son/Daughter</a></td><td>Son/Daughter</td><td/></tr><tr><td style=\"white-space:nowrap\"><a name=\"https---openimis.github.io-openimis-fhir-r4-ig-CodeSystem-openimis-contact-relationship-cs-GrandParents\"> </a><a href=\"CodeSystem-openimis-contact-relationship-cs.html#openimis-contact-relationship-cs-GrandParents\">GrandParents</a></td><td>Grand parents</td><td/></tr><tr><td style=\"white-space:nowrap\"><a name=\"https---openimis.github.io-openimis-fhir-r4-ig-CodeSystem-openimis-contact-relationship-cs-Employee\"> </a><a href=\"CodeSystem-openimis-contact-relationship-cs.html#openimis-contact-relationship-cs-Employee\">Employee</a></td><td>Employee</td><td/></tr><tr><td style=\"white-space:nowrap\"><a name=\"https---openimis.github.io-openimis-fhir-r4-ig-CodeSystem-openimis-contact-relationship-cs-Others\"> </a><a href=\"CodeSystem-openimis-contact-relationship-cs.html#openimis-contact-relationship-cs-Others\">Others</a></td><td>Others</td><td/></tr></table></div>"
      },
      "url" : "https://openimis.github.io/openimis_fhir_r4_ig/ValueSet/openimis-contact-relationship-vs",
      "version" : "0.1.0",
      "name" : "OpenIMISContactRelationshipVS",
      "title" : "openIMIS Contact Relationship code system",
      "status" : "active",
      "date" : "2021-07-16T09:11:54+00:00",
      "publisher" : "Swiss TPH - SCIH - openIMIS Group",
      "contact" : [{
        "name" : "Swiss TPH - SCIH - openIMIS Group",
        "telecom" : [{
          "system" : "url",
          "value" : "https://www.swisstph.ch/en/"
        },
        {
          "system" : "email",
          "value" : "dragos.dobre@swisstph.ch"
        }]
      }],
      "description" : "Indicates the Relationship of a Patient with the Head of the Family",
      "expansion" : {
        "identifier" : "urn:uuid:48e42806-1dd9-483a-9277-20e75555a784",
        "timestamp" : "2021-07-16T09:12:10+00:00",
        "total" : 8,
        "parameter" : [{
          "name" : "excludeNested",
          "valueBoolean" : false
        },
        {
          "name" : "version",
          "valueUri" : "https://openimis.github.io/openimis_fhir_r4_ig/CodeSystem/openimis-contact-relationship-cs|0.1.0"
        }],
        "contains" : [{
          "system" : "https://openimis.github.io/openimis_fhir_r4_ig/CodeSystem/openimis-contact-relationship-cs",
          "code" : "Spouse",
          "display" : "Spouse"
        },
        {
          "system" : "https://openimis.github.io/openimis_fhir_r4_ig/CodeSystem/openimis-contact-relationship-cs",
          "code" : "Brother/Sister",
          "display" : "Brother/Sister"
        },
        {
          "system" : "https://openimis.github.io/openimis_fhir_r4_ig/CodeSystem/openimis-contact-relationship-cs",
          "code" : "Father/Mother",
          "display" : "Father/Mother"
        },
        {
          "system" : "https://openimis.github.io/openimis_fhir_r4_ig/CodeSystem/openimis-contact-relationship-cs",
          "code" : "Uncle/Aunt",
          "display" : "Uncle/Aunt"
        },
        {
          "system" : "https://openimis.github.io/openimis_fhir_r4_ig/CodeSystem/openimis-contact-relationship-cs",
          "code" : "Son/Daughter",
          "display" : "Son/Daughter"
        },
        {
          "system" : "https://openimis.github.io/openimis_fhir_r4_ig/CodeSystem/openimis-contact-relationship-cs",
          "code" : "GrandParents",
          "display" : "Grand parents"
        },
        {
          "system" : "https://openimis.github.io/openimis_fhir_r4_ig/CodeSystem/openimis-contact-relationship-cs",
          "code" : "Employee",
          "display" : "Employee"
        },
        {
          "system" : "https://openimis.github.io/openimis_fhir_r4_ig/CodeSystem/openimis-contact-relationship-cs",
          "code" : "Others",
          "display" : "Others"
        }]
      }
    }
  },
  {
    "fullUrl" : "https://openimis.github.io/openimis_fhir_r4_ig/ValueSet/openimis-identifiers-vs",
    "resource" : {
      "resourceType" : "ValueSet",
      "id" : "openimis-identifiers-vs",
      "text" : {
        "status" : "generated",
        "div" : "<div xmlns=\"http://www.w3.org/1999/xhtml\"><p>This value set contains 3 concepts</p><p style=\"border: black 1px dotted; background-color: #EEEEEE; padding: 8px; margin-bottom: 8px\">Expansion based on <a href=\"CodeSystem-openimis-identifiers-cs.html\">openIMIS Identifiers code system v0.1.0 (CodeSystem)</a></p><p>All codes from system <a href=\"CodeSystem-openimis-identifiers-cs.html\"><code>https://openimis.github.io/openimis_fhir_r4_ig/CodeSystem/openimis-identifiers-cs</code></a></p><table class=\"codes\"><tr><td style=\"white-space:nowrap\"><b>Code</b></td><td><b>Display</b></td><td><b>Definition</b></td></tr><tr><td style=\"white-space:nowrap\"><a name=\"https---openimis.github.io-openimis-fhir-r4-ig-CodeSystem-openimis-identifiers-cs-UUID\"> </a><a href=\"CodeSystem-openimis-identifiers-cs.html#openimis-identifiers-cs-UUID\">UUID</a></td><td>UUID unique identifier</td><td>The UUID V4 unique identifier that is generated by the openIMIS Database</td></tr><tr><td style=\"white-space:nowrap\"><a name=\"https---openimis.github.io-openimis-fhir-r4-ig-CodeSystem-openimis-identifiers-cs-DBID\"> </a><a href=\"CodeSystem-openimis-identifiers-cs.html#openimis-identifiers-cs-DBID\">DBID</a></td><td>DB unique identifier</td><td>The DB unique integer identifier managed by the openIMIS DB</td></tr><tr><td style=\"white-space:nowrap\"><a name=\"https---openimis.github.io-openimis-fhir-r4-ig-CodeSystem-openimis-identifiers-cs-Code\"> </a><a href=\"CodeSystem-openimis-identifiers-cs.html#openimis-identifiers-cs-Code\">Code</a></td><td>Unique code</td><td>An identifier issued by the implementer to identify an openIMIS entity</td></tr></table></div>"
      },
      "url" : "https://openimis.github.io/openimis_fhir_r4_ig/ValueSet/openimis-identifiers-vs",
      "version" : "0.1.0",
      "name" : "OpenIMISIdentifierVS",
      "title" : "openIMIS Identifiers Value Set",
      "status" : "active",
      "date" : "2021-07-16T09:11:54+00:00",
      "publisher" : "Swiss TPH - SCIH - openIMIS Group",
      "contact" : [{
        "name" : "Swiss TPH - SCIH - openIMIS Group",
        "telecom" : [{
          "system" : "url",
          "value" : "https://www.swisstph.ch/en/"
        },
        {
          "system" : "email",
          "value" : "dragos.dobre@swisstph.ch"
        }]
      }],
      "description" : "Indicates the Identifier type",
      "expansion" : {
        "identifier" : "urn:uuid:82b8552b-2df9-4014-b792-61d95a3c85bd",
        "timestamp" : "2021-07-16T09:12:10+00:00",
        "total" : 3,
        "parameter" : [{
          "name" : "excludeNested",
          "valueBoolean" : false
        },
        {
          "name" : "version",
          "valueUri" : "https://openimis.github.io/openimis_fhir_r4_ig/CodeSystem/openimis-identifiers-cs|0.1.0"
        }],
        "contains" : [{
          "system" : "https://openimis.github.io/openimis_fhir_r4_ig/CodeSystem/openimis-identifiers-cs",
          "code" : "UUID",
          "display" : "UUID unique identifier"
        },
        {
          "system" : "https://openimis.github.io/openimis_fhir_r4_ig/CodeSystem/openimis-identifiers-cs",
          "code" : "DBID",
          "display" : "DB unique identifier"
        },
        {
          "system" : "https://openimis.github.io/openimis_fhir_r4_ig/CodeSystem/openimis-identifiers-cs",
          "code" : "Code",
          "display" : "Unique code"
        }]
      }
    }
  },
  {
    "fullUrl" : "https://openimis.github.io/openimis_fhir_r4_ig/ValueSet/openimis-marital-status-vs",
    "resource" : {
      "resourceType" : "ValueSet",
      "id" : "openimis-marital-status-vs",
      "text" : {
        "status" : "generated",
        "div" : "<div xmlns=\"http://www.w3.org/1999/xhtml\"><p>This value set contains 5 concepts</p><p style=\"border: black 1px dotted; background-color: #EEEEEE; padding: 8px; margin-bottom: 8px\">Expansion based on <a href=\"http://terminology.hl7.org/2.1.0/CodeSystem-v3-MaritalStatus.html\">MaritalStatus v2.0.0 (CodeSystem)</a></p><p>All codes from system <a href=\"http://terminology.hl7.org/2.1.0/CodeSystem-v3-MaritalStatus.html\"><code>http://terminology.hl7.org/CodeSystem/v3-MaritalStatus</code></a></p><table class=\"codes\"><tr><td style=\"white-space:nowrap\"><b>Code</b></td><td><b>Display</b></td><td><b>Definition</b></td></tr><tr><td style=\"white-space:nowrap\"><a name=\"http---terminology.hl7.org-CodeSystem-v3-MaritalStatus-M\"> </a><a href=\"http://terminology.hl7.org/2.1.0/CodeSystem-v3-MaritalStatus.html#v3-MaritalStatus-M\">M</a></td><td>Married</td><td>A current marriage contract is active</td></tr><tr><td style=\"white-space:nowrap\"><a name=\"http---terminology.hl7.org-CodeSystem-v3-MaritalStatus-S\"> </a><a href=\"http://terminology.hl7.org/2.1.0/CodeSystem-v3-MaritalStatus.html#v3-MaritalStatus-S\">S</a></td><td>Single</td><td>No marriage contract has ever been entered</td></tr><tr><td style=\"white-space:nowrap\"><a name=\"http---terminology.hl7.org-CodeSystem-v3-MaritalStatus-D\"> </a><a href=\"http://terminology.hl7.org/2.1.0/CodeSystem-v3-MaritalStatus.html#v3-MaritalStatus-D\">D</a></td><td>Divorced</td><td>Marriage contract has been declared dissolved and inactive</td></tr><tr><td style=\"white-space:nowrap\"><a name=\"http---terminology.hl7.org-CodeSystem-v3-MaritalStatus-W\"> </a><a href=\"http://terminology.hl7.org/2.1.0/CodeSystem-v3-MaritalStatus.html#v3-MaritalStatus-W\">W</a></td><td>Widowed</td><td>The spouse has died</td></tr><tr><td style=\"white-space:nowrap\"><a name=\"http---terminology.hl7.org-CodeSystem-v3-MaritalStatus-UNK\"> </a><a href=\"http://terminology.hl7.org/2.1.0/CodeSystem-v3-MaritalStatus.html#v3-MaritalStatus-UNK\">UNK</a></td><td>unknown</td><td/></tr></table></div>"
      },
      "url" : "https://openimis.github.io/openimis_fhir_r4_ig/ValueSet/openimis-marital-status-vs",
      "version" : "0.1.0",
      "name" : "OpenIMISMaritalStatusVS",
      "title" : "openIMIS Marital Status Value Set",
      "status" : "active",
      "date" : "2021-07-16T09:11:54+00:00",
      "publisher" : "Swiss TPH - SCIH - openIMIS Group",
      "contact" : [{
        "name" : "Swiss TPH - SCIH - openIMIS Group",
        "telecom" : [{
          "system" : "url",
          "value" : "https://www.swisstph.ch/en/"
        },
        {
          "system" : "email",
          "value" : "dragos.dobre@swisstph.ch"
        }]
      }],
      "description" : "Indicates the Marital status of an Insuree",
      "expansion" : {
        "identifier" : "urn:uuid:3c4fd8af-8845-493e-8afd-52193e33c302",
        "timestamp" : "2021-07-16T09:12:10+00:00",
        "total" : 5,
        "parameter" : [{
          "name" : "excludeNested",
          "valueBoolean" : false
        },
        {
          "name" : "version",
          "valueUri" : "http://terminology.hl7.org/CodeSystem/v3-MaritalStatus|2.0.0"
        }],
        "contains" : [{
          "system" : "http://terminology.hl7.org/CodeSystem/v3-MaritalStatus",
          "code" : "M",
          "display" : "Married"
        },
        {
          "system" : "http://terminology.hl7.org/CodeSystem/v3-MaritalStatus",
          "code" : "S",
          "display" : "Single"
        },
        {
          "system" : "http://terminology.hl7.org/CodeSystem/v3-MaritalStatus",
          "code" : "D",
          "display" : "Divorced"
        },
        {
          "system" : "http://terminology.hl7.org/CodeSystem/v3-MaritalStatus",
          "code" : "W",
          "display" : "Widowed"
        },
        {
          "system" : "http://terminology.hl7.org/CodeSystem/v3-MaritalStatus",
          "code" : "UNK",
          "display" : "unknown"
        }]
      }
    }
  }]
}