<?xml version="1.0" encoding="UTF-8"?>

<Bundle xmlns="http://hl7.org/fhir">
  <id value="fe7fe574-a2a8-497c-869c-0b05338e4c77"/>
  <meta>
    <lastUpdated value="2021-07-13T16:08:02.308+00:00"/>
  </meta>
  <type value="collection"/>
  <entry>
    <fullUrl value="https://openimis.github.io/openimis_fhir_r4_ig/ValueSet/openimis-contact-relationship-vs"/>
    <resource>
      <ValueSet>
        <id value="openimis-contact-relationship-vs"/>
        <text>
          <status value="generated"/>
          <div xmlns="http://www.w3.org/1999/xhtml">
            <p>This value set contains 3 concepts</p>
            <p style="border: black 1px dotted; background-color: #EEEEEE; padding: 8px; margin-bottom: 8px">Expansion based on 
              <a href="CodeSystem-openimis-identifiers-cs.html">openIMIS Identifiers code system v0.1.0 (CodeSystem)</a>
            </p>
            <p>All codes from system 
              <a href="CodeSystem-openimis-identifiers-cs.html">
                <code>https://openimis.github.io/openimis_fhir_r4_ig/CodeSystem/openimis-identifiers-cs</code>
              </a>
            </p>
            <table class="codes">
              <tr>
                <td style="white-space:nowrap">
                  <b>Code</b>
                </td>
                <td>
                  <b>Display</b>
                </td>
                <td>
                  <b>Definition</b>
                </td>
              </tr>
              <tr>
                <td style="white-space:nowrap">
                  <a name="https---openimis.github.io-openimis-fhir-r4-ig-CodeSystem-openimis-identifiers-cs-UUID"> </a>
                  <a href="CodeSystem-openimis-identifiers-cs.html#openimis-identifiers-cs-UUID">UUID</a>
                </td>
                <td>UUID unique identifier</td>
                <td>The UUID V4 unique identifier that is generated by the openIMIS Database</td>
              </tr>
              <tr>
                <td style="white-space:nowrap">
                  <a name="https---openimis.github.io-openimis-fhir-r4-ig-CodeSystem-openimis-identifiers-cs-DBID"> </a>
                  <a href="CodeSystem-openimis-identifiers-cs.html#openimis-identifiers-cs-DBID">DBID</a>
                </td>
                <td>DB unique identifier</td>
                <td>The DB unique integer identifier managed by the openIMIS DB</td>
              </tr>
              <tr>
                <td style="white-space:nowrap">
                  <a name="https---openimis.github.io-openimis-fhir-r4-ig-CodeSystem-openimis-identifiers-cs-Code"> </a>
                  <a href="CodeSystem-openimis-identifiers-cs.html#openimis-identifiers-cs-Code">Code</a>
                </td>
                <td>Unique code</td>
                <td>An identifier issued by the implementer to identify an openIMIS entity</td>
              </tr>
            </table>
          </div>
        </text>
        <url value="https://openimis.github.io/openimis_fhir_r4_ig/ValueSet/openimis-contact-relationship-vs"/>
        <version value="0.1.0"/>
        <name value="OpenIMISContactRelationshipVS"/>
        <title value="openIMIS Contact Relationship code system"/>
        <status value="active"/>
        <date value="2021-07-13T16:08:02+00:00"/>
        <publisher value="Swiss TPH - SCIH - openIMIS Group"/>
        <contact>
          <name value="Swiss TPH - SCIH - openIMIS Group"/>
          <telecom>
            <system value="url"/>
            <value value="https://www.swisstph.ch/en/"/>
          </telecom>
          <telecom>
            <system value="email"/>
            <value value="dragos.dobre@swisstph.ch"/>
          </telecom>
        </contact>
        <description value="Indicates the Relationship of a Patient with the Head of the Family"/>
        <expansion>
          <identifier value="urn:uuid:b7311cfb-5995-4139-aa2d-ebb1f52ff0f3"/>
          <timestamp value="2021-07-13T16:08:15+00:00"/>
          <total value="3"/>
          <parameter>
            <name value="excludeNested"/>
            <valueBoolean value="false"/>
          </parameter>
          <parameter>
            <name value="version"/>
            <valueUri value="https://openimis.github.io/openimis_fhir_r4_ig/CodeSystem/openimis-identifiers-cs|0.1.0"/>
          </parameter>
          <contains>
            <system value="https://openimis.github.io/openimis_fhir_r4_ig/CodeSystem/openimis-identifiers-cs"/>
            <code value="UUID"/>
            <display value="UUID unique identifier"/>
          </contains>
          <contains>
            <system value="https://openimis.github.io/openimis_fhir_r4_ig/CodeSystem/openimis-identifiers-cs"/>
            <code value="DBID"/>
            <display value="DB unique identifier"/>
          </contains>
          <contains>
            <system value="https://openimis.github.io/openimis_fhir_r4_ig/CodeSystem/openimis-identifiers-cs"/>
            <code value="Code"/>
            <display value="Unique code"/>
          </contains>
        </expansion>
      </ValueSet>
    </resource>
  </entry>
  <entry>
    <fullUrl value="https://openimis.github.io/openimis_fhir_r4_ig/ValueSet/openimis-identifiers-vs"/>
    <resource>
      <ValueSet>
        <id value="openimis-identifiers-vs"/>
        <text>
          <status value="generated"/>
          <div xmlns="http://www.w3.org/1999/xhtml">
            <p>This value set contains 3 concepts</p>
            <p style="border: black 1px dotted; background-color: #EEEEEE; padding: 8px; margin-bottom: 8px">Expansion based on 
              <a href="CodeSystem-openimis-identifiers-cs.html">openIMIS Identifiers code system v0.1.0 (CodeSystem)</a>
            </p>
            <p>All codes from system 
              <a href="CodeSystem-openimis-identifiers-cs.html">
                <code>https://openimis.github.io/openimis_fhir_r4_ig/CodeSystem/openimis-identifiers-cs</code>
              </a>
            </p>
            <table class="codes">
              <tr>
                <td style="white-space:nowrap">
                  <b>Code</b>
                </td>
                <td>
                  <b>Display</b>
                </td>
                <td>
                  <b>Definition</b>
                </td>
              </tr>
              <tr>
                <td style="white-space:nowrap">
                  <a name="https---openimis.github.io-openimis-fhir-r4-ig-CodeSystem-openimis-identifiers-cs-UUID"> </a>
                  <a href="CodeSystem-openimis-identifiers-cs.html#openimis-identifiers-cs-UUID">UUID</a>
                </td>
                <td>UUID unique identifier</td>
                <td>The UUID V4 unique identifier that is generated by the openIMIS Database</td>
              </tr>
              <tr>
                <td style="white-space:nowrap">
                  <a name="https---openimis.github.io-openimis-fhir-r4-ig-CodeSystem-openimis-identifiers-cs-DBID"> </a>
                  <a href="CodeSystem-openimis-identifiers-cs.html#openimis-identifiers-cs-DBID">DBID</a>
                </td>
                <td>DB unique identifier</td>
                <td>The DB unique integer identifier managed by the openIMIS DB</td>
              </tr>
              <tr>
                <td style="white-space:nowrap">
                  <a name="https---openimis.github.io-openimis-fhir-r4-ig-CodeSystem-openimis-identifiers-cs-Code"> </a>
                  <a href="CodeSystem-openimis-identifiers-cs.html#openimis-identifiers-cs-Code">Code</a>
                </td>
                <td>Unique code</td>
                <td>An identifier issued by the implementer to identify an openIMIS entity</td>
              </tr>
            </table>
          </div>
        </text>
        <url value="https://openimis.github.io/openimis_fhir_r4_ig/ValueSet/openimis-identifiers-vs"/>
        <version value="0.1.0"/>
        <name value="OpenIMISIdentifierVS"/>
        <title value="openIMIS Identifiers Value Set"/>
        <status value="active"/>
        <date value="2021-07-13T16:08:02+00:00"/>
        <publisher value="Swiss TPH - SCIH - openIMIS Group"/>
        <contact>
          <name value="Swiss TPH - SCIH - openIMIS Group"/>
          <telecom>
            <system value="url"/>
            <value value="https://www.swisstph.ch/en/"/>
          </telecom>
          <telecom>
            <system value="email"/>
            <value value="dragos.dobre@swisstph.ch"/>
          </telecom>
        </contact>
        <description value="Indicates the Identifier type"/>
        <expansion>
          <identifier value="urn:uuid:06f99985-d24e-4a2a-a850-c614a95b2bc8"/>
          <timestamp value="2021-07-13T16:08:15+00:00"/>
          <total value="3"/>
          <parameter>
            <name value="excludeNested"/>
            <valueBoolean value="false"/>
          </parameter>
          <parameter>
            <name value="version"/>
            <valueUri value="https://openimis.github.io/openimis_fhir_r4_ig/CodeSystem/openimis-identifiers-cs|0.1.0"/>
          </parameter>
          <contains>
            <system value="https://openimis.github.io/openimis_fhir_r4_ig/CodeSystem/openimis-identifiers-cs"/>
            <code value="UUID"/>
            <display value="UUID unique identifier"/>
          </contains>
          <contains>
            <system value="https://openimis.github.io/openimis_fhir_r4_ig/CodeSystem/openimis-identifiers-cs"/>
            <code value="DBID"/>
            <display value="DB unique identifier"/>
          </contains>
          <contains>
            <system value="https://openimis.github.io/openimis_fhir_r4_ig/CodeSystem/openimis-identifiers-cs"/>
            <code value="Code"/>
            <display value="Unique code"/>
          </contains>
        </expansion>
      </ValueSet>
    </resource>
  </entry>
  <entry>
    <fullUrl value="https://openimis.github.io/openimis_fhir_r4_ig/ValueSet/openimis-marital-status-vs"/>
    <resource>
      <ValueSet>
        <id value="openimis-marital-status-vs"/>
        <text>
          <status value="generated"/>
          <div xmlns="http://www.w3.org/1999/xhtml">
            <p>This value set contains 5 concepts</p>
            <p style="border: black 1px dotted; background-color: #EEEEEE; padding: 8px; margin-bottom: 8px">Expansion based on 
              <a href="http://terminology.hl7.org/2.1.0/CodeSystem-v3-MaritalStatus.html">MaritalStatus v2.0.0 (CodeSystem)</a>
            </p>
            <p>All codes from system 
              <a href="http://terminology.hl7.org/2.1.0/CodeSystem-v3-MaritalStatus.html">
                <code>http://terminology.hl7.org/CodeSystem/v3-MaritalStatus</code>
              </a>
            </p>
            <table class="codes">
              <tr>
                <td style="white-space:nowrap">
                  <b>Code</b>
                </td>
                <td>
                  <b>Display</b>
                </td>
                <td>
                  <b>Definition</b>
                </td>
              </tr>
              <tr>
                <td style="white-space:nowrap">
                  <a name="http---terminology.hl7.org-CodeSystem-v3-MaritalStatus-M"> </a>
                  <a href="http://terminology.hl7.org/2.1.0/CodeSystem-v3-MaritalStatus.html#v3-MaritalStatus-M">M</a>
                </td>
                <td>Married</td>
                <td>A current marriage contract is active</td>
              </tr>
              <tr>
                <td style="white-space:nowrap">
                  <a name="http---terminology.hl7.org-CodeSystem-v3-MaritalStatus-S"> </a>
                  <a href="http://terminology.hl7.org/2.1.0/CodeSystem-v3-MaritalStatus.html#v3-MaritalStatus-S">S</a>
                </td>
                <td>Single</td>
                <td>No marriage contract has ever been entered</td>
              </tr>
              <tr>
                <td style="white-space:nowrap">
                  <a name="http---terminology.hl7.org-CodeSystem-v3-MaritalStatus-D"> </a>
                  <a href="http://terminology.hl7.org/2.1.0/CodeSystem-v3-MaritalStatus.html#v3-MaritalStatus-D">D</a>
                </td>
                <td>Divorced</td>
                <td>Marriage contract has been declared dissolved and inactive</td>
              </tr>
              <tr>
                <td style="white-space:nowrap">
                  <a name="http---terminology.hl7.org-CodeSystem-v3-MaritalStatus-W"> </a>
                  <a href="http://terminology.hl7.org/2.1.0/CodeSystem-v3-MaritalStatus.html#v3-MaritalStatus-W">W</a>
                </td>
                <td>Widowed</td>
                <td>The spouse has died</td>
              </tr>
              <tr>
                <td style="white-space:nowrap">
                  <a name="http---terminology.hl7.org-CodeSystem-v3-MaritalStatus-UNK"> </a>
                  <a href="http://terminology.hl7.org/2.1.0/CodeSystem-v3-MaritalStatus.html#v3-MaritalStatus-UNK">UNK</a>
                </td>
                <td>unknown</td>
                <td/>
              </tr>
            </table>
          </div>
        </text>
        <url value="https://openimis.github.io/openimis_fhir_r4_ig/ValueSet/openimis-marital-status-vs"/>
        <version value="0.1.0"/>
        <name value="OpenIMISMaritalStatusVS"/>
        <title value="openIMIS Marital Status Value Set"/>
        <status value="active"/>
        <date value="2021-07-13T16:08:02+00:00"/>
        <publisher value="Swiss TPH - SCIH - openIMIS Group"/>
        <contact>
          <name value="Swiss TPH - SCIH - openIMIS Group"/>
          <telecom>
            <system value="url"/>
            <value value="https://www.swisstph.ch/en/"/>
          </telecom>
          <telecom>
            <system value="email"/>
            <value value="dragos.dobre@swisstph.ch"/>
          </telecom>
        </contact>
        <description value="Indicates the Marital status of an Insuree"/>
        <expansion>
          <identifier value="urn:uuid:1236bf1c-f3ad-4670-b051-3f11304e3c42"/>
          <timestamp value="2021-07-13T16:08:15+00:00"/>
          <total value="5"/>
          <parameter>
            <name value="excludeNested"/>
            <valueBoolean value="false"/>
          </parameter>
          <parameter>
            <name value="version"/>
            <valueUri value="http://terminology.hl7.org/CodeSystem/v3-MaritalStatus|2.0.0"/>
          </parameter>
          <contains>
            <system value="http://terminology.hl7.org/CodeSystem/v3-MaritalStatus"/>
            <code value="M"/>
            <display value="Married"/>
          </contains>
          <contains>
            <system value="http://terminology.hl7.org/CodeSystem/v3-MaritalStatus"/>
            <code value="S"/>
            <display value="Single"/>
          </contains>
          <contains>
            <system value="http://terminology.hl7.org/CodeSystem/v3-MaritalStatus"/>
            <code value="D"/>
            <display value="Divorced"/>
          </contains>
          <contains>
            <system value="http://terminology.hl7.org/CodeSystem/v3-MaritalStatus"/>
            <code value="W"/>
            <display value="Widowed"/>
          </contains>
          <contains>
            <system value="http://terminology.hl7.org/CodeSystem/v3-MaritalStatus"/>
            <code value="UNK"/>
            <display value="unknown"/>
          </contains>
        </expansion>
      </ValueSet>
    </resource>
  </entry>
</Bundle>