<?xml version="1.0" encoding="UTF-8"?>

<Bundle xmlns="http://hl7.org/fhir">
  <id value="c4cc34bd-bca6-4c6f-8978-6a6329eeecbb"/>
  <meta>
    <lastUpdated value="2021-07-15T08:25:21.049+00:00"/>
  </meta>
  <type value="collection"/>
  <entry>
    <fullUrl value="https://openimis.github.io/openimis_fhir_r4_ig/ValueSet/openimis-contact-relationship-vs"/>
    <resource>
      <ValueSet>
        <id value="openimis-contact-relationship-vs"/>
        <text>
          <status value="generated"/>
          <div xmlns="http://www.w3.org/1999/xhtml">
            <p>This value set contains 8 concepts</p>
            <p style="border: black 1px dotted; background-color: #EEEEEE; padding: 8px; margin-bottom: 8px">Expansion based on 
              <a href="CodeSystem-openimis-contact-relationship-cs.html">openIMIS Contact Relationship code system v0.1.0 (CodeSystem)</a>
            </p>
            <p>All codes from system 
              <a href="CodeSystem-openimis-contact-relationship-cs.html">
                <code>https://openimis.github.io/openimis_fhir_r4_ig/CodeSystem/openimis-contact-relationship-cs</code>
              </a>
            </p>
            <table class="codes">
              <tr>
                <td style="white-space:nowrap">
                  <b>Code</b>
                </td>
                <td>
                  <b>Display</b>
                </td>
                <td>
                  <b>Definition</b>
                </td>
              </tr>
              <tr>
                <td style="white-space:nowrap">
                  <a name="https---openimis.github.io-openimis-fhir-r4-ig-CodeSystem-openimis-contact-relationship-cs-Spouse"> </a>
                  <a href="CodeSystem-openimis-contact-relationship-cs.html#openimis-contact-relationship-cs-Spouse">Spouse</a>
                </td>
                <td>Spouse</td>
                <td/>
              </tr>
              <tr>
                <td style="white-space:nowrap">
                  <a name="https---openimis.github.io-openimis-fhir-r4-ig-CodeSystem-openimis-contact-relationship-cs-Brother-Sister"> </a>
                  <a href="CodeSystem-openimis-contact-relationship-cs.html#openimis-contact-relationship-cs-Brother.47Sister">Brother/Sister</a>
                </td>
                <td>Brother/Sister</td>
                <td/>
              </tr>
              <tr>
                <td style="white-space:nowrap">
                  <a name="https---openimis.github.io-openimis-fhir-r4-ig-CodeSystem-openimis-contact-relationship-cs-Father-Mother"> </a>
                  <a href="CodeSystem-openimis-contact-relationship-cs.html#openimis-contact-relationship-cs-Father.47Mother">Father/Mother</a>
                </td>
                <td>Father/Mother</td>
                <td/>
              </tr>
              <tr>
                <td style="white-space:nowrap">
                  <a name="https---openimis.github.io-openimis-fhir-r4-ig-CodeSystem-openimis-contact-relationship-cs-Uncle-Aunt"> </a>
                  <a href="CodeSystem-openimis-contact-relationship-cs.html#openimis-contact-relationship-cs-Uncle.47Aunt">Uncle/Aunt</a>
                </td>
                <td>Uncle/Aunt</td>
                <td/>
              </tr>
              <tr>
                <td style="white-space:nowrap">
                  <a name="https---openimis.github.io-openimis-fhir-r4-ig-CodeSystem-openimis-contact-relationship-cs-Son-Daughter"> </a>
                  <a href="CodeSystem-openimis-contact-relationship-cs.html#openimis-contact-relationship-cs-Son.47Daughter">Son/Daughter</a>
                </td>
                <td>Son/Daughter</td>
                <td/>
              </tr>
              <tr>
                <td style="white-space:nowrap">
                  <a name="https---openimis.github.io-openimis-fhir-r4-ig-CodeSystem-openimis-contact-relationship-cs-GrandParents"> </a>
                  <a href="CodeSystem-openimis-contact-relationship-cs.html#openimis-contact-relationship-cs-GrandParents">GrandParents</a>
                </td>
                <td>Grand parents</td>
                <td/>
              </tr>
              <tr>
                <td style="white-space:nowrap">
                  <a name="https---openimis.github.io-openimis-fhir-r4-ig-CodeSystem-openimis-contact-relationship-cs-Employee"> </a>
                  <a href="CodeSystem-openimis-contact-relationship-cs.html#openimis-contact-relationship-cs-Employee">Employee</a>
                </td>
                <td>Employee</td>
                <td/>
              </tr>
              <tr>
                <td style="white-space:nowrap">
                  <a name="https---openimis.github.io-openimis-fhir-r4-ig-CodeSystem-openimis-contact-relationship-cs-Others"> </a>
                  <a href="CodeSystem-openimis-contact-relationship-cs.html#openimis-contact-relationship-cs-Others">Others</a>
                </td>
                <td>Others</td>
                <td/>
              </tr>
            </table>
          </div>
        </text>
        <url value="https://openimis.github.io/openimis_fhir_r4_ig/ValueSet/openimis-contact-relationship-vs"/>
        <version value="0.1.0"/>
        <name value="OpenIMISContactRelationshipVS"/>
        <title value="openIMIS Contact Relationship code system"/>
        <status value="active"/>
        <date value="2021-07-15T08:25:21+00:00"/>
        <publisher value="Swiss TPH - SCIH - openIMIS Group"/>
        <contact>
          <name value="Swiss TPH - SCIH - openIMIS Group"/>
          <telecom>
            <system value="url"/>
            <value value="https://www.swisstph.ch/en/"/>
          </telecom>
          <telecom>
            <system value="email"/>
            <value value="dragos.dobre@swisstph.ch"/>
          </telecom>
        </contact>
        <description value="Indicates the Relationship of a Patient with the Head of the Family"/>
        <expansion>
          <identifier value="urn:uuid:e66e99b2-b5ba-4035-92be-32ccbbb3612e"/>
          <timestamp value="2021-07-15T08:25:34+00:00"/>
          <total value="8"/>
          <parameter>
            <name value="excludeNested"/>
            <valueBoolean value="false"/>
          </parameter>
          <parameter>
            <name value="version"/>
            <valueUri value="https://openimis.github.io/openimis_fhir_r4_ig/CodeSystem/openimis-contact-relationship-cs|0.1.0"/>
          </parameter>
          <contains>
            <system value="https://openimis.github.io/openimis_fhir_r4_ig/CodeSystem/openimis-contact-relationship-cs"/>
            <code value="Spouse"/>
            <display value="Spouse"/>
          </contains>
          <contains>
            <system value="https://openimis.github.io/openimis_fhir_r4_ig/CodeSystem/openimis-contact-relationship-cs"/>
            <code value="Brother/Sister"/>
            <display value="Brother/Sister"/>
          </contains>
          <contains>
            <system value="https://openimis.github.io/openimis_fhir_r4_ig/CodeSystem/openimis-contact-relationship-cs"/>
            <code value="Father/Mother"/>
            <display value="Father/Mother"/>
          </contains>
          <contains>
            <system value="https://openimis.github.io/openimis_fhir_r4_ig/CodeSystem/openimis-contact-relationship-cs"/>
            <code value="Uncle/Aunt"/>
            <display value="Uncle/Aunt"/>
          </contains>
          <contains>
            <system value="https://openimis.github.io/openimis_fhir_r4_ig/CodeSystem/openimis-contact-relationship-cs"/>
            <code value="Son/Daughter"/>
            <display value="Son/Daughter"/>
          </contains>
          <contains>
            <system value="https://openimis.github.io/openimis_fhir_r4_ig/CodeSystem/openimis-contact-relationship-cs"/>
            <code value="GrandParents"/>
            <display value="Grand parents"/>
          </contains>
          <contains>
            <system value="https://openimis.github.io/openimis_fhir_r4_ig/CodeSystem/openimis-contact-relationship-cs"/>
            <code value="Employee"/>
            <display value="Employee"/>
          </contains>
          <contains>
            <system value="https://openimis.github.io/openimis_fhir_r4_ig/CodeSystem/openimis-contact-relationship-cs"/>
            <code value="Others"/>
            <display value="Others"/>
          </contains>
        </expansion>
      </ValueSet>
    </resource>
  </entry>
  <entry>
    <fullUrl value="https://openimis.github.io/openimis_fhir_r4_ig/ValueSet/openimis-identifiers-vs"/>
    <resource>
      <ValueSet>
        <id value="openimis-identifiers-vs"/>
        <text>
          <status value="generated"/>
          <div xmlns="http://www.w3.org/1999/xhtml">
            <p>This value set contains 3 concepts</p>
            <p style="border: black 1px dotted; background-color: #EEEEEE; padding: 8px; margin-bottom: 8px">Expansion based on 
              <a href="CodeSystem-openimis-identifiers-cs.html">openIMIS Identifiers code system v0.1.0 (CodeSystem)</a>
            </p>
            <p>All codes from system 
              <a href="CodeSystem-openimis-identifiers-cs.html">
                <code>https://openimis.github.io/openimis_fhir_r4_ig/CodeSystem/openimis-identifiers-cs</code>
              </a>
            </p>
            <table class="codes">
              <tr>
                <td style="white-space:nowrap">
                  <b>Code</b>
                </td>
                <td>
                  <b>Display</b>
                </td>
                <td>
                  <b>Definition</b>
                </td>
              </tr>
              <tr>
                <td style="white-space:nowrap">
                  <a name="https---openimis.github.io-openimis-fhir-r4-ig-CodeSystem-openimis-identifiers-cs-UUID"> </a>
                  <a href="CodeSystem-openimis-identifiers-cs.html#openimis-identifiers-cs-UUID">UUID</a>
                </td>
                <td>UUID unique identifier</td>
                <td>The UUID V4 unique identifier that is generated by the openIMIS Database</td>
              </tr>
              <tr>
                <td style="white-space:nowrap">
                  <a name="https---openimis.github.io-openimis-fhir-r4-ig-CodeSystem-openimis-identifiers-cs-DBID"> </a>
                  <a href="CodeSystem-openimis-identifiers-cs.html#openimis-identifiers-cs-DBID">DBID</a>
                </td>
                <td>DB unique identifier</td>
                <td>The DB unique integer identifier managed by the openIMIS DB</td>
              </tr>
              <tr>
                <td style="white-space:nowrap">
                  <a name="https---openimis.github.io-openimis-fhir-r4-ig-CodeSystem-openimis-identifiers-cs-Code"> </a>
                  <a href="CodeSystem-openimis-identifiers-cs.html#openimis-identifiers-cs-Code">Code</a>
                </td>
                <td>Unique code</td>
                <td>An identifier issued by the implementer to identify an openIMIS entity</td>
              </tr>
            </table>
          </div>
        </text>
        <url value="https://openimis.github.io/openimis_fhir_r4_ig/ValueSet/openimis-identifiers-vs"/>
        <version value="0.1.0"/>
        <name value="OpenIMISIdentifierVS"/>
        <title value="openIMIS Identifiers Value Set"/>
        <status value="active"/>
        <date value="2021-07-15T08:25:21+00:00"/>
        <publisher value="Swiss TPH - SCIH - openIMIS Group"/>
        <contact>
          <name value="Swiss TPH - SCIH - openIMIS Group"/>
          <telecom>
            <system value="url"/>
            <value value="https://www.swisstph.ch/en/"/>
          </telecom>
          <telecom>
            <system value="email"/>
            <value value="dragos.dobre@swisstph.ch"/>
          </telecom>
        </contact>
        <description value="Indicates the Identifier type"/>
        <expansion>
          <identifier value="urn:uuid:978c8d37-c727-4e8d-bb5e-2a131f4d4d4f"/>
          <timestamp value="2021-07-15T08:25:34+00:00"/>
          <total value="3"/>
          <parameter>
            <name value="excludeNested"/>
            <valueBoolean value="false"/>
          </parameter>
          <parameter>
            <name value="version"/>
            <valueUri value="https://openimis.github.io/openimis_fhir_r4_ig/CodeSystem/openimis-identifiers-cs|0.1.0"/>
          </parameter>
          <contains>
            <system value="https://openimis.github.io/openimis_fhir_r4_ig/CodeSystem/openimis-identifiers-cs"/>
            <code value="UUID"/>
            <display value="UUID unique identifier"/>
          </contains>
          <contains>
            <system value="https://openimis.github.io/openimis_fhir_r4_ig/CodeSystem/openimis-identifiers-cs"/>
            <code value="DBID"/>
            <display value="DB unique identifier"/>
          </contains>
          <contains>
            <system value="https://openimis.github.io/openimis_fhir_r4_ig/CodeSystem/openimis-identifiers-cs"/>
            <code value="Code"/>
            <display value="Unique code"/>
          </contains>
        </expansion>
      </ValueSet>
    </resource>
  </entry>
  <entry>
    <fullUrl value="https://openimis.github.io/openimis_fhir_r4_ig/ValueSet/openimis-marital-status-vs"/>
    <resource>
      <ValueSet>
        <id value="openimis-marital-status-vs"/>
        <text>
          <status value="generated"/>
          <div xmlns="http://www.w3.org/1999/xhtml">
            <p>This value set contains 5 concepts</p>
            <p style="border: black 1px dotted; background-color: #EEEEEE; padding: 8px; margin-bottom: 8px">Expansion based on 
              <a href="http://terminology.hl7.org/2.1.0/CodeSystem-v3-MaritalStatus.html">MaritalStatus v2.0.0 (CodeSystem)</a>
            </p>
            <p>All codes from system 
              <a href="http://terminology.hl7.org/2.1.0/CodeSystem-v3-MaritalStatus.html">
                <code>http://terminology.hl7.org/CodeSystem/v3-MaritalStatus</code>
              </a>
            </p>
            <table class="codes">
              <tr>
                <td style="white-space:nowrap">
                  <b>Code</b>
                </td>
                <td>
                  <b>Display</b>
                </td>
                <td>
                  <b>Definition</b>
                </td>
              </tr>
              <tr>
                <td style="white-space:nowrap">
                  <a name="http---terminology.hl7.org-CodeSystem-v3-MaritalStatus-M"> </a>
                  <a href="http://terminology.hl7.org/2.1.0/CodeSystem-v3-MaritalStatus.html#v3-MaritalStatus-M">M</a>
                </td>
                <td>Married</td>
                <td>A current marriage contract is active</td>
              </tr>
              <tr>
                <td style="white-space:nowrap">
                  <a name="http---terminology.hl7.org-CodeSystem-v3-MaritalStatus-S"> </a>
                  <a href="http://terminology.hl7.org/2.1.0/CodeSystem-v3-MaritalStatus.html#v3-MaritalStatus-S">S</a>
                </td>
                <td>Single</td>
                <td>No marriage contract has ever been entered</td>
              </tr>
              <tr>
                <td style="white-space:nowrap">
                  <a name="http---terminology.hl7.org-CodeSystem-v3-MaritalStatus-D"> </a>
                  <a href="http://terminology.hl7.org/2.1.0/CodeSystem-v3-MaritalStatus.html#v3-MaritalStatus-D">D</a>
                </td>
                <td>Divorced</td>
                <td>Marriage contract has been declared dissolved and inactive</td>
              </tr>
              <tr>
                <td style="white-space:nowrap">
                  <a name="http---terminology.hl7.org-CodeSystem-v3-MaritalStatus-W"> </a>
                  <a href="http://terminology.hl7.org/2.1.0/CodeSystem-v3-MaritalStatus.html#v3-MaritalStatus-W">W</a>
                </td>
                <td>Widowed</td>
                <td>The spouse has died</td>
              </tr>
              <tr>
                <td style="white-space:nowrap">
                  <a name="http---terminology.hl7.org-CodeSystem-v3-MaritalStatus-UNK"> </a>
                  <a href="http://terminology.hl7.org/2.1.0/CodeSystem-v3-MaritalStatus.html#v3-MaritalStatus-UNK">UNK</a>
                </td>
                <td>unknown</td>
                <td/>
              </tr>
            </table>
          </div>
        </text>
        <url value="https://openimis.github.io/openimis_fhir_r4_ig/ValueSet/openimis-marital-status-vs"/>
        <version value="0.1.0"/>
        <name value="OpenIMISMaritalStatusVS"/>
        <title value="openIMIS Marital Status Value Set"/>
        <status value="active"/>
        <date value="2021-07-15T08:25:21+00:00"/>
        <publisher value="Swiss TPH - SCIH - openIMIS Group"/>
        <contact>
          <name value="Swiss TPH - SCIH - openIMIS Group"/>
          <telecom>
            <system value="url"/>
            <value value="https://www.swisstph.ch/en/"/>
          </telecom>
          <telecom>
            <system value="email"/>
            <value value="dragos.dobre@swisstph.ch"/>
          </telecom>
        </contact>
        <description value="Indicates the Marital status of an Insuree"/>
        <expansion>
          <identifier value="urn:uuid:5aa8d762-3204-49e1-9c78-833774db5ec6"/>
          <timestamp value="2021-07-15T08:25:34+00:00"/>
          <total value="5"/>
          <parameter>
            <name value="excludeNested"/>
            <valueBoolean value="false"/>
          </parameter>
          <parameter>
            <name value="version"/>
            <valueUri value="http://terminology.hl7.org/CodeSystem/v3-MaritalStatus|2.0.0"/>
          </parameter>
          <contains>
            <system value="http://terminology.hl7.org/CodeSystem/v3-MaritalStatus"/>
            <code value="M"/>
            <display value="Married"/>
          </contains>
          <contains>
            <system value="http://terminology.hl7.org/CodeSystem/v3-MaritalStatus"/>
            <code value="S"/>
            <display value="Single"/>
          </contains>
          <contains>
            <system value="http://terminology.hl7.org/CodeSystem/v3-MaritalStatus"/>
            <code value="D"/>
            <display value="Divorced"/>
          </contains>
          <contains>
            <system value="http://terminology.hl7.org/CodeSystem/v3-MaritalStatus"/>
            <code value="W"/>
            <display value="Widowed"/>
          </contains>
          <contains>
            <system value="http://terminology.hl7.org/CodeSystem/v3-MaritalStatus"/>
            <code value="UNK"/>
            <display value="unknown"/>
          </contains>
        </expansion>
      </ValueSet>
    </resource>
  </entry>
</Bundle>