{
  "resourceType" : "Bundle",
  "id" : "2ac82993-08a4-417b-ad05-c3d4863cbf18",
  "meta" : {
    "lastUpdated" : "2021-07-19T12:50:33.263+00:00"
  },
  "type" : "collection",
  "entry" : [{
    "fullUrl" : "https://openimis.github.io/openimis_fhir_r4_ig/ValueSet-confirmation-type",
    "resource" : {
      "resourceType" : "ValueSet",
      "id" : "group-confirmation-type",
      "text" : {
        "status" : "generated",
        "div" : "<div xmlns=\"http://www.w3.org/1999/xhtml\"><p>This value set contains 4 concepts</p><p style=\"border: black 1px dotted; background-color: #EEEEEE; padding: 8px; margin-bottom: 8px\">Expansion based on <a href=\"CodeSystem-group-confirmation-type.html\">Confirmation Types (Group) v0.1.0 (CodeSystem)</a></p><p>All codes from system <a href=\"CodeSystem-group-confirmation-type.html\"><code>https://openimis.github.io/openimis_fhir_r4_ig/CodeSystem-confirmation-type</code></a></p><table class=\"codes\"><tr><td style=\"white-space:nowrap\"><b>Code</b></td><td><b>Display</b></td><td><b>Definition</b></td></tr><tr><td style=\"white-space:nowrap\"><a name=\"https---openimis.github.io-openimis-fhir-r4-ig-CodeSystem-confirmation-type-A\"> </a><a href=\"CodeSystem-group-confirmation-type.html#group-confirmation-type-A\">A</a></td><td>Local council</td><td/></tr><tr><td style=\"white-space:nowrap\"><a name=\"https---openimis.github.io-openimis-fhir-r4-ig-CodeSystem-confirmation-type-B\"> </a><a href=\"CodeSystem-group-confirmation-type.html#group-confirmation-type-B\">B</a></td><td>Municipality</td><td/></tr><tr><td style=\"white-space:nowrap\"><a name=\"https---openimis.github.io-openimis-fhir-r4-ig-CodeSystem-confirmation-type-C\"> </a><a href=\"CodeSystem-group-confirmation-type.html#group-confirmation-type-C\">C</a></td><td>State</td><td/></tr><tr><td style=\"white-space:nowrap\"><a name=\"https---openimis.github.io-openimis-fhir-r4-ig-CodeSystem-confirmation-type-D\"> </a><a href=\"CodeSystem-group-confirmation-type.html#group-confirmation-type-D\">D</a></td><td>Other</td><td/></tr></table></div>"
      },
      "url" : "https://openimis.github.io/openimis_fhir_r4_ig/ValueSet-confirmation-type",
      "version" : "0.1.0",
      "name" : "GroupConfirmationTypeVS",
      "title" : "Confirmation Types (Group)",
      "status" : "active",
      "date" : "2021-07-19T12:50:33+00:00",
      "publisher" : "Swiss TPH - SCIH - openIMIS Group",
      "contact" : [{
        "name" : "Swiss TPH - SCIH - openIMIS Group",
        "telecom" : [{
          "system" : "url",
          "value" : "https://www.swisstph.ch/en/"
        },
        {
          "system" : "email",
          "value" : "dragos.dobre@swisstph.ch"
        }]
      }],
      "description" : "Indicates the confirmation type for the Group. Values defined by openIMIS. Can be extended.",
      "expansion" : {
        "identifier" : "urn:uuid:d070e130-157e-4414-bf5c-e888cdee8119",
        "timestamp" : "2021-07-19T12:50:50+00:00",
        "total" : 4,
        "parameter" : [{
          "name" : "excludeNested",
          "valueBoolean" : false
        },
        {
          "name" : "version",
          "valueUri" : "https://openimis.github.io/openimis_fhir_r4_ig/CodeSystem-confirmation-type|0.1.0"
        }],
        "contains" : [{
          "system" : "https://openimis.github.io/openimis_fhir_r4_ig/CodeSystem-confirmation-type",
          "code" : "A",
          "display" : "Local council"
        },
        {
          "system" : "https://openimis.github.io/openimis_fhir_r4_ig/CodeSystem-confirmation-type",
          "code" : "B",
          "display" : "Municipality"
        },
        {
          "system" : "https://openimis.github.io/openimis_fhir_r4_ig/CodeSystem-confirmation-type",
          "code" : "C",
          "display" : "State"
        },
        {
          "system" : "https://openimis.github.io/openimis_fhir_r4_ig/CodeSystem-confirmation-type",
          "code" : "D",
          "display" : "Other"
        }]
      }
    }
  },
  {
    "fullUrl" : "https://openimis.github.io/openimis_fhir_r4_ig/ValueSet-group-types",
    "resource" : {
      "resourceType" : "ValueSet",
      "id" : "group-types",
      "text" : {
        "status" : "generated",
        "div" : "<div xmlns=\"http://www.w3.org/1999/xhtml\"><p>This value set contains 7 concepts</p><p style=\"border: black 1px dotted; background-color: #EEEEEE; padding: 8px; margin-bottom: 8px\">Expansion based on <a href=\"CodeSystem-group-types.html\">Group Types (Group) v0.1.0 (CodeSystem)</a></p><p>All codes from system <a href=\"CodeSystem-group-types.html\"><code>https://openimis.github.io/openimis_fhir_r4_ig/CodeSystem-group-types</code></a></p><table class=\"codes\"><tr><td style=\"white-space:nowrap\"><b>Code</b></td><td><b>Display</b></td><td><b>Definition</b></td></tr><tr><td style=\"white-space:nowrap\"><a name=\"https---openimis.github.io-openimis-fhir-r4-ig-CodeSystem-group-types-C\"> </a><a href=\"CodeSystem-group-types.html#group-types-C\">C</a></td><td>Council</td><td/></tr><tr><td style=\"white-space:nowrap\"><a name=\"https---openimis.github.io-openimis-fhir-r4-ig-CodeSystem-group-types-G\"> </a><a href=\"CodeSystem-group-types.html#group-types-G\">G</a></td><td>Organization</td><td/></tr><tr><td style=\"white-space:nowrap\"><a name=\"https---openimis.github.io-openimis-fhir-r4-ig-CodeSystem-group-types-H\"> </a><a href=\"CodeSystem-group-types.html#group-types-H\">H</a></td><td>Household</td><td/></tr><tr><td style=\"white-space:nowrap\"><a name=\"https---openimis.github.io-openimis-fhir-r4-ig-CodeSystem-group-types-O\"> </a><a href=\"CodeSystem-group-types.html#group-types-O\">O</a></td><td>Other</td><td/></tr><tr><td style=\"white-space:nowrap\"><a name=\"https---openimis.github.io-openimis-fhir-r4-ig-CodeSystem-group-types-P\"> </a><a href=\"CodeSystem-group-types.html#group-types-P\">P</a></td><td>Priests</td><td/></tr><tr><td style=\"white-space:nowrap\"><a name=\"https---openimis.github.io-openimis-fhir-r4-ig-CodeSystem-group-types-S\"> </a><a href=\"CodeSystem-group-types.html#group-types-S\">S</a></td><td>Students</td><td/></tr><tr><td style=\"white-space:nowrap\"><a name=\"https---openimis.github.io-openimis-fhir-r4-ig-CodeSystem-group-types-T\"> </a><a href=\"CodeSystem-group-types.html#group-types-T\">T</a></td><td>Teachers</td><td/></tr></table></div>"
      },
      "url" : "https://openimis.github.io/openimis_fhir_r4_ig/ValueSet-group-types",
      "version" : "0.1.0",
      "name" : "GroupTypesVS",
      "title" : "Group Types (Group)",
      "status" : "active",
      "date" : "2021-07-19T12:50:33+00:00",
      "publisher" : "Swiss TPH - SCIH - openIMIS Group",
      "contact" : [{
        "name" : "Swiss TPH - SCIH - openIMIS Group",
        "telecom" : [{
          "system" : "url",
          "value" : "https://www.swisstph.ch/en/"
        },
        {
          "system" : "email",
          "value" : "dragos.dobre@swisstph.ch"
        }]
      }],
      "description" : "Indicates the type of the Group. Values defined by openIMIS. Can be extended.",
      "expansion" : {
        "identifier" : "urn:uuid:29a3614d-ce85-436f-81a1-2dc98d2d199b",
        "timestamp" : "2021-07-19T12:50:50+00:00",
        "total" : 7,
        "parameter" : [{
          "name" : "excludeNested",
          "valueBoolean" : false
        },
        {
          "name" : "version",
          "valueUri" : "https://openimis.github.io/openimis_fhir_r4_ig/CodeSystem-group-types|0.1.0"
        }],
        "contains" : [{
          "system" : "https://openimis.github.io/openimis_fhir_r4_ig/CodeSystem-group-types",
          "code" : "C",
          "display" : "Council"
        },
        {
          "system" : "https://openimis.github.io/openimis_fhir_r4_ig/CodeSystem-group-types",
          "code" : "G",
          "display" : "Organization"
        },
        {
          "system" : "https://openimis.github.io/openimis_fhir_r4_ig/CodeSystem-group-types",
          "code" : "H",
          "display" : "Household"
        },
        {
          "system" : "https://openimis.github.io/openimis_fhir_r4_ig/CodeSystem-group-types",
          "code" : "O",
          "display" : "Other"
        },
        {
          "system" : "https://openimis.github.io/openimis_fhir_r4_ig/CodeSystem-group-types",
          "code" : "P",
          "display" : "Priests"
        },
        {
          "system" : "https://openimis.github.io/openimis_fhir_r4_ig/CodeSystem-group-types",
          "code" : "S",
          "display" : "Students"
        },
        {
          "system" : "https://openimis.github.io/openimis_fhir_r4_ig/CodeSystem-group-types",
          "code" : "T",
          "display" : "Teachers"
        }]
      }
    }
  },
  {
    "fullUrl" : "https://openimis.github.io/openimis_fhir_r4_ig/ValueSet-openimis-identifiers",
    "resource" : {
      "resourceType" : "ValueSet",
      "id" : "openimis-identifiers",
      "text" : {
        "status" : "generated",
        "div" : "<div xmlns=\"http://www.w3.org/1999/xhtml\"><p>This value set contains 3 concepts</p><p style=\"border: black 1px dotted; background-color: #EEEEEE; padding: 8px; margin-bottom: 8px\">Expansion based on <a href=\"CodeSystem-openimis-identifiers.html\">openIMIS Identifiers code system v0.1.0 (CodeSystem)</a></p><p>All codes from system <a href=\"CodeSystem-openimis-identifiers.html\"><code>https://openimis.github.io/openimis_fhir_r4_ig/CodeSystem-openimis-identifiers</code></a></p><table class=\"codes\"><tr><td style=\"white-space:nowrap\"><b>Code</b></td><td><b>Display</b></td><td><b>Definition</b></td></tr><tr><td style=\"white-space:nowrap\"><a name=\"https---openimis.github.io-openimis-fhir-r4-ig-CodeSystem-openimis-identifiers-UUID\"> </a><a href=\"CodeSystem-openimis-identifiers.html#openimis-identifiers-UUID\">UUID</a></td><td>UUID unique identifier</td><td>The UUID V4 unique identifier that is generated by the openIMIS Database</td></tr><tr><td style=\"white-space:nowrap\"><a name=\"https---openimis.github.io-openimis-fhir-r4-ig-CodeSystem-openimis-identifiers-DBID\"> </a><a href=\"CodeSystem-openimis-identifiers.html#openimis-identifiers-DBID\">DBID</a></td><td>DB unique identifier</td><td>The DB unique integer identifier managed by the openIMIS DB</td></tr><tr><td style=\"white-space:nowrap\"><a name=\"https---openimis.github.io-openimis-fhir-r4-ig-CodeSystem-openimis-identifiers-Code\"> </a><a href=\"CodeSystem-openimis-identifiers.html#openimis-identifiers-Code\">Code</a></td><td>Unique code</td><td>An identifier issued by the implementer to identify an openIMIS entity</td></tr></table></div>"
      },
      "url" : "https://openimis.github.io/openimis_fhir_r4_ig/ValueSet-openimis-identifiers",
      "version" : "0.1.0",
      "name" : "OpenIMISIdentifierVS",
      "title" : "openIMIS Identifiers Value Set",
      "status" : "active",
      "date" : "2021-07-19T12:50:33+00:00",
      "publisher" : "Swiss TPH - SCIH - openIMIS Group",
      "contact" : [{
        "name" : "Swiss TPH - SCIH - openIMIS Group",
        "telecom" : [{
          "system" : "url",
          "value" : "https://www.swisstph.ch/en/"
        },
        {
          "system" : "email",
          "value" : "dragos.dobre@swisstph.ch"
        }]
      }],
      "description" : "Indicates the Identifier type",
      "expansion" : {
        "identifier" : "urn:uuid:700184d6-149d-4fb1-8bcc-b147560e6a03",
        "timestamp" : "2021-07-19T12:50:50+00:00",
        "total" : 3,
        "parameter" : [{
          "name" : "excludeNested",
          "valueBoolean" : false
        },
        {
          "name" : "version",
          "valueUri" : "https://openimis.github.io/openimis_fhir_r4_ig/CodeSystem-openimis-identifiers|0.1.0"
        }],
        "contains" : [{
          "system" : "https://openimis.github.io/openimis_fhir_r4_ig/CodeSystem-openimis-identifiers",
          "code" : "UUID",
          "display" : "UUID unique identifier"
        },
        {
          "system" : "https://openimis.github.io/openimis_fhir_r4_ig/CodeSystem-openimis-identifiers",
          "code" : "DBID",
          "display" : "DB unique identifier"
        },
        {
          "system" : "https://openimis.github.io/openimis_fhir_r4_ig/CodeSystem-openimis-identifiers",
          "code" : "Code",
          "display" : "Unique code"
        }]
      }
    }
  },
  {
    "fullUrl" : "https://openimis.github.io/openimis_fhir_r4_ig/ValueSet-patient-contact-relationship",
    "resource" : {
      "resourceType" : "ValueSet",
      "id" : "patient-contact-relationship",
      "text" : {
        "status" : "generated",
        "div" : "<div xmlns=\"http://www.w3.org/1999/xhtml\"><p>This value set contains 8 concepts</p><p style=\"border: black 1px dotted; background-color: #EEEEEE; padding: 8px; margin-bottom: 8px\">Expansion based on <a href=\"CodeSystem-patient-contact-relationship.html\">Patient Contact Relationship code system v0.1.0 (CodeSystem)</a></p><p>All codes from system <a href=\"CodeSystem-patient-contact-relationship.html\"><code>https://openimis.github.io/openimis_fhir_r4_ig/CodeSystem-patient-contact-relationship</code></a></p><table class=\"codes\"><tr><td style=\"white-space:nowrap\"><b>Code</b></td><td><b>Display</b></td><td><b>Definition</b></td></tr><tr><td style=\"white-space:nowrap\"><a name=\"https---openimis.github.io-openimis-fhir-r4-ig-CodeSystem-patient-contact-relationship-1\"> </a><a href=\"CodeSystem-patient-contact-relationship.html#patient-contact-relationship-1\">1</a></td><td>Brother/Sister</td><td/></tr><tr><td style=\"white-space:nowrap\"><a name=\"https---openimis.github.io-openimis-fhir-r4-ig-CodeSystem-patient-contact-relationship-2\"> </a><a href=\"CodeSystem-patient-contact-relationship.html#patient-contact-relationship-2\">2</a></td><td>Father/Mother</td><td/></tr><tr><td style=\"white-space:nowrap\"><a name=\"https---openimis.github.io-openimis-fhir-r4-ig-CodeSystem-patient-contact-relationship-3\"> </a><a href=\"CodeSystem-patient-contact-relationship.html#patient-contact-relationship-3\">3</a></td><td>Uncle/Aunt</td><td/></tr><tr><td style=\"white-space:nowrap\"><a name=\"https---openimis.github.io-openimis-fhir-r4-ig-CodeSystem-patient-contact-relationship-4\"> </a><a href=\"CodeSystem-patient-contact-relationship.html#patient-contact-relationship-4\">4</a></td><td>Son/Daughter</td><td/></tr><tr><td style=\"white-space:nowrap\"><a name=\"https---openimis.github.io-openimis-fhir-r4-ig-CodeSystem-patient-contact-relationship-5\"> </a><a href=\"CodeSystem-patient-contact-relationship.html#patient-contact-relationship-5\">5</a></td><td>Grand parents</td><td/></tr><tr><td style=\"white-space:nowrap\"><a name=\"https---openimis.github.io-openimis-fhir-r4-ig-CodeSystem-patient-contact-relationship-6\"> </a><a href=\"CodeSystem-patient-contact-relationship.html#patient-contact-relationship-6\">6</a></td><td>Employee</td><td/></tr><tr><td style=\"white-space:nowrap\"><a name=\"https---openimis.github.io-openimis-fhir-r4-ig-CodeSystem-patient-contact-relationship-7\"> </a><a href=\"CodeSystem-patient-contact-relationship.html#patient-contact-relationship-7\">7</a></td><td>Others</td><td/></tr><tr><td style=\"white-space:nowrap\"><a name=\"https---openimis.github.io-openimis-fhir-r4-ig-CodeSystem-patient-contact-relationship-8\"> </a><a href=\"CodeSystem-patient-contact-relationship.html#patient-contact-relationship-8\">8</a></td><td>Spouse</td><td/></tr></table></div>"
      },
      "url" : "https://openimis.github.io/openimis_fhir_r4_ig/ValueSet-patient-contact-relationship",
      "version" : "0.1.0",
      "name" : "PatientContactRelationshipVS",
      "title" : "Contact Relationship (Patient)",
      "status" : "active",
      "date" : "2021-07-19T12:50:33+00:00",
      "publisher" : "Swiss TPH - SCIH - openIMIS Group",
      "contact" : [{
        "name" : "Swiss TPH - SCIH - openIMIS Group",
        "telecom" : [{
          "system" : "url",
          "value" : "https://www.swisstph.ch/en/"
        },
        {
          "system" : "email",
          "value" : "dragos.dobre@swisstph.ch"
        }]
      }],
      "description" : "Indicates the Relationship of a Patient with the Head of the Family.",
      "expansion" : {
        "identifier" : "urn:uuid:8ad4cf1d-51fe-4f8e-950d-67894710bba3",
        "timestamp" : "2021-07-19T12:50:51+00:00",
        "total" : 8,
        "parameter" : [{
          "name" : "excludeNested",
          "valueBoolean" : false
        },
        {
          "name" : "version",
          "valueUri" : "https://openimis.github.io/openimis_fhir_r4_ig/CodeSystem-patient-contact-relationship|0.1.0"
        }],
        "contains" : [{
          "system" : "https://openimis.github.io/openimis_fhir_r4_ig/CodeSystem-patient-contact-relationship",
          "code" : "1",
          "display" : "Brother/Sister"
        },
        {
          "system" : "https://openimis.github.io/openimis_fhir_r4_ig/CodeSystem-patient-contact-relationship",
          "code" : "2",
          "display" : "Father/Mother"
        },
        {
          "system" : "https://openimis.github.io/openimis_fhir_r4_ig/CodeSystem-patient-contact-relationship",
          "code" : "3",
          "display" : "Uncle/Aunt"
        },
        {
          "system" : "https://openimis.github.io/openimis_fhir_r4_ig/CodeSystem-patient-contact-relationship",
          "code" : "4",
          "display" : "Son/Daughter"
        },
        {
          "system" : "https://openimis.github.io/openimis_fhir_r4_ig/CodeSystem-patient-contact-relationship",
          "code" : "5",
          "display" : "Grand parents"
        },
        {
          "system" : "https://openimis.github.io/openimis_fhir_r4_ig/CodeSystem-patient-contact-relationship",
          "code" : "6",
          "display" : "Employee"
        },
        {
          "system" : "https://openimis.github.io/openimis_fhir_r4_ig/CodeSystem-patient-contact-relationship",
          "code" : "7",
          "display" : "Others"
        },
        {
          "system" : "https://openimis.github.io/openimis_fhir_r4_ig/CodeSystem-patient-contact-relationship",
          "code" : "8",
          "display" : "Spouse"
        }]
      }
    }
  },
  {
    "fullUrl" : "https://openimis.github.io/openimis_fhir_r4_ig/ValueSet-patient-education-level",
    "resource" : {
      "resourceType" : "ValueSet",
      "id" : "patient-education-level",
      "text" : {
        "status" : "generated",
        "div" : "<div xmlns=\"http://www.w3.org/1999/xhtml\"><p>This value set contains 7 concepts</p><p style=\"border: black 1px dotted; background-color: #EEEEEE; padding: 8px; margin-bottom: 8px\">Expansion based on <a href=\"CodeSystem-patient-education-level.html\">Patient Education Level Code System v0.1.0 (CodeSystem)</a></p><p>All codes from system <a href=\"CodeSystem-patient-education-level.html\"><code>https://openimis.github.io/openimis_fhir_r4_ig/CodeSystem-patient-education-level</code></a></p><table class=\"codes\"><tr><td style=\"white-space:nowrap\"><b>Code</b></td><td><b>Display</b></td><td><b>Definition</b></td></tr><tr><td style=\"white-space:nowrap\"><a name=\"https---openimis.github.io-openimis-fhir-r4-ig-CodeSystem-patient-education-level-1\"> </a><a href=\"CodeSystem-patient-education-level.html#patient-education-level-1\">1</a></td><td>Nursery</td><td/></tr><tr><td style=\"white-space:nowrap\"><a name=\"https---openimis.github.io-openimis-fhir-r4-ig-CodeSystem-patient-education-level-2\"> </a><a href=\"CodeSystem-patient-education-level.html#patient-education-level-2\">2</a></td><td>Primary school</td><td/></tr><tr><td style=\"white-space:nowrap\"><a name=\"https---openimis.github.io-openimis-fhir-r4-ig-CodeSystem-patient-education-level-3\"> </a><a href=\"CodeSystem-patient-education-level.html#patient-education-level-3\">3</a></td><td>Secondary school</td><td/></tr><tr><td style=\"white-space:nowrap\"><a name=\"https---openimis.github.io-openimis-fhir-r4-ig-CodeSystem-patient-education-level-4\"> </a><a href=\"CodeSystem-patient-education-level.html#patient-education-level-4\">4</a></td><td>University</td><td/></tr><tr><td style=\"white-space:nowrap\"><a name=\"https---openimis.github.io-openimis-fhir-r4-ig-CodeSystem-patient-education-level-5\"> </a><a href=\"CodeSystem-patient-education-level.html#patient-education-level-5\">5</a></td><td>Postgraduate studies</td><td/></tr><tr><td style=\"white-space:nowrap\"><a name=\"https---openimis.github.io-openimis-fhir-r4-ig-CodeSystem-patient-education-level-6\"> </a><a href=\"CodeSystem-patient-education-level.html#patient-education-level-6\">6</a></td><td>PHD</td><td/></tr><tr><td style=\"white-space:nowrap\"><a name=\"https---openimis.github.io-openimis-fhir-r4-ig-CodeSystem-patient-education-level-7\"> </a><a href=\"CodeSystem-patient-education-level.html#patient-education-level-7\">7</a></td><td>Other</td><td/></tr></table></div>"
      },
      "url" : "https://openimis.github.io/openimis_fhir_r4_ig/ValueSet-patient-education-level",
      "version" : "0.1.0",
      "name" : "PatientEducationLevelVS",
      "title" : "Education Level (Patient)",
      "status" : "active",
      "date" : "2021-07-19T12:50:33+00:00",
      "publisher" : "Swiss TPH - SCIH - openIMIS Group",
      "contact" : [{
        "name" : "Swiss TPH - SCIH - openIMIS Group",
        "telecom" : [{
          "system" : "url",
          "value" : "https://www.swisstph.ch/en/"
        },
        {
          "system" : "email",
          "value" : "dragos.dobre@swisstph.ch"
        }]
      }],
      "description" : "Indicates the Education level of a Patient",
      "expansion" : {
        "identifier" : "urn:uuid:9b8e9dcc-4857-40e4-9601-9443fe3bf1e6",
        "timestamp" : "2021-07-19T12:50:51+00:00",
        "total" : 7,
        "parameter" : [{
          "name" : "excludeNested",
          "valueBoolean" : false
        },
        {
          "name" : "version",
          "valueUri" : "https://openimis.github.io/openimis_fhir_r4_ig/CodeSystem-patient-education-level|0.1.0"
        }],
        "contains" : [{
          "system" : "https://openimis.github.io/openimis_fhir_r4_ig/CodeSystem-patient-education-level",
          "code" : "1",
          "display" : "Nursery"
        },
        {
          "system" : "https://openimis.github.io/openimis_fhir_r4_ig/CodeSystem-patient-education-level",
          "code" : "2",
          "display" : "Primary school"
        },
        {
          "system" : "https://openimis.github.io/openimis_fhir_r4_ig/CodeSystem-patient-education-level",
          "code" : "3",
          "display" : "Secondary school"
        },
        {
          "system" : "https://openimis.github.io/openimis_fhir_r4_ig/CodeSystem-patient-education-level",
          "code" : "4",
          "display" : "University"
        },
        {
          "system" : "https://openimis.github.io/openimis_fhir_r4_ig/CodeSystem-patient-education-level",
          "code" : "5",
          "display" : "Postgraduate studies"
        },
        {
          "system" : "https://openimis.github.io/openimis_fhir_r4_ig/CodeSystem-patient-education-level",
          "code" : "6",
          "display" : "PHD"
        },
        {
          "system" : "https://openimis.github.io/openimis_fhir_r4_ig/CodeSystem-patient-education-level",
          "code" : "7",
          "display" : "Other"
        }]
      }
    }
  },
  {
    "fullUrl" : "https://openimis.github.io/openimis_fhir_r4_ig/ValueSet-patient-identification-types",
    "resource" : {
      "resourceType" : "ValueSet",
      "id" : "patient-identification-types",
      "text" : {
        "status" : "generated",
        "div" : "<div xmlns=\"http://www.w3.org/1999/xhtml\"><p>This value set contains 4 concepts</p><p style=\"border: black 1px dotted; background-color: #EEEEEE; padding: 8px; margin-bottom: 8px\">Expansion based on <a href=\"CodeSystem-patient-identification-types.html\">Identification Types (Patient) v0.1.0 (CodeSystem)</a></p><p>All codes from system <a href=\"CodeSystem-patient-identification-types.html\"><code>https://openimis.github.io/openimis_fhir_r4_ig/CodeSystem-patient-identification-types</code></a></p><table class=\"codes\"><tr><td style=\"white-space:nowrap\"><b>Code</b></td><td><b>Display</b></td><td><b>Definition</b></td></tr><tr><td style=\"white-space:nowrap\"><a name=\"https---openimis.github.io-openimis-fhir-r4-ig-CodeSystem-patient-identification-types-D\"> </a><a href=\"CodeSystem-patient-identification-types.html#patient-identification-types-D\">D</a></td><td>Driver's License</td><td/></tr><tr><td style=\"white-space:nowrap\"><a name=\"https---openimis.github.io-openimis-fhir-r4-ig-CodeSystem-patient-identification-types-N\"> </a><a href=\"CodeSystem-patient-identification-types.html#patient-identification-types-N\">N</a></td><td>National ID</td><td/></tr><tr><td style=\"white-space:nowrap\"><a name=\"https---openimis.github.io-openimis-fhir-r4-ig-CodeSystem-patient-identification-types-P\"> </a><a href=\"CodeSystem-patient-identification-types.html#patient-identification-types-P\">P</a></td><td>Passport</td><td/></tr><tr><td style=\"white-space:nowrap\"><a name=\"https---openimis.github.io-openimis-fhir-r4-ig-CodeSystem-patient-identification-types-V\"> </a><a href=\"CodeSystem-patient-identification-types.html#patient-identification-types-V\">V</a></td><td>Voter Card</td><td/></tr></table></div>"
      },
      "url" : "https://openimis.github.io/openimis_fhir_r4_ig/ValueSet-patient-identification-types",
      "version" : "0.1.0",
      "name" : "PatientIdentificationTypesVS",
      "title" : "Identification Types (Patient)",
      "status" : "active",
      "date" : "2021-07-19T12:50:33+00:00",
      "publisher" : "Swiss TPH - SCIH - openIMIS Group",
      "contact" : [{
        "name" : "Swiss TPH - SCIH - openIMIS Group",
        "telecom" : [{
          "system" : "url",
          "value" : "https://www.swisstph.ch/en/"
        },
        {
          "system" : "email",
          "value" : "dragos.dobre@swisstph.ch"
        }]
      }],
      "description" : "Indicates the type of document the Patient used to identify himself.",
      "expansion" : {
        "identifier" : "urn:uuid:a84bc620-06df-4820-bb82-274b0eab0cfc",
        "timestamp" : "2021-07-19T12:50:51+00:00",
        "total" : 4,
        "parameter" : [{
          "name" : "excludeNested",
          "valueBoolean" : false
        },
        {
          "name" : "version",
          "valueUri" : "https://openimis.github.io/openimis_fhir_r4_ig/CodeSystem-patient-identification-types|0.1.0"
        }],
        "contains" : [{
          "system" : "https://openimis.github.io/openimis_fhir_r4_ig/CodeSystem-patient-identification-types",
          "code" : "D",
          "display" : "Driver's License"
        },
        {
          "system" : "https://openimis.github.io/openimis_fhir_r4_ig/CodeSystem-patient-identification-types",
          "code" : "N",
          "display" : "National ID"
        },
        {
          "system" : "https://openimis.github.io/openimis_fhir_r4_ig/CodeSystem-patient-identification-types",
          "code" : "P",
          "display" : "Passport"
        },
        {
          "system" : "https://openimis.github.io/openimis_fhir_r4_ig/CodeSystem-patient-identification-types",
          "code" : "V",
          "display" : "Voter Card"
        }]
      }
    }
  },
  {
    "fullUrl" : "https://openimis.github.io/openimis_fhir_r4_ig/ValueSet-patient-marital-status",
    "resource" : {
      "resourceType" : "ValueSet",
      "id" : "patient-marital-status",
      "text" : {
        "status" : "generated",
        "div" : "<div xmlns=\"http://www.w3.org/1999/xhtml\"><p>This value set contains 5 concepts</p><p style=\"border: black 1px dotted; background-color: #EEEEEE; padding: 8px; margin-bottom: 8px\">Expansion based on <a href=\"http://terminology.hl7.org/2.1.0/CodeSystem-v3-MaritalStatus.html\">MaritalStatus v2.0.0 (CodeSystem)</a></p><p>All codes from system <a href=\"http://terminology.hl7.org/2.1.0/CodeSystem-v3-MaritalStatus.html\"><code>http://terminology.hl7.org/CodeSystem/v3-MaritalStatus</code></a></p><table class=\"codes\"><tr><td style=\"white-space:nowrap\"><b>Code</b></td><td><b>Display</b></td><td><b>Definition</b></td></tr><tr><td style=\"white-space:nowrap\"><a name=\"http---terminology.hl7.org-CodeSystem-v3-MaritalStatus-M\"> </a><a href=\"http://terminology.hl7.org/2.1.0/CodeSystem-v3-MaritalStatus.html#v3-MaritalStatus-M\">M</a></td><td>Married</td><td>A current marriage contract is active</td></tr><tr><td style=\"white-space:nowrap\"><a name=\"http---terminology.hl7.org-CodeSystem-v3-MaritalStatus-S\"> </a><a href=\"http://terminology.hl7.org/2.1.0/CodeSystem-v3-MaritalStatus.html#v3-MaritalStatus-S\">S</a></td><td>Single</td><td>No marriage contract has ever been entered</td></tr><tr><td style=\"white-space:nowrap\"><a name=\"http---terminology.hl7.org-CodeSystem-v3-MaritalStatus-D\"> </a><a href=\"http://terminology.hl7.org/2.1.0/CodeSystem-v3-MaritalStatus.html#v3-MaritalStatus-D\">D</a></td><td>Divorced</td><td>Marriage contract has been declared dissolved and inactive</td></tr><tr><td style=\"white-space:nowrap\"><a name=\"http---terminology.hl7.org-CodeSystem-v3-MaritalStatus-W\"> </a><a href=\"http://terminology.hl7.org/2.1.0/CodeSystem-v3-MaritalStatus.html#v3-MaritalStatus-W\">W</a></td><td>Widowed</td><td>The spouse has died</td></tr><tr><td style=\"white-space:nowrap\"><a name=\"http---terminology.hl7.org-CodeSystem-v3-MaritalStatus-UNK\"> </a><a href=\"http://terminology.hl7.org/2.1.0/CodeSystem-v3-MaritalStatus.html#v3-MaritalStatus-UNK\">UNK</a></td><td>unknown</td><td/></tr></table></div>"
      },
      "url" : "https://openimis.github.io/openimis_fhir_r4_ig/ValueSet-patient-marital-status",
      "version" : "0.1.0",
      "name" : "PatientMaritalStatusVS",
      "title" : "Marital Status (Patient)",
      "status" : "active",
      "date" : "2021-07-19T12:50:33+00:00",
      "publisher" : "Swiss TPH - SCIH - openIMIS Group",
      "contact" : [{
        "name" : "Swiss TPH - SCIH - openIMIS Group",
        "telecom" : [{
          "system" : "url",
          "value" : "https://www.swisstph.ch/en/"
        },
        {
          "system" : "email",
          "value" : "dragos.dobre@swisstph.ch"
        }]
      }],
      "description" : "Indicates the Marital status of a Patient",
      "expansion" : {
        "identifier" : "urn:uuid:80928676-694a-4451-9ff6-4ee11ec1d23b",
        "timestamp" : "2021-07-19T12:50:51+00:00",
        "total" : 5,
        "parameter" : [{
          "name" : "excludeNested",
          "valueBoolean" : false
        },
        {
          "name" : "version",
          "valueUri" : "http://terminology.hl7.org/CodeSystem/v3-MaritalStatus|2.0.0"
        }],
        "contains" : [{
          "system" : "http://terminology.hl7.org/CodeSystem/v3-MaritalStatus",
          "code" : "M",
          "display" : "Married"
        },
        {
          "system" : "http://terminology.hl7.org/CodeSystem/v3-MaritalStatus",
          "code" : "S",
          "display" : "Single"
        },
        {
          "system" : "http://terminology.hl7.org/CodeSystem/v3-MaritalStatus",
          "code" : "D",
          "display" : "Divorced"
        },
        {
          "system" : "http://terminology.hl7.org/CodeSystem/v3-MaritalStatus",
          "code" : "W",
          "display" : "Widowed"
        },
        {
          "system" : "http://terminology.hl7.org/CodeSystem/v3-MaritalStatus",
          "code" : "UNK",
          "display" : "unknown"
        }]
      }
    }
  },
  {
    "fullUrl" : "https://openimis.github.io/openimis_fhir_r4_ig/ValueSet-patient-profession",
    "resource" : {
      "resourceType" : "ValueSet",
      "id" : "patient-profession",
      "text" : {
        "status" : "generated",
        "div" : "<div xmlns=\"http://www.w3.org/1999/xhtml\"><p>This value set contains 4 concepts</p><p style=\"border: black 1px dotted; background-color: #EEEEEE; padding: 8px; margin-bottom: 8px\">Expansion based on <a href=\"CodeSystem-patient-profession.html\">Patient Profession Code System v0.1.0 (CodeSystem)</a></p><p>All codes from system <a href=\"CodeSystem-patient-profession.html\"><code>https://openimis.github.io/openimis_fhir_r4_ig/CodeSystem-patient-profession</code></a></p><table class=\"codes\"><tr><td style=\"white-space:nowrap\"><b>Code</b></td><td><b>Display</b></td><td><b>Definition</b></td></tr><tr><td style=\"white-space:nowrap\"><a name=\"https---openimis.github.io-openimis-fhir-r4-ig-CodeSystem-patient-profession-1\"> </a><a href=\"CodeSystem-patient-profession.html#patient-profession-1\">1</a></td><td>Housewife</td><td/></tr><tr><td style=\"white-space:nowrap\"><a name=\"https---openimis.github.io-openimis-fhir-r4-ig-CodeSystem-patient-profession-2\"> </a><a href=\"CodeSystem-patient-profession.html#patient-profession-2\">2</a></td><td>Employee</td><td/></tr><tr><td style=\"white-space:nowrap\"><a name=\"https---openimis.github.io-openimis-fhir-r4-ig-CodeSystem-patient-profession-3\"> </a><a href=\"CodeSystem-patient-profession.html#patient-profession-3\">3</a></td><td>Self Employee</td><td/></tr><tr><td style=\"white-space:nowrap\"><a name=\"https---openimis.github.io-openimis-fhir-r4-ig-CodeSystem-patient-profession-4\"> </a><a href=\"CodeSystem-patient-profession.html#patient-profession-4\">4</a></td><td>Other</td><td/></tr></table></div>"
      },
      "url" : "https://openimis.github.io/openimis_fhir_r4_ig/ValueSet-patient-profession",
      "version" : "0.1.0",
      "name" : "PatientProfessionVS",
      "title" : "Patient Profession Value Set",
      "status" : "active",
      "date" : "2021-07-19T12:50:33+00:00",
      "publisher" : "Swiss TPH - SCIH - openIMIS Group",
      "contact" : [{
        "name" : "Swiss TPH - SCIH - openIMIS Group",
        "telecom" : [{
          "system" : "url",
          "value" : "https://www.swisstph.ch/en/"
        },
        {
          "system" : "email",
          "value" : "dragos.dobre@swisstph.ch"
        }]
      }],
      "description" : "Indicates the profession of a Patient",
      "expansion" : {
        "identifier" : "urn:uuid:700b9200-7b7f-4ee8-bb40-4999312725cb",
        "timestamp" : "2021-07-19T12:50:51+00:00",
        "total" : 4,
        "parameter" : [{
          "name" : "excludeNested",
          "valueBoolean" : false
        },
        {
          "name" : "version",
          "valueUri" : "https://openimis.github.io/openimis_fhir_r4_ig/CodeSystem-patient-profession|0.1.0"
        }],
        "contains" : [{
          "system" : "https://openimis.github.io/openimis_fhir_r4_ig/CodeSystem-patient-profession",
          "code" : "1",
          "display" : "Housewife"
        },
        {
          "system" : "https://openimis.github.io/openimis_fhir_r4_ig/CodeSystem-patient-profession",
          "code" : "2",
          "display" : "Employee"
        },
        {
          "system" : "https://openimis.github.io/openimis_fhir_r4_ig/CodeSystem-patient-profession",
          "code" : "3",
          "display" : "Self Employee"
        },
        {
          "system" : "https://openimis.github.io/openimis_fhir_r4_ig/CodeSystem-patient-profession",
          "code" : "4",
          "display" : "Other"
        }]
      }
    }
  }]
}