{
  "resourceType": "ImplementationGuide",
  "id": "openimis.fhir.r4",
  "text": {
    "status": "extensions",
    "div": "<div xmlns=\"http://www.w3.org/1999/xhtml\"><h2>openIMISFHIRR4</h2><p>The official URL for this implementation guide is: </p><pre>https://openimis.github.io/openimis_fhir_r4_ig/ImplementationGuide/openimis.fhir.r4</pre><div><p>This IG is about the mapping and usage of FHIR R4 to integrate openIMIS with other external systems.</p>\n</div></div>"
  },
  "url": "https://openimis.github.io/openimis_fhir_r4_ig/ImplementationGuide/openimis.fhir.r4",
  "version": "0.1.0",
  "name": "openIMISFHIRR4",
  "title": "openIMIS FHIR R4 Implementation Guide",
  "status": "draft",
  "date": "2021-10-04T15:42:19+00:00",
  "publisher": "Swiss TPH",
  "contact": [
    {
      "name": "Swiss TPH",
      "telecom": [
        {
          "system": "url",
          "value": "https://www.swisstph.ch/en/"
        }
      ]
    },
    {
      "name": "Dragos Dobre",
      "telecom": [
        {
          "system": "email",
          "value": "dragos.dobre@swisstph.ch",
          "use": "work"
        }
      ]
    }
  ],
  "description": "This IG is about the mapping and usage of FHIR R4 to integrate openIMIS with other external systems.",
  "packageId": "openimis.fhir.r4",
  "license": "CC0-1.0",
  "fhirVersion": [
    "4.0.1"
  ],
  "definition": {
    "extension": [
      {
        "extension": [
          {
            "url": "code",
            "valueString": "copyrightyear"
          },
          {
            "url": "value",
            "valueString": "2021+"
          }
        ],
        "url": "http://hl7.org/fhir/tools/StructureDefinition/ig-parameter"
      },
      {
        "extension": [
          {
            "url": "code",
            "valueString": "releaselabel"
          },
          {
            "url": "value",
            "valueString": "ci-build"
          }
        ],
        "url": "http://hl7.org/fhir/tools/StructureDefinition/ig-parameter"
      },
      {
        "extension": [
          {
            "url": "code",
            "valueString": "path-liquid"
          },
          {
            "url": "value",
            "valueString": "template/liquid"
          }
        ],
        "url": "http://hl7.org/fhir/tools/StructureDefinition/ig-parameter"
      },
      {
        "extension": [
          {
            "url": "code",
            "valueString": "path-liquid"
          },
          {
            "url": "value",
            "valueString": "input/liquid"
          }
        ],
        "url": "http://hl7.org/fhir/tools/StructureDefinition/ig-parameter"
      },
      {
        "extension": [
          {
            "url": "code",
            "valueString": "path-qa"
          },
          {
            "url": "value",
            "valueString": "temp/qa"
          }
        ],
        "url": "http://hl7.org/fhir/tools/StructureDefinition/ig-parameter"
      },
      {
        "extension": [
          {
            "url": "code",
            "valueString": "path-temp"
          },
          {
            "url": "value",
            "valueString": "temp/pages"
          }
        ],
        "url": "http://hl7.org/fhir/tools/StructureDefinition/ig-parameter"
      },
      {
        "extension": [
          {
            "url": "code",
            "valueString": "path-output"
          },
          {
            "url": "value",
            "valueString": "output"
          }
        ],
        "url": "http://hl7.org/fhir/tools/StructureDefinition/ig-parameter"
      },
      {
        "extension": [
          {
            "url": "code",
            "valueString": "path-suppressed-warnings"
          },
          {
            "url": "value",
            "valueString": "input/ignoreWarnings.txt"
          }
        ],
        "url": "http://hl7.org/fhir/tools/StructureDefinition/ig-parameter"
      },
      {
        "extension": [
          {
            "url": "code",
            "valueString": "path-history"
          },
          {
            "url": "value",
            "valueString": "https://openimis.github.io/openimis_fhir_r4_ig/history.html"
          }
        ],
        "url": "http://hl7.org/fhir/tools/StructureDefinition/ig-parameter"
      },
      {
        "extension": [
          {
            "url": "code",
            "valueString": "template-html"
          },
          {
            "url": "value",
            "valueString": "template-page.html"
          }
        ],
        "url": "http://hl7.org/fhir/tools/StructureDefinition/ig-parameter"
      },
      {
        "extension": [
          {
            "url": "code",
            "valueString": "template-md"
          },
          {
            "url": "value",
            "valueString": "template-page-md.html"
          }
        ],
        "url": "http://hl7.org/fhir/tools/StructureDefinition/ig-parameter"
      },
      {
        "extension": [
          {
            "url": "code",
            "valueString": "apply-contact"
          },
          {
            "url": "value",
            "valueString": "true"
          }
        ],
        "url": "http://hl7.org/fhir/tools/StructureDefinition/ig-parameter"
      },
      {
        "extension": [
          {
            "url": "code",
            "valueString": "apply-context"
          },
          {
            "url": "value",
            "valueString": "true"
          }
        ],
        "url": "http://hl7.org/fhir/tools/StructureDefinition/ig-parameter"
      },
      {
        "extension": [
          {
            "url": "code",
            "valueString": "apply-copyright"
          },
          {
            "url": "value",
            "valueString": "true"
          }
        ],
        "url": "http://hl7.org/fhir/tools/StructureDefinition/ig-parameter"
      },
      {
        "extension": [
          {
            "url": "code",
            "valueString": "apply-jurisdiction"
          },
          {
            "url": "value",
            "valueString": "true"
          }
        ],
        "url": "http://hl7.org/fhir/tools/StructureDefinition/ig-parameter"
      },
      {
        "extension": [
          {
            "url": "code",
            "valueString": "apply-license"
          },
          {
            "url": "value",
            "valueString": "true"
          }
        ],
        "url": "http://hl7.org/fhir/tools/StructureDefinition/ig-parameter"
      },
      {
        "extension": [
          {
            "url": "code",
            "valueString": "apply-publisher"
          },
          {
            "url": "value",
            "valueString": "true"
          }
        ],
        "url": "http://hl7.org/fhir/tools/StructureDefinition/ig-parameter"
      },
      {
        "extension": [
          {
            "url": "code",
            "valueString": "apply-version"
          },
          {
            "url": "value",
            "valueString": "true"
          }
        ],
        "url": "http://hl7.org/fhir/tools/StructureDefinition/ig-parameter"
      },
      {
        "extension": [
          {
            "url": "code",
            "valueString": "active-tables"
          },
          {
            "url": "value",
            "valueString": "true"
          }
        ],
        "url": "http://hl7.org/fhir/tools/StructureDefinition/ig-parameter"
      }
    ],
    "resource": [
      {
        "extension": [
          {
            "url": "http://hl7.org/fhir/tools/StructureDefinition/resource-information",
            "valueString": "StructureDefinition:resource"
          }
        ],
        "reference": {
          "reference": "StructureDefinition/openimis-activitiy-definition"
        },
        "name": "openIMIS ActivityDefinition",
        "description": "Defines a ActivityDefinition for openIMIS which maps to a Medical Service.",
        "exampleBoolean": false
      },
      {
        "extension": [
          {
            "url": "http://hl7.org/fhir/tools/StructureDefinition/resource-information",
            "valueString": "StructureDefinition:resource"
          }
        ],
        "reference": {
          "reference": "StructureDefinition/openimis-claim"
        },
        "name": "openIMIS Claim",
        "description": "Defines a Claim for openIMIS which maps to a Claim.",
        "exampleBoolean": false
      },
      {
        "extension": [
          {
            "url": "http://hl7.org/fhir/tools/StructureDefinition/resource-information",
            "valueString": "StructureDefinition:resource"
          }
        ],
        "reference": {
          "reference": "StructureDefinition/openimis-claim-administrator-practitioner"
        },
        "name": "openIMIS Claim Administrator Practitioner",
        "description": "Defines a Practitioner for openIMIS which maps to a Claim Administrator.",
        "exampleBoolean": false
      },
      {
        "extension": [
          {
            "url": "http://hl7.org/fhir/tools/StructureDefinition/resource-information",
            "valueString": "StructureDefinition:resource"
          }
        ],
        "reference": {
          "reference": "StructureDefinition/openimis-claim-administrator-practitioner-role"
        },
        "name": "openIMIS Claim Administrator Practitioner Role",
        "description": "Defines a Claim Administrator Practitioner Role for openIMIS.",
        "exampleBoolean": false
      },
      {
        "extension": [
          {
            "url": "http://hl7.org/fhir/tools/StructureDefinition/resource-information",
            "valueString": "StructureDefinition:resource"
          }
        ],
        "reference": {
          "reference": "StructureDefinition/openimis-claim-response"
        },
        "name": "openIMIS Claim Response",
        "description": "Defines a ClaimResponse for openIMIS which maps to a Claim. The ClaimResponse resource contains the adjudication result of a Claim.",
        "exampleBoolean": false
      },
      {
        "extension": [
          {
            "url": "http://hl7.org/fhir/tools/StructureDefinition/resource-information",
            "valueString": "StructureDefinition:resource"
          }
        ],
        "reference": {
          "reference": "StructureDefinition/openimis-communication-request"
        },
        "name": "openIMIS CommunicationRequest",
        "description": "Defines a CommunicationRequest for openIMIS which maps to the Claim Feedback in openIMIS.",
        "exampleBoolean": false
      },
      {
        "extension": [
          {
            "url": "http://hl7.org/fhir/tools/StructureDefinition/resource-information",
            "valueString": "StructureDefinition:resource"
          }
        ],
        "reference": {
          "reference": "StructureDefinition/openimis-contract"
        },
        "name": "openIMIS Contract",
        "description": "Defines a Contract for openIMIS use to enrol a Family/Group. Mapped mostly to Policy and will link Group/Family and Patient/Insurees. ",
        "exampleBoolean": false
      },
      {
        "extension": [
          {
            "url": "http://hl7.org/fhir/tools/StructureDefinition/resource-information",
            "valueString": "StructureDefinition:resource"
          }
        ],
        "reference": {
          "reference": "StructureDefinition/openimis-coverage"
        },
        "name": "openIMIS Coverage",
        "description": "Defines a Coverage for openIMIS which maps to a Policy.",
        "exampleBoolean": false
      },
      {
        "extension": [
          {
            "url": "http://hl7.org/fhir/tools/StructureDefinition/resource-information",
            "valueString": "StructureDefinition:resource"
          }
        ],
        "reference": {
          "reference": "StructureDefinition/openimis-coverage-eligibility-request"
        },
        "name": "openIMIS CoverageEligibilityRequest",
        "description": "Defines a CoverageEligibilityRequest for openIMIS to enquire an Insuree.",
        "exampleBoolean": false
      },
      {
        "extension": [
          {
            "url": "http://hl7.org/fhir/tools/StructureDefinition/resource-information",
            "valueString": "StructureDefinition:resource"
          }
        ],
        "reference": {
          "reference": "StructureDefinition/openimis-enrolment-officer-practitioner"
        },
        "name": "openIMIS Enrolment Officer Practitioner",
        "description": "Defines a Practitioner for openIMIS which maps to an Enrolment Officer.",
        "exampleBoolean": false
      },
      {
        "extension": [
          {
            "url": "http://hl7.org/fhir/tools/StructureDefinition/resource-information",
            "valueString": "StructureDefinition:resource"
          }
        ],
        "reference": {
          "reference": "StructureDefinition/openimis-enrolment-officer-practitioner-role"
        },
        "name": "openIMIS Enrolment Officer Practitioner Role",
        "description": "Defines a Enrolment Officer Practitioner Role for openIMIS.",
        "exampleBoolean": false
      },
      {
        "extension": [
          {
            "url": "http://hl7.org/fhir/tools/StructureDefinition/resource-information",
            "valueString": "StructureDefinition:resource"
          }
        ],
        "reference": {
          "reference": "StructureDefinition/openimis-group"
        },
        "name": "openIMIS Group",
        "description": "Defines a Group for openIMIS which maps to an Family",
        "exampleBoolean": false
      },
      {
        "extension": [
          {
            "url": "http://hl7.org/fhir/tools/StructureDefinition/resource-information",
            "valueString": "StructureDefinition:resource"
          }
        ],
        "reference": {
          "reference": "StructureDefinition/openimis-health-facility-organization"
        },
        "name": "openIMIS Health Facility Organization",
        "description": "Defines an Organization for openIMIS which maps to a Health Facility",
        "exampleBoolean": false
      },
      {
        "extension": [
          {
            "url": "http://hl7.org/fhir/tools/StructureDefinition/resource-information",
            "valueString": "StructureDefinition:resource"
          }
        ],
        "reference": {
          "reference": "StructureDefinition/openimis-insurance-plan"
        },
        "name": "openIMIS Insurance Plan",
        "description": "Defines an Insurance Plan for openIMIS which maps to a Product.",
        "exampleBoolean": false
      },
      {
        "extension": [
          {
            "url": "http://hl7.org/fhir/tools/StructureDefinition/resource-information",
            "valueString": "StructureDefinition:resource"
          }
        ],
        "reference": {
          "reference": "StructureDefinition/openimis-location"
        },
        "name": "openIMIS Location",
        "description": "Defines a Location for openIMIS which maps to a Location",
        "exampleBoolean": false
      },
      {
        "extension": [
          {
            "url": "http://hl7.org/fhir/tools/StructureDefinition/resource-information",
            "valueString": "StructureDefinition:resource"
          }
        ],
        "reference": {
          "reference": "StructureDefinition/openimis-medication"
        },
        "name": "openIMIS Medication",
        "description": "Defines a Medication for openIMIS which maps to a Medical Item.",
        "exampleBoolean": false
      },
      {
        "extension": [
          {
            "url": "http://hl7.org/fhir/tools/StructureDefinition/resource-information",
            "valueString": "StructureDefinition:resource"
          }
        ],
        "reference": {
          "reference": "StructureDefinition/openimis-patient"
        },
        "name": "openIMIS Patient",
        "description": "Defines a Patient for openIMIS which maps to an Insuree",
        "exampleBoolean": false
      },
      {
        "extension": [
          {
            "url": "http://hl7.org/fhir/tools/StructureDefinition/resource-information",
            "valueString": "StructureDefinition:resource"
          }
        ],
        "reference": {
          "reference": "StructureDefinition/openimis-policy-holder-organization"
        },
        "name": "openIMIS Policy Holder Organization",
        "description": "Defines an Organization for openIMIS which maps to a Policy Holder under Formal Sector scheme.",
        "exampleBoolean": false
      },
      {
        "extension": [
          {
            "url": "http://hl7.org/fhir/tools/StructureDefinition/resource-information",
            "valueString": "StructureDefinition:extension"
          }
        ],
        "reference": {
          "reference": "StructureDefinition/address-location-reference"
        },
        "name": "Location Reference (Address)",
        "description": "The reference to address' location for City/Village level.",
        "exampleBoolean": false
      },
      {
        "extension": [
          {
            "url": "http://hl7.org/fhir/tools/StructureDefinition/resource-information",
            "valueString": "StructureDefinition:extension"
          }
        ],
        "reference": {
          "reference": "StructureDefinition/address-municipality"
        },
        "name": "Municipality (Address)",
        "description": "The location level between District and City/Village.",
        "exampleBoolean": false
      },
      {
        "extension": [
          {
            "url": "http://hl7.org/fhir/tools/StructureDefinition/resource-information",
            "valueString": "StructureDefinition:extension"
          }
        ],
        "reference": {
          "reference": "StructureDefinition/claim-item-reference"
        },
        "name": "Item Reference (Claim)",
        "description": "The reference to the Medication or ActivityDefinition for an item within a Claim.",
        "exampleBoolean": false
      },
      {
        "extension": [
          {
            "url": "http://hl7.org/fhir/tools/StructureDefinition/resource-information",
            "valueString": "StructureDefinition:extension"
          }
        ],
        "reference": {
          "reference": "StructureDefinition/contract-premium"
        },
        "name": "Premium (Contract)",
        "description": "Indicates a premium for a Contract. This is a complex extension. ",
        "exampleBoolean": false
      },
      {
        "extension": [
          {
            "url": "http://hl7.org/fhir/tools/StructureDefinition/resource-information",
            "valueString": "StructureDefinition:extension"
          }
        ],
        "reference": {
          "reference": "StructureDefinition/coverage-policy-status"
        },
        "name": "Policy Status (Coverage)",
        "description": "Indicates the policy status for a Coverage.",
        "exampleBoolean": false
      },
      {
        "extension": [
          {
            "url": "http://hl7.org/fhir/tools/StructureDefinition/resource-information",
            "valueString": "StructureDefinition:extension"
          }
        ],
        "reference": {
          "reference": "StructureDefinition/coverage-date"
        },
        "name": "Date (Coverage)",
        "description": "Indicates a date for a Coverage. ",
        "exampleBoolean": false
      },
      {
        "extension": [
          {
            "url": "http://hl7.org/fhir/tools/StructureDefinition/resource-information",
            "valueString": "StructureDefinition:extension"
          }
        ],
        "reference": {
          "reference": "StructureDefinition/group-address"
        },
        "name": "Poverty Status (Group)",
        "description": "Whether the Group has the poverty status.",
        "exampleBoolean": false
      },
      {
        "extension": [
          {
            "url": "http://hl7.org/fhir/tools/StructureDefinition/resource-information",
            "valueString": "StructureDefinition:extension"
          }
        ],
        "reference": {
          "reference": "StructureDefinition/group-confirmation"
        },
        "name": "Confirmation (Group)",
        "description": "Indicates the confirmation for the Group.",
        "exampleBoolean": false
      },
      {
        "extension": [
          {
            "url": "http://hl7.org/fhir/tools/StructureDefinition/resource-information",
            "valueString": "StructureDefinition:extension"
          }
        ],
        "reference": {
          "reference": "StructureDefinition/group-poverty-status"
        },
        "name": "Poverty Status (Group)",
        "description": "Whether the Group has the poverty status.",
        "exampleBoolean": false
      },
      {
        "extension": [
          {
            "url": "http://hl7.org/fhir/tools/StructureDefinition/resource-information",
            "valueString": "StructureDefinition:extension"
          }
        ],
        "reference": {
          "reference": "StructureDefinition/group-type"
        },
        "name": "Group Type (Group)",
        "description": "Indicates the type of the Group. Values defined by openIMIS. Can be extended.",
        "exampleBoolean": false
      },
      {
        "extension": [
          {
            "url": "http://hl7.org/fhir/tools/StructureDefinition/resource-information",
            "valueString": "StructureDefinition:extension"
          }
        ],
        "reference": {
          "reference": "StructureDefinition/insurance-plan-conversion"
        },
        "name": "Conversion Product (InsurancePlan)",
        "description": "Reference to the product which replaces the current product in case of renewal after the period end.",
        "exampleBoolean": false
      },
      {
        "extension": [
          {
            "url": "http://hl7.org/fhir/tools/StructureDefinition/resource-information",
            "valueString": "StructureDefinition:extension"
          }
        ],
        "reference": {
          "reference": "StructureDefinition/insurance-plan-discount"
        },
        "name": "Discount (InsurancePlan)",
        "description": "Defines the discount to be applied for enrolment and renewal in InsurancePlan.",
        "exampleBoolean": false
      },
      {
        "extension": [
          {
            "url": "http://hl7.org/fhir/tools/StructureDefinition/resource-information",
            "valueString": "StructureDefinition:extension"
          }
        ],
        "reference": {
          "reference": "StructureDefinition/insurance-plan-max-installments"
        },
        "name": "Max Installments (InsurancePlan)",
        "description": "Maximal number of instalments in which contributions for a policy may be paid.",
        "exampleBoolean": false
      },
      {
        "extension": [
          {
            "url": "http://hl7.org/fhir/tools/StructureDefinition/resource-information",
            "valueString": "StructureDefinition:extension"
          }
        ],
        "reference": {
          "reference": "StructureDefinition/insurance-plan-period"
        },
        "name": "Period (InsurancePlan)",
        "description": "Defines the number of months a certain period is valid in InsurancePlan.",
        "exampleBoolean": false
      },
      {
        "extension": [
          {
            "url": "http://hl7.org/fhir/tools/StructureDefinition/resource-information",
            "valueString": "StructureDefinition:extension"
          }
        ],
        "reference": {
          "reference": "StructureDefinition/insurance-plan-start-cycle"
        },
        "name": "Cycle Start (InsurancePlan)",
        "description": "Defines the starting date for a new cycle in InsurancePlan.",
        "exampleBoolean": false
      },
      {
        "extension": [
          {
            "url": "http://hl7.org/fhir/tools/StructureDefinition/resource-information",
            "valueString": "StructureDefinition:extension"
          }
        ],
        "reference": {
          "reference": "StructureDefinition/medication-frequency"
        },
        "name": "Frequency (Medication)",
        "description": "The frequency a Medication can be prescribed.",
        "exampleBoolean": false
      },
      {
        "extension": [
          {
            "url": "http://hl7.org/fhir/tools/StructureDefinition/resource-information",
            "valueString": "StructureDefinition:extension"
          }
        ],
        "reference": {
          "reference": "StructureDefinition/medication-type"
        },
        "name": "Medication Type (Medication)",
        "description": "Indicates the Item type for the Medication.",
        "exampleBoolean": false
      },
      {
        "extension": [
          {
            "url": "http://hl7.org/fhir/tools/StructureDefinition/resource-information",
            "valueString": "StructureDefinition:extension"
          }
        ],
        "reference": {
          "reference": "StructureDefinition/medication-usage-context"
        },
        "name": "UsageContext (Medication)",
        "description": "The Context a Medication can be prescribed.",
        "exampleBoolean": false
      },
      {
        "extension": [
          {
            "url": "http://hl7.org/fhir/tools/StructureDefinition/resource-information",
            "valueString": "StructureDefinition:extension"
          }
        ],
        "reference": {
          "reference": "StructureDefinition/organization-hf-level"
        },
        "name": "Health Facility Level (Organization)",
        "description": "Indicates the level of the Health Facility (Organization).",
        "exampleBoolean": false
      },
      {
        "extension": [
          {
            "url": "http://hl7.org/fhir/tools/StructureDefinition/resource-information",
            "valueString": "StructureDefinition:extension"
          }
        ],
        "reference": {
          "reference": "StructureDefinition/organization-legal-form"
        },
        "name": "Legal Forms (Organization)",
        "description": "Indicates the legal forms of the Organization. ",
        "exampleBoolean": false
      },
      {
        "extension": [
          {
            "url": "http://hl7.org/fhir/tools/StructureDefinition/resource-information",
            "valueString": "StructureDefinition:extension"
          }
        ],
        "reference": {
          "reference": "StructureDefinition/patient-card-issued"
        },
        "name": "Card Issued (Patient)",
        "description": "Whether a card was issued to the Patient/Insuree during enrolment.",
        "exampleBoolean": false
      },
      {
        "extension": [
          {
            "url": "http://hl7.org/fhir/tools/StructureDefinition/resource-information",
            "valueString": "StructureDefinition:extension"
          }
        ],
        "reference": {
          "reference": "StructureDefinition/patient-education-level"
        },
        "name": "Education Level (Patient)",
        "description": "Specifies the Patient/Insuree's education level",
        "exampleBoolean": false
      },
      {
        "extension": [
          {
            "url": "http://hl7.org/fhir/tools/StructureDefinition/resource-information",
            "valueString": "StructureDefinition:extension"
          }
        ],
        "reference": {
          "reference": "StructureDefinition/patient-group-reference"
        },
        "name": "Group Reference (Patient)",
        "description": "The reference to the Group/Family the Patient/Insuree is part of.",
        "exampleBoolean": false
      },
      {
        "extension": [
          {
            "url": "http://hl7.org/fhir/tools/StructureDefinition/resource-information",
            "valueString": "StructureDefinition:extension"
          }
        ],
        "reference": {
          "reference": "StructureDefinition/patient-identification"
        },
        "name": "Identification (Patient)",
        "description": "Specifies the Patient/Insuree official identification and the type of identification document.",
        "exampleBoolean": false
      },
      {
        "extension": [
          {
            "url": "http://hl7.org/fhir/tools/StructureDefinition/resource-information",
            "valueString": "StructureDefinition:extension"
          }
        ],
        "reference": {
          "reference": "StructureDefinition/patient-is-head"
        },
        "name": "IsHead (Patient)",
        "description": "Whether the Patient/Insuree is the Head of the Family.",
        "exampleBoolean": false
      },
      {
        "extension": [
          {
            "url": "http://hl7.org/fhir/tools/StructureDefinition/resource-information",
            "valueString": "StructureDefinition:extension"
          }
        ],
        "reference": {
          "reference": "StructureDefinition/patient-profession"
        },
        "name": "Profession (Patient)",
        "description": "Specifies the Patient/Insuree's profession",
        "exampleBoolean": false
      },
      {
        "extension": [
          {
            "url": "http://hl7.org/fhir/tools/StructureDefinition/resource-information",
            "valueString": "StructureDefinition:extension"
          }
        ],
        "reference": {
          "reference": "StructureDefinition/patient-vulnerability-status"
        },
        "name": "Vulnerability Status (Patient)",
        "description": "Whether the Patient/Insuree has the vulnerability status.",
        "exampleBoolean": false
      },
      {
        "extension": [
          {
            "url": "http://hl7.org/fhir/tools/StructureDefinition/resource-information",
            "valueString": "StructureDefinition:extension"
          }
        ],
        "reference": {
          "reference": "StructureDefinition/practitioner-role-substitution-reference"
        },
        "name": "Substitution Reference (PractitionerRole)",
        "description": "The reference to the Enrolment Officer that will substitute the current one after the period end.",
        "exampleBoolean": false
      },
      {
        "extension": [
          {
            "url": "http://hl7.org/fhir/tools/StructureDefinition/resource-information",
            "valueString": "StructureDefinition:extension"
          }
        ],
        "reference": {
          "reference": "StructureDefinition/unit-price"
        },
        "name": "Unit Price (Medication|ActivityDefinition)",
        "description": "The unit price for a Medication or ActivityDefinition.",
        "exampleBoolean": false
      },
      {
        "extension": [
          {
            "url": "http://hl7.org/fhir/tools/StructureDefinition/resource-information",
            "valueString": "ValueSet"
          }
        ],
        "reference": {
          "reference": "ValueSet/activity-definition-service-type"
        },
        "name": "Service Type (ActivityDefinition)",
        "description": "Indicates the Service Type for an ActivityDefinition. Values defined by openIMIS. Can not be extended.",
        "exampleBoolean": false
      },
      {
        "extension": [
          {
            "url": "http://hl7.org/fhir/tools/StructureDefinition/resource-information",
            "valueString": "ValueSet"
          }
        ],
        "reference": {
          "reference": "ValueSet/activity-definition-usage-context-type"
        },
        "name": "Usage Context Type (ActivityDefinition)",
        "description": "Indicates the Usage Context Type for an ActivityDefinition.",
        "exampleBoolean": false
      },
      {
        "extension": [
          {
            "url": "http://hl7.org/fhir/tools/StructureDefinition/resource-information",
            "valueString": "ValueSet"
          }
        ],
        "reference": {
          "reference": "ValueSet/activity-definition-usage-context-venue-type"
        },
        "name": "Usage Context for Venue Type (ActivityDefinition)",
        "description": "Indicates the Usage Context for Venue Type for an ActivityDefinition.",
        "exampleBoolean": false
      },
      {
        "extension": [
          {
            "url": "http://hl7.org/fhir/tools/StructureDefinition/resource-information",
            "valueString": "ValueSet"
          }
        ],
        "reference": {
          "reference": "ValueSet/activity-definition-usage-context-workflow-type"
        },
        "name": "Usage Context for Workflow Type (ActivityDefinition)",
        "description": "Indicates the Usage Context for Workflow Type for an ActivityDefinition. Values defined by openIMIS. Can not be extended.",
        "exampleBoolean": false
      },
      {
        "extension": [
          {
            "url": "http://hl7.org/fhir/tools/StructureDefinition/resource-information",
            "valueString": "ValueSet"
          }
        ],
        "reference": {
          "reference": "ValueSet/claim-item-category"
        },
        "name": "Category of the item (Claim)",
        "description": "Indicates the category for the item under a Claim. Values defined by openIMIS. Can not be extended.",
        "exampleBoolean": false
      },
      {
        "extension": [
          {
            "url": "http://hl7.org/fhir/tools/StructureDefinition/resource-information",
            "valueString": "ValueSet"
          }
        ],
        "reference": {
          "reference": "ValueSet/claim-rejection-reasons"
        },
        "name": "Rejection reasons (Claim)",
        "description": "Indicates the rejection reason of an item from a Claim. \nValues limited by openIMIS.",
        "exampleBoolean": false
      },
      {
        "extension": [
          {
            "url": "http://hl7.org/fhir/tools/StructureDefinition/resource-information",
            "valueString": "ValueSet"
          }
        ],
        "reference": {
          "reference": "ValueSet/claim-status"
        },
        "name": "Status of the claim (Claim|ClaimResponse)",
        "description": "Indicates the status of the Claim. Values defined by openIMIS. Can not be extended.",
        "exampleBoolean": false
      },
      {
        "extension": [
          {
            "url": "http://hl7.org/fhir/tools/StructureDefinition/resource-information",
            "valueString": "ValueSet"
          }
        ],
        "reference": {
          "reference": "ValueSet/claim-supporting-info-category"
        },
        "name": "Category of the supporting info (Claim)",
        "description": "Indicates the category for the supportiong info under a Claim. Values defined by openIMIS. Can not be extended.",
        "exampleBoolean": false
      },
      {
        "extension": [
          {
            "url": "http://hl7.org/fhir/tools/StructureDefinition/resource-information",
            "valueString": "ValueSet"
          }
        ],
        "reference": {
          "reference": "ValueSet/claim-visit-type"
        },
        "name": "Visit Type Codes (Claim)",
        "description": "Indicates the visit type of the Claim. \nValues limited by openIMIS.",
        "exampleBoolean": false
      },
      {
        "extension": [
          {
            "url": "http://hl7.org/fhir/tools/StructureDefinition/resource-information",
            "valueString": "ValueSet"
          }
        ],
        "reference": {
          "reference": "ValueSet/communication-request-status"
        },
        "name": "Claim Feedback Status (CommunicationRequest)",
        "description": "Indicates the status of a feedback (Claim).",
        "exampleBoolean": false
      },
      {
        "extension": [
          {
            "url": "http://hl7.org/fhir/tools/StructureDefinition/resource-information",
            "valueString": "ValueSet"
          }
        ],
        "reference": {
          "reference": "ValueSet/contract-premium-category"
        },
        "name": "Premium Category (Contract)",
        "description": "Indicates the category of the premium for the Contract. Cannot be extended.",
        "exampleBoolean": false
      },
      {
        "extension": [
          {
            "url": "http://hl7.org/fhir/tools/StructureDefinition/resource-information",
            "valueString": "ValueSet"
          }
        ],
        "reference": {
          "reference": "ValueSet/contract-premium-payer"
        },
        "name": "Premium Payer (Contract)",
        "description": "Indicates the payer of the premium for the Contract. Can be extended in openIMIS. Need to match openIMIS database payer list.",
        "exampleBoolean": false
      },
      {
        "extension": [
          {
            "url": "http://hl7.org/fhir/tools/StructureDefinition/resource-information",
            "valueString": "ValueSet"
          }
        ],
        "reference": {
          "reference": "ValueSet/contract-premium-type"
        },
        "name": "Premium Type (Contract)",
        "description": "Indicates the type of the premium for the Contract. Cannot be extended.",
        "exampleBoolean": false
      },
      {
        "extension": [
          {
            "url": "http://hl7.org/fhir/tools/StructureDefinition/resource-information",
            "valueString": "ValueSet"
          }
        ],
        "reference": {
          "reference": "ValueSet/contract-resource-party-role"
        },
        "name": "Resource Party Role (Contract)",
        "description": "Indicates the participant engagement type for the Contract term.",
        "exampleBoolean": false
      },
      {
        "extension": [
          {
            "url": "http://hl7.org/fhir/tools/StructureDefinition/resource-information",
            "valueString": "ValueSet"
          }
        ],
        "reference": {
          "reference": "ValueSet/contract-scope"
        },
        "name": "Scope (Contract)",
        "description": "Indicates the scope for the Contract. Values defined by openIMIS. Cannot be extended.",
        "exampleBoolean": false
      },
      {
        "extension": [
          {
            "url": "http://hl7.org/fhir/tools/StructureDefinition/resource-information",
            "valueString": "ValueSet"
          }
        ],
        "reference": {
          "reference": "ValueSet/contract-status-codes"
        },
        "name": "Status Codes (Contract)",
        "description": "Indicates the status of the Contract. Values limited by openIMIS.",
        "exampleBoolean": false
      },
      {
        "extension": [
          {
            "url": "http://hl7.org/fhir/tools/StructureDefinition/resource-information",
            "valueString": "ValueSet"
          }
        ],
        "reference": {
          "reference": "ValueSet/coverage-status"
        },
        "name": "Coverage Status (Coverage)",
        "description": "Indicates the status of a Coverage (Policy).",
        "exampleBoolean": false
      },
      {
        "extension": [
          {
            "url": "http://hl7.org/fhir/tools/StructureDefinition/resource-information",
            "valueString": "ValueSet"
          }
        ],
        "reference": {
          "reference": "ValueSet/diagnosis-ICD10-level1"
        },
        "name": "ICD 10 Level 1 diagnosis",
        "description": "Example of diagnosis to be used with Claim resource. The actual list is configured in openIMIS.",
        "exampleBoolean": false
      },
      {
        "extension": [
          {
            "url": "http://hl7.org/fhir/tools/StructureDefinition/resource-information",
            "valueString": "ValueSet"
          }
        ],
        "reference": {
          "reference": "ValueSet/feedback-status"
        },
        "name": "Feedback Status (CommunicationRequest)",
        "description": "Indicates the Feedback Status for a CommunicationRequest. Partial list defined by openIMIS. Can not be extended.",
        "exampleBoolean": false
      },
      {
        "extension": [
          {
            "url": "http://hl7.org/fhir/tools/StructureDefinition/resource-information",
            "valueString": "ValueSet"
          }
        ],
        "reference": {
          "reference": "ValueSet/group-confirmation-type"
        },
        "name": "Confirmation Types (Group)",
        "description": "Indicates the confirmation type for the Group. Values defined by openIMIS. Can be extended.",
        "exampleBoolean": false
      },
      {
        "extension": [
          {
            "url": "http://hl7.org/fhir/tools/StructureDefinition/resource-information",
            "valueString": "ValueSet"
          }
        ],
        "reference": {
          "reference": "ValueSet/group-types"
        },
        "name": "Group Types (Group)",
        "description": "Indicates the type of the Group. Values defined by openIMIS. Can be extended.",
        "exampleBoolean": false
      },
      {
        "extension": [
          {
            "url": "http://hl7.org/fhir/tools/StructureDefinition/resource-information",
            "valueString": "ValueSet"
          }
        ],
        "reference": {
          "reference": "ValueSet/insurance-plan-coverage-benefit-limit"
        },
        "name": "Coverage Benefit Limit Types (InsurancePlan)",
        "description": "Indicates the Coverage Benefit Limit Types for an InsurancePlan. Values defined by openIMIS. Can not be extended.",
        "exampleBoolean": false
      },
      {
        "extension": [
          {
            "url": "http://hl7.org/fhir/tools/StructureDefinition/resource-information",
            "valueString": "ValueSet"
          }
        ],
        "reference": {
          "reference": "ValueSet/insurance-plan-coverage-type"
        },
        "name": "Coverage Type (InsurancePlan)",
        "description": "Indicates the Coverage Type for an InsurancePlan.",
        "exampleBoolean": false
      },
      {
        "extension": [
          {
            "url": "http://hl7.org/fhir/tools/StructureDefinition/resource-information",
            "valueString": "ValueSet"
          }
        ],
        "reference": {
          "reference": "ValueSet/insurance-plan-general-cost-type"
        },
        "name": "General Cost Type (InsurancePlan)",
        "description": "Indicates the General Cost Type for an InsurancePlan. Values defined by openIMIS. Can not be extended.",
        "exampleBoolean": false
      },
      {
        "extension": [
          {
            "url": "http://hl7.org/fhir/tools/StructureDefinition/resource-information",
            "valueString": "ValueSet"
          }
        ],
        "reference": {
          "reference": "ValueSet/insurance-plan-publication-status"
        },
        "name": "Publication Status (InsurancePlan)",
        "description": "Indicates the Publication Status for an InsurancePlan.",
        "exampleBoolean": false
      },
      {
        "extension": [
          {
            "url": "http://hl7.org/fhir/tools/StructureDefinition/resource-information",
            "valueString": "ValueSet"
          }
        ],
        "reference": {
          "reference": "ValueSet/location-type"
        },
        "name": "Location Type (Location)",
        "description": "Indicates the location type. Values defined by openIMIS. Cannot be extended.",
        "exampleBoolean": false
      },
      {
        "extension": [
          {
            "url": "http://hl7.org/fhir/tools/StructureDefinition/resource-information",
            "valueString": "ValueSet"
          }
        ],
        "reference": {
          "reference": "ValueSet/medication-item-type"
        },
        "name": "Item Type (Medication)",
        "description": "Indicates the Medical Item Type for an Medication. Values defined by openIMIS. Can not be extended.",
        "exampleBoolean": false
      },
      {
        "extension": [
          {
            "url": "http://hl7.org/fhir/tools/StructureDefinition/resource-information",
            "valueString": "ValueSet"
          }
        ],
        "reference": {
          "reference": "ValueSet/openimis-identifiers"
        },
        "name": "openIMIS Identifiers Value Set",
        "description": "Indicates the Identifier type",
        "exampleBoolean": false
      },
      {
        "extension": [
          {
            "url": "http://hl7.org/fhir/tools/StructureDefinition/resource-information",
            "valueString": "ValueSet"
          }
        ],
        "reference": {
          "reference": "ValueSet/organization-hf-level"
        },
        "name": "Health Facility Level (Organization)",
        "description": "Indicates the level of the Health Facility (Organization). Values defined by openIMIS. Cannot be extended.",
        "exampleBoolean": false
      },
      {
        "extension": [
          {
            "url": "http://hl7.org/fhir/tools/StructureDefinition/resource-information",
            "valueString": "ValueSet"
          }
        ],
        "reference": {
          "reference": "ValueSet/organization-legal-form"
        },
        "name": "Legal Forms (Organization)",
        "description": "Indicates the legal forms of the Organization. Values defined by openIMIS. Can be extended.",
        "exampleBoolean": false
      },
      {
        "extension": [
          {
            "url": "http://hl7.org/fhir/tools/StructureDefinition/resource-information",
            "valueString": "ValueSet"
          }
        ],
        "reference": {
          "reference": "ValueSet/patient-contact-relationship"
        },
        "name": "Contact Relationship (Patient)",
        "description": "Indicates the Relationship of a Patient with the Head of the Family.",
        "exampleBoolean": false
      },
      {
        "extension": [
          {
            "url": "http://hl7.org/fhir/tools/StructureDefinition/resource-information",
            "valueString": "ValueSet"
          }
        ],
        "reference": {
          "reference": "ValueSet/patient-education-level"
        },
        "name": "Education Level (Patient)",
        "description": "Indicates the Education level of a Patient",
        "exampleBoolean": false
      },
      {
        "extension": [
          {
            "url": "http://hl7.org/fhir/tools/StructureDefinition/resource-information",
            "valueString": "ValueSet"
          }
        ],
        "reference": {
          "reference": "ValueSet/patient-identification-types"
        },
        "name": "Identification Types (Patient)",
        "description": "Indicates the type of document the Patient used to identify himself.",
        "exampleBoolean": false
      },
      {
        "extension": [
          {
            "url": "http://hl7.org/fhir/tools/StructureDefinition/resource-information",
            "valueString": "ValueSet"
          }
        ],
        "reference": {
          "reference": "ValueSet/patient-marital-status"
        },
        "name": "Marital Status (Patient)",
        "description": "Indicates the Marital status of a Patient",
        "exampleBoolean": false
      },
      {
        "extension": [
          {
            "url": "http://hl7.org/fhir/tools/StructureDefinition/resource-information",
            "valueString": "ValueSet"
          }
        ],
        "reference": {
          "reference": "ValueSet/patient-profession"
        },
        "name": "Patient Profession Value Set",
        "description": "Indicates the profession of a Patient",
        "exampleBoolean": false
      },
      {
        "extension": [
          {
            "url": "http://hl7.org/fhir/tools/StructureDefinition/resource-information",
            "valueString": "ValueSet"
          }
        ],
        "reference": {
          "reference": "ValueSet/practitioner-qualification-type"
        },
        "name": "Practitioner Qualification Type",
        "description": "Indicates the Qualification Type of a Practitioner.",
        "exampleBoolean": false
      },
      {
        "extension": [
          {
            "url": "http://hl7.org/fhir/tools/StructureDefinition/resource-information",
            "valueString": "ValueSet"
          }
        ],
        "reference": {
          "reference": "ValueSet/usage-context-age-type"
        },
        "name": "Usage Context for Age Type (ActivityDefinition|Medication)",
        "description": "Indicates the Usage Context for Age Type for an ActivityDefinition or Medication.",
        "exampleBoolean": false
      },
      {
        "extension": [
          {
            "url": "http://hl7.org/fhir/tools/StructureDefinition/resource-information",
            "valueString": "ValueSet"
          }
        ],
        "reference": {
          "reference": "ValueSet/usage-context-gender-type"
        },
        "name": "Usage Context for Gender Type (ActivityDefinition|Medication)",
        "description": "Indicates the Usage Context for Gender Type for an ActivityDefinition or Medication.",
        "exampleBoolean": false
      },
      {
        "extension": [
          {
            "url": "http://hl7.org/fhir/tools/StructureDefinition/resource-information",
            "valueString": "CodeSystem"
          }
        ],
        "reference": {
          "reference": "CodeSystem/activity-definition-service-type"
        },
        "name": "Service Type (ActivityDefinition)",
        "description": "Indicates the Service Type for an ActivityDefinition. Values defined by openIMIS. Can not be extended.",
        "exampleBoolean": false
      },
      {
        "extension": [
          {
            "url": "http://hl7.org/fhir/tools/StructureDefinition/resource-information",
            "valueString": "CodeSystem"
          }
        ],
        "reference": {
          "reference": "CodeSystem/activity-definition-usage-context-workflow-type"
        },
        "name": "Usage Context for Workflow Type (ActivityDefinition)",
        "description": "Indicates the Usage Context for Workflow Type for an ActivityDefinition. Values defined by openIMIS. Can not be extended.",
        "exampleBoolean": false
      },
      {
        "extension": [
          {
            "url": "http://hl7.org/fhir/tools/StructureDefinition/resource-information",
            "valueString": "CodeSystem"
          }
        ],
        "reference": {
          "reference": "CodeSystem/claim-item-category"
        },
        "name": "Category of the item (Claim)",
        "description": "Indicates the category for the item under a Claim. Values defined by openIMIS. Can not be extended.",
        "exampleBoolean": false
      },
      {
        "extension": [
          {
            "url": "http://hl7.org/fhir/tools/StructureDefinition/resource-information",
            "valueString": "CodeSystem"
          }
        ],
        "reference": {
          "reference": "CodeSystem/claim-rejection-reasons"
        },
        "name": "Rejection Reasons (Claim)",
        "description": "Indicates the rejection reason of an item from a Claim. \nValues limited by openIMIS.",
        "exampleBoolean": false
      },
      {
        "extension": [
          {
            "url": "http://hl7.org/fhir/tools/StructureDefinition/resource-information",
            "valueString": "CodeSystem"
          }
        ],
        "reference": {
          "reference": "CodeSystem/claim-status"
        },
        "name": "Status of the claim (Claim|ClaimResponse)",
        "description": "Indicates the status of the Claim. Values defined by openIMIS. Can not be extended.",
        "exampleBoolean": false
      },
      {
        "extension": [
          {
            "url": "http://hl7.org/fhir/tools/StructureDefinition/resource-information",
            "valueString": "CodeSystem"
          }
        ],
        "reference": {
          "reference": "CodeSystem/claim-supporting-info-category"
        },
        "name": "Category of the supporting info (Claim)",
        "description": "Indicates the category for the supportiong info under a Claim. Values defined by openIMIS. Can not be extended.",
        "exampleBoolean": false
      },
      {
        "extension": [
          {
            "url": "http://hl7.org/fhir/tools/StructureDefinition/resource-information",
            "valueString": "CodeSystem"
          }
        ],
        "reference": {
          "reference": "CodeSystem/claim-visit-type"
        },
        "name": "Visit Type (Claim)",
        "description": "Indicates the visit type of the Claim. \nValues limited by openIMIS.",
        "exampleBoolean": false
      },
      {
        "extension": [
          {
            "url": "http://hl7.org/fhir/tools/StructureDefinition/resource-information",
            "valueString": "CodeSystem"
          }
        ],
        "reference": {
          "reference": "CodeSystem/contract-premium-category"
        },
        "name": "Premium Category (Contract)",
        "description": "Indicates the category of the premium for the Contract. Cannot be extended.",
        "exampleBoolean": false
      },
      {
        "extension": [
          {
            "url": "http://hl7.org/fhir/tools/StructureDefinition/resource-information",
            "valueString": "CodeSystem"
          }
        ],
        "reference": {
          "reference": "CodeSystem/contract-premium-payer"
        },
        "name": "Premium Payer (Contract)",
        "description": "Indicates the payer of the premium for the Contract. Can be extended in openIMIS. Need to match openIMIS database payer list.",
        "exampleBoolean": false
      },
      {
        "extension": [
          {
            "url": "http://hl7.org/fhir/tools/StructureDefinition/resource-information",
            "valueString": "CodeSystem"
          }
        ],
        "reference": {
          "reference": "CodeSystem/contract-premium-type"
        },
        "name": "Premium Type (Contract)",
        "description": "Indicates the type of the premium for the Contract. Cannot be extended.",
        "exampleBoolean": false
      },
      {
        "extension": [
          {
            "url": "http://hl7.org/fhir/tools/StructureDefinition/resource-information",
            "valueString": "CodeSystem"
          }
        ],
        "reference": {
          "reference": "CodeSystem/contract-resource-party-role"
        },
        "name": "Resource Party Role (Contract)",
        "description": "Indicates the participant engagement type for the Contract term.",
        "exampleBoolean": false
      },
      {
        "extension": [
          {
            "url": "http://hl7.org/fhir/tools/StructureDefinition/resource-information",
            "valueString": "CodeSystem"
          }
        ],
        "reference": {
          "reference": "CodeSystem/contract-scope"
        },
        "name": "Scope (Contract)",
        "description": "Indicates the scope for the Contract. Values defined by openIMIS. Cannot be extended.",
        "exampleBoolean": false
      },
      {
        "extension": [
          {
            "url": "http://hl7.org/fhir/tools/StructureDefinition/resource-information",
            "valueString": "CodeSystem"
          }
        ],
        "reference": {
          "reference": "CodeSystem/diagnosis-ICD10-level1"
        },
        "name": "ICD 10 Level 1 diagnosis",
        "description": "Example of diagnosis to be used with Claim resource. The actual list is configured in openIMIS.",
        "exampleBoolean": false
      },
      {
        "extension": [
          {
            "url": "http://hl7.org/fhir/tools/StructureDefinition/resource-information",
            "valueString": "CodeSystem"
          }
        ],
        "reference": {
          "reference": "CodeSystem/feedback-status"
        },
        "name": "Feedback Status (CommunicationRequest)",
        "description": "Indicates the Feedback Status for a CommunicationRequest. Partial list defined by openIMIS. Can not be extended.",
        "exampleBoolean": false
      },
      {
        "extension": [
          {
            "url": "http://hl7.org/fhir/tools/StructureDefinition/resource-information",
            "valueString": "CodeSystem"
          }
        ],
        "reference": {
          "reference": "CodeSystem/group-confirmation-type"
        },
        "name": "Confirmation Types (Group)",
        "description": "Indicates the confirmation type for the Group. Values defined by openIMIS. Can be extended.",
        "exampleBoolean": false
      },
      {
        "extension": [
          {
            "url": "http://hl7.org/fhir/tools/StructureDefinition/resource-information",
            "valueString": "CodeSystem"
          }
        ],
        "reference": {
          "reference": "CodeSystem/group-types"
        },
        "name": "Group Types (Group)",
        "description": "Indicates the type of the Group. Values defined by openIMIS. Can be extended.",
        "exampleBoolean": false
      },
      {
        "extension": [
          {
            "url": "http://hl7.org/fhir/tools/StructureDefinition/resource-information",
            "valueString": "CodeSystem"
          }
        ],
        "reference": {
          "reference": "CodeSystem/insurance-plan-coverage-benefit-limit"
        },
        "name": "Coverage Benefit Limit Types (InsurancePlan)",
        "description": "Indicates the Coverage Benefit Limit Types for an InsurancePlan. Values defined by openIMIS. Can not be extended.",
        "exampleBoolean": false
      },
      {
        "extension": [
          {
            "url": "http://hl7.org/fhir/tools/StructureDefinition/resource-information",
            "valueString": "CodeSystem"
          }
        ],
        "reference": {
          "reference": "CodeSystem/insurance-plan-general-cost-type"
        },
        "name": "General Cost Type (InsurancePlan)",
        "description": "Indicates the General Cost Type for an InsurancePlan. Values defined by openIMIS. Can not be extended.",
        "exampleBoolean": false
      },
      {
        "extension": [
          {
            "url": "http://hl7.org/fhir/tools/StructureDefinition/resource-information",
            "valueString": "CodeSystem"
          }
        ],
        "reference": {
          "reference": "CodeSystem/location-type"
        },
        "name": "Location Type (Location)",
        "description": "Indicates the location type. Values defined by openIMIS. Cannot be extended.",
        "exampleBoolean": false
      },
      {
        "extension": [
          {
            "url": "http://hl7.org/fhir/tools/StructureDefinition/resource-information",
            "valueString": "CodeSystem"
          }
        ],
        "reference": {
          "reference": "CodeSystem/medication-item-type"
        },
        "name": "Item Type (Medication)",
        "description": "Indicates the Medical Item Type for an Medication. Values defined by openIMIS. Can not be extended.",
        "exampleBoolean": false
      },
      {
        "extension": [
          {
            "url": "http://hl7.org/fhir/tools/StructureDefinition/resource-information",
            "valueString": "CodeSystem"
          }
        ],
        "reference": {
          "reference": "CodeSystem/openimis-identifiers"
        },
        "name": "openIMIS Identifiers code system",
        "description": "Identifiers that are specific to openIMIS and could not be found in standard sources.",
        "exampleBoolean": false
      },
      {
        "extension": [
          {
            "url": "http://hl7.org/fhir/tools/StructureDefinition/resource-information",
            "valueString": "CodeSystem"
          }
        ],
        "reference": {
          "reference": "CodeSystem/organization-hf-level"
        },
        "name": "Health Facility Level (Organization)",
        "description": "Indicates the level of the Health Facility (Organization). Values defined by openIMIS. Cannot be extended.",
        "exampleBoolean": false
      },
      {
        "extension": [
          {
            "url": "http://hl7.org/fhir/tools/StructureDefinition/resource-information",
            "valueString": "CodeSystem"
          }
        ],
        "reference": {
          "reference": "CodeSystem/organization-legal-form"
        },
        "name": "Legal Forms (Organization)",
        "description": "Indicates the legal forms of the Organization. Values defined by openIMIS. Can be extended.",
        "exampleBoolean": false
      },
      {
        "extension": [
          {
            "url": "http://hl7.org/fhir/tools/StructureDefinition/resource-information",
            "valueString": "CodeSystem"
          }
        ],
        "reference": {
          "reference": "CodeSystem/patient-contact-relationship"
        },
        "name": "Patient Contact Relationship code system",
        "description": "Indicates the Relationship of a Patient with the Head of the Family. Values defined by openIMIS.",
        "exampleBoolean": false
      },
      {
        "extension": [
          {
            "url": "http://hl7.org/fhir/tools/StructureDefinition/resource-information",
            "valueString": "CodeSystem"
          }
        ],
        "reference": {
          "reference": "CodeSystem/patient-education-level"
        },
        "name": "Patient Education Level Code System",
        "description": "Indicates the Education level of a Patient. Values defined by openIMIS. Can be extended.",
        "exampleBoolean": false
      },
      {
        "extension": [
          {
            "url": "http://hl7.org/fhir/tools/StructureDefinition/resource-information",
            "valueString": "CodeSystem"
          }
        ],
        "reference": {
          "reference": "CodeSystem/patient-identification-types"
        },
        "name": "Identification Types (Patient)",
        "description": "Indicates the type of document the Patient used to identify himself. Values defined by openIMIS. Can be extended.",
        "exampleBoolean": false
      },
      {
        "extension": [
          {
            "url": "http://hl7.org/fhir/tools/StructureDefinition/resource-information",
            "valueString": "CodeSystem"
          }
        ],
        "reference": {
          "reference": "CodeSystem/patient-profession"
        },
        "name": "Patient Profession Code System",
        "description": "Indicates the profession of a Patient. Values defined by openIMIS. Can be extended.",
        "exampleBoolean": false
      },
      {
        "extension": [
          {
            "url": "http://hl7.org/fhir/tools/StructureDefinition/resource-information",
            "valueString": "CodeSystem"
          }
        ],
        "reference": {
          "reference": "CodeSystem/practitioner-qualification-type"
        },
        "name": "Practitioner Qualification Type",
        "description": "Indicates the Qualification Type of a Practitioner.",
        "exampleBoolean": false
      },
      {
        "extension": [
          {
            "url": "http://hl7.org/fhir/tools/StructureDefinition/resource-information",
            "valueString": "CodeSystem"
          }
        ],
        "reference": {
          "reference": "CodeSystem/usage-context-age-type"
        },
        "name": "Usage Context for Age Type (ActivityDefinition|Medication)",
        "description": "Indicates the Usage Context for Gender Type for an ActivityDefinition or Medication. Values defined by openIMIS. Can not be extended.",
        "exampleBoolean": false
      },
      {
        "extension": [
          {
            "url": "http://hl7.org/fhir/tools/StructureDefinition/resource-information",
            "valueString": "Medication"
          }
        ],
        "reference": {
          "reference": "Medication/AspirinMedication"
        },
        "name": "AspirinMedication",
        "description": "Example of openIMIS Medication",
        "exampleCanonical": "https://openimis.github.io/openimis_fhir_r4_ig/StructureDefinition/openimis-medication"
      },
      {
        "extension": [
          {
            "url": "http://hl7.org/fhir/tools/StructureDefinition/resource-information",
            "valueString": "Claim"
          }
        ],
        "reference": {
          "reference": "Claim/Claim001"
        },
        "name": "Claim001",
        "description": "* Example of a Claim   ",
        "exampleCanonical": "https://openimis.github.io/openimis_fhir_r4_ig/StructureDefinition/openimis-claim"
      },
      {
        "extension": [
          {
            "url": "http://hl7.org/fhir/tools/StructureDefinition/resource-information",
            "valueString": "ClaimResponse"
          }
        ],
        "reference": {
          "reference": "ClaimResponse/Claim001"
        },
        "name": "ClaimResponse001",
        "description": "* Example of a Claim   ",
        "exampleCanonical": "https://openimis.github.io/openimis_fhir_r4_ig/StructureDefinition/openimis-claim-response"
      },
      {
        "extension": [
          {
            "url": "http://hl7.org/fhir/tools/StructureDefinition/resource-information",
            "valueString": "CommunicationRequest"
          }
        ],
        "reference": {
          "reference": "CommunicationRequest/Claim001Feedback"
        },
        "name": "Claim001Feedback",
        "description": "* Example of a Claim   ",
        "exampleCanonical": "https://openimis.github.io/openimis_fhir_r4_ig/StructureDefinition/openimis-communication-request"
      },
      {
        "extension": [
          {
            "url": "http://hl7.org/fhir/tools/StructureDefinition/resource-information",
            "valueString": "CapabilityStatement"
          }
        ],
        "reference": {
          "reference": "CapabilityStatement/ExampleCapabilityStatement"
        },
        "name": "Create a Capability Statement using RuleSets",
        "exampleBoolean": false
      },
      {
        "extension": [
          {
            "url": "http://hl7.org/fhir/tools/StructureDefinition/resource-information",
            "valueString": "ActivityDefinition"
          }
        ],
        "reference": {
          "reference": "ActivityDefinition/GeneralConsultationService"
        },
        "name": "GeneralConsultationService",
        "description": "Example of openIMIS ActivityDefinition",
        "exampleCanonical": "https://openimis.github.io/openimis_fhir_r4_ig/StructureDefinition/openimis-activitiy-definition"
      },
      {
        "extension": [
          {
            "url": "http://hl7.org/fhir/tools/StructureDefinition/resource-information",
            "valueString": "Contract"
          }
        ],
        "reference": {
          "reference": "Contract/InformalSectorContract"
        },
        "name": "InformalSectorContract",
        "description": "* Example of a contract for the Informal Sector enrolment  ",
        "exampleCanonical": "https://openimis.github.io/openimis_fhir_r4_ig/StructureDefinition/openimis-contract"
      },
      {
        "extension": [
          {
            "url": "http://hl7.org/fhir/tools/StructureDefinition/resource-information",
            "valueString": "Location"
          }
        ],
        "reference": {
          "reference": "Location/Jamu-municipality"
        },
        "name": "Jamu-municipality",
        "description": "Example of a municipality",
        "exampleCanonical": "https://openimis.github.io/openimis_fhir_r4_ig/StructureDefinition/openimis-location"
      },
      {
        "extension": [
          {
            "url": "http://hl7.org/fhir/tools/StructureDefinition/resource-information",
            "valueString": "Location"
          }
        ],
        "reference": {
          "reference": "Location/Jamula-village"
        },
        "name": "Jamula-village",
        "description": "Example of a Village",
        "exampleCanonical": "https://openimis.github.io/openimis_fhir_r4_ig/StructureDefinition/openimis-location"
      },
      {
        "extension": [
          {
            "url": "http://hl7.org/fhir/tools/StructureDefinition/resource-information",
            "valueString": "Location"
          }
        ],
        "reference": {
          "reference": "Location/Jimara-district"
        },
        "name": "Jimara-district",
        "description": "Example of a district",
        "exampleCanonical": "https://openimis.github.io/openimis_fhir_r4_ig/StructureDefinition/openimis-location"
      },
      {
        "extension": [
          {
            "url": "http://hl7.org/fhir/tools/StructureDefinition/resource-information",
            "valueString": "Coverage"
          }
        ],
        "reference": {
          "reference": "Coverage/JoeDoeCoverage"
        },
        "name": "JoeDoeCoverage",
        "description": "* Example of a Coverage   ",
        "exampleCanonical": "https://openimis.github.io/openimis_fhir_r4_ig/StructureDefinition/openimis-coverage"
      },
      {
        "extension": [
          {
            "url": "http://hl7.org/fhir/tools/StructureDefinition/resource-information",
            "valueString": "CoverageEligibilityRequest"
          }
        ],
        "reference": {
          "reference": "CoverageEligibilityRequest/JoeDoeEnquiring"
        },
        "name": "JoeDoeEnquiring",
        "description": "* Example of CoverageEligibilityRequest   ",
        "exampleCanonical": "https://openimis.github.io/openimis_fhir_r4_ig/StructureDefinition/openimis-coverage-eligibility-request"
      },
      {
        "extension": [
          {
            "url": "http://hl7.org/fhir/tools/StructureDefinition/resource-information",
            "valueString": "InsurancePlan"
          }
        ],
        "reference": {
          "reference": "InsurancePlan/RX01"
        },
        "name": "RX01",
        "description": "Example of openIMIS InsurancePlan",
        "exampleCanonical": "https://openimis.github.io/openimis_fhir_r4_ig/StructureDefinition/openimis-insurance-plan"
      },
      {
        "extension": [
          {
            "url": "http://hl7.org/fhir/tools/StructureDefinition/resource-information",
            "valueString": "InsurancePlan"
          }
        ],
        "reference": {
          "reference": "InsurancePlan/RX02"
        },
        "name": "RX02",
        "description": "Example of openIMIS InsurancePlan",
        "exampleCanonical": "https://openimis.github.io/openimis_fhir_r4_ig/StructureDefinition/openimis-insurance-plan"
      },
      {
        "extension": [
          {
            "url": "http://hl7.org/fhir/tools/StructureDefinition/resource-information",
            "valueString": "Organization"
          }
        ],
        "reference": {
          "reference": "Organization/RaptaDistrictHospital"
        },
        "name": "RaptaDistrictHospital",
        "description": "Example of openIMIS Health Facility",
        "exampleCanonical": "https://openimis.github.io/openimis_fhir_r4_ig/StructureDefinition/openimis-health-facility-organization"
      },
      {
        "extension": [
          {
            "url": "http://hl7.org/fhir/tools/StructureDefinition/resource-information",
            "valueString": "Practitioner"
          }
        ],
        "reference": {
          "reference": "Practitioner/Roberts-Jeb-EO"
        },
        "name": "Roberts-Jeb-EO",
        "description": "Example of openIMIS Practitioner for Enrolment Officer.",
        "exampleCanonical": "https://openimis.github.io/openimis_fhir_r4_ig/StructureDefinition/openimis-enrolment-officer-practitioner"
      },
      {
        "extension": [
          {
            "url": "http://hl7.org/fhir/tools/StructureDefinition/resource-information",
            "valueString": "Practitioner"
          }
        ],
        "reference": {
          "reference": "Practitioner/Rushila-Dani-CA"
        },
        "name": "Rushila-Dani-CA",
        "description": "Example of openIMIS Practitioner for Claim Administrator.",
        "exampleCanonical": "https://openimis.github.io/openimis_fhir_r4_ig/StructureDefinition/openimis-claim-administrator-practitioner"
      },
      {
        "extension": [
          {
            "url": "http://hl7.org/fhir/tools/StructureDefinition/resource-information",
            "valueString": "Location"
          }
        ],
        "reference": {
          "reference": "Location/Upper-River-Region"
        },
        "name": "Upper-River-Region",
        "description": "Example of a Region",
        "exampleCanonical": "https://openimis.github.io/openimis_fhir_r4_ig/StructureDefinition/openimis-location"
      },
      {
        "extension": [
          {
            "url": "http://hl7.org/fhir/tools/StructureDefinition/resource-information",
            "valueString": "Group"
          }
        ],
        "reference": {
          "reference": "Group/doe-family"
        },
        "name": "doe-family",
        "description": "Example of openIMIS Group",
        "exampleCanonical": "https://openimis.github.io/openimis_fhir_r4_ig/StructureDefinition/openimis-group"
      },
      {
        "extension": [
          {
            "url": "http://hl7.org/fhir/tools/StructureDefinition/resource-information",
            "valueString": "Patient"
          }
        ],
        "reference": {
          "reference": "Patient/jane-doe"
        },
        "name": "jane-doe",
        "description": "Example of openIMIS Patient",
        "exampleCanonical": "https://openimis.github.io/openimis_fhir_r4_ig/StructureDefinition/openimis-patient"
      },
      {
        "extension": [
          {
            "url": "http://hl7.org/fhir/tools/StructureDefinition/resource-information",
            "valueString": "Patient"
          }
        ],
        "reference": {
          "reference": "Patient/john-doe"
        },
        "name": "john-doe",
        "description": "Example of openIMIS Patient",
        "exampleCanonical": "https://openimis.github.io/openimis_fhir_r4_ig/StructureDefinition/openimis-patient"
      }
    ],
    "page": {
      "nameUrl": "toc.html",
      "title": "Table of Contents",
      "generation": "html",
      "page": [
        {
          "nameUrl": "index.html",
          "title": "openIMIS FHIR Overview",
          "generation": "markdown"
        },
        {
          "nameUrl": "specification.html",
          "title": "FHIR Design and Overview",
          "generation": "markdown"
        },
        {
          "nameUrl": "usecases.html",
          "title": "Integration Use Cases",
          "generation": "markdown"
        },
        {
          "nameUrl": "connected_partner.html",
          "title": "Becoming a Connected Partner",
          "generation": "markdown"
        },
        {
          "nameUrl": "future.html",
          "title": "Future Plans",
          "generation": "markdown"
        },
        {
          "nameUrl": "glossary.html",
          "title": "Glossary",
          "generation": "markdown"
        },
        {
          "nameUrl": "credits.html",
          "title": "Credits",
          "generation": "markdown"
        }
      ]
    },
    "parameter": [
      {
        "code": "path-resource",
        "value": "input/capabilities"
      },
      {
        "code": "path-resource",
        "value": "input/examples"
      },
      {
        "code": "path-resource",
        "value": "input/extensions"
      },
      {
        "code": "path-resource",
        "value": "input/models"
      },
      {
        "code": "path-resource",
        "value": "input/operations"
      },
      {
        "code": "path-resource",
        "value": "input/profiles"
      },
      {
        "code": "path-resource",
        "value": "input/resources"
      },
      {
        "code": "path-resource",
        "value": "input/vocabulary"
      },
      {
        "code": "path-resource",
        "value": "input/maps"
      },
      {
        "code": "path-resource",
        "value": "input/testing"
      },
      {
        "code": "path-resource",
        "value": "input/history"
      },
      {
        "code": "path-resource",
        "value": "fsh-generated/resources"
      },
      {
        "code": "path-pages",
        "value": "template/config"
      },
      {
        "code": "path-pages",
        "value": "input/images"
      },
      {
        "code": "path-tx-cache",
        "value": "input-cache/txcache"
      }
    ]
  }
}