<?xml version="1.0" encoding="UTF-8"?>

<Location xmlns="http://hl7.org/fhir">
  <id value="Jamula-village"/>
  <meta>
    <profile value="https://openimis.github.io/openimis_fhir_r4_ig/StructureDefinition/openimis-location"/>
  </meta>
  <text>
    <status value="generated"/><div xmlns="http://www.w3.org/1999/xhtml"><p><b>Generated Narrative</b></p><p><b>identifier</b>: Unique code: R1D1M2V1</p><p><b>name</b>: Jamula</p><p><b>physicalType</b>: <span title="Codes: {https://openimis.github.io/openimis_fhir_r4_ig/CodeSystem/location-type V}">Village</span></p><p><b>partOf</b>: <a href="Location-Jamu-municipality.html">Generated Summary: Unique code: R1D1M2; name: Jamu; <span title="Codes: {https://openimis.github.io/openimis_fhir_r4_ig/CodeSystem/location-type W}">Municipality/Ward</span></a></p></div>
  </text>
  <identifier>
    <type>
      <coding>
        <system value="https://openimis.github.io/openimis_fhir_r4_ig/CodeSystem/openimis-identifiers"/>
        <code value="Code"/>
      </coding>
    </type>
    <value value="R1D1M2V1"/>
  </identifier>
  <name value="Jamula"/>
  <physicalType>
    <coding>
      <system value="https://openimis.github.io/openimis_fhir_r4_ig/CodeSystem/location-type"/>
      <code value="V"/>
      <display value="Village"/>
    </coding>
  </physicalType>
  <partOf>
    <reference value="Location/Jamu-municipality"/>
  </partOf>
</Location>