{
  "resourceType": "Patient",
  "id": "jane-doe",
  "meta": {
    "profile": [
      "https://openimis.github.io/openimis_fhir_r4_ig/StructureDefinition/openimis-patient"
    ]
  },
  "text": {
    "status": "extensions",
    "div": "<div xmlns=\"http://www.w3.org/1999/xhtml\"><p><b>Generated Narrative</b></p><div style=\"display: inline-block; background-color: #d9e0e7; padding: 6px; margin: 4px; border: 1px solid #8da1b4; border-radius: 5px; line-height: 60%\"><p style=\"margin-bottom: 0px\">Resource \"jane-doe\" </p><p style=\"margin-bottom: 0px\">Profile: <a href=\"StructureDefinition-openimis-patient.html\">openIMIS Patient</a></p></div><p><b>IsHead (Patient)</b>: true</p><p><b>Education Level (Patient)</b>: University <span style=\"background: LightGoldenRodYellow; margin: 4px; border: 1px solid khaki\"> (<a href=\"CodeSystem-patient-education-level.html\">Education Level (Patient)</a>#4)</span></p><p><b>Profession (Patient)</b>: Self Employee <span style=\"background: LightGoldenRodYellow; margin: 4px; border: 1px solid khaki\"> (<a href=\"CodeSystem-patient-profession.html\">Profession (Patient)</a>#3)</span></p><blockquote><p><b>Identification (Patient)</b></p><p><b>value</b>: NationaID2</p><p><b>value</b>: National ID <span style=\"background: LightGoldenRodYellow; margin: 4px; border: 1px solid khaki\"> (<a href=\"CodeSystem-patient-identification-type.html\">Identification Type (Patient)</a>#N)</span></p></blockquote><p><b>Card Issued (Patient)</b>: true</p><p><b>Group Reference (Patient)</b>: <a href=\"Group-doe-family.html\">Group/doe-family</a> \"Doe Jane\"</p><p><b>identifier</b>: Unique code: 123456788</p><p><b>name</b>: Jane Doe </p><p><b>gender</b>: female</p><p><b>birthDate</b>: 1964-05-15</p><p><b>address</b>: 5 Tsoka Jamula Ultha (HOME)</p><p><b>maritalStatus</b>: Married <span style=\"background: LightGoldenRodYellow; margin: 4px; border: 1px solid khaki\"> (<a href=\"http://terminology.hl7.org/3.0.0/CodeSystem-v3-MaritalStatus.html\">MaritalStatus</a>#M)</span></p></div>"
  },
  "extension": [
    {
      "url": "https://openimis.github.io/openimis_fhir_r4_ig/StructureDefinition/patient-is-head",
      "valueBoolean": true
    },
    {
      "url": "https://openimis.github.io/openimis_fhir_r4_ig/StructureDefinition/patient-education-level",
      "valueCodeableConcept": {
        "coding": [
          {
            "system": "https://openimis.github.io/openimis_fhir_r4_ig/CodeSystem/patient-education-level",
            "code": "4",
            "display": "University"
          }
        ]
      }
    },
    {
      "url": "https://openimis.github.io/openimis_fhir_r4_ig/StructureDefinition/patient-profession",
      "valueCodeableConcept": {
        "coding": [
          {
            "system": "https://openimis.github.io/openimis_fhir_r4_ig/CodeSystem/patient-profession",
            "code": "3",
            "display": "Self Employee"
          }
        ]
      }
    },
    {
      "extension": [
        {
          "url": "number",
          "valueString": "NationaID2"
        },
        {
          "url": "type",
          "valueCodeableConcept": {
            "coding": [
              {
                "system": "https://openimis.github.io/openimis_fhir_r4_ig/CodeSystem/patient-identification-type",
                "code": "N",
                "display": "National ID"
              }
            ]
          }
        }
      ],
      "url": "https://openimis.github.io/openimis_fhir_r4_ig/StructureDefinition/patient-identification"
    },
    {
      "url": "https://openimis.github.io/openimis_fhir_r4_ig/StructureDefinition/patient-card-issued",
      "valueBoolean": true
    },
    {
      "url": "https://openimis.github.io/openimis_fhir_r4_ig/StructureDefinition/patient-group-reference",
      "valueReference": {
        "reference": "Group/doe-family"
      }
    }
  ],
  "identifier": [
    {
      "type": {
        "coding": [
          {
            "system": "https://openimis.github.io/openimis_fhir_r4_ig/CodeSystem/openimis-identifiers",
            "code": "Code"
          }
        ]
      },
      "value": "123456788"
    }
  ],
  "name": [
    {
      "family": "Doe",
      "given": [
        "Jane"
      ]
    }
  ],
  "gender": "female",
  "birthDate": "1964-05-15",
  "address": [
    {
      "extension": [
        {
          "url": "https://openimis.github.io/openimis_fhir_r4_ig/StructureDefinition/address-municipality",
          "valueString": "Jamu"
        },
        {
          "url": "https://openimis.github.io/openimis_fhir_r4_ig/StructureDefinition/address-location-reference",
          "valueReference": {
            "reference": "Location/Jamula-village"
          }
        }
      ],
      "use": "home",
      "line": [
        "5 Tsoka"
      ],
      "city": "Jamula",
      "district": "Rapta",
      "state": "Ultha"
    }
  ],
  "maritalStatus": {
    "coding": [
      {
        "system": "http://terminology.hl7.org/CodeSystem/v3-MaritalStatus",
        "code": "M"
      }
    ]
  }
}