<?xml version="1.0" encoding="UTF-8"?>

<Practitioner xmlns="http://hl7.org/fhir">
  <id value="Rushila-Dani-CA"/>
  <meta>
    <profile value="https://openimis.github.io/openimis_fhir_r4_ig/StructureDefinition/openimis-claim-administrator-practitioner"/>
  </meta>
  <text>
    <status value="generated"/><div xmlns="http://www.w3.org/1999/xhtml"><p><b>Generated Narrative</b></p><p><b>identifier</b>: Unique code: JMDP0011, UUID unique identifier: EBC45DFA-8E42-4A5F-8AB7-7EE4D797D842</p><p><b>name</b>: Dani Rushila </p><p><b>telecom</b>: <a href="mailto:rushila.dani@openimis.org">rushila.dani@openimis.org</a></p><p><b>birthDate</b>: 1979-10-09</p><h3>Qualifications</h3><table class="grid"><tr><td>-</td><td><b>Code</b></td></tr><tr><td>*</td><td><span title="Codes: {https://openimis.github.io/openimis_fhir_r4_ig/CodeSystem/practitioner-qualification-type CA}">Claim Administrator</span></td></tr></table></div>
  </text>
  <identifier>
    <type>
      <coding>
        <system value="https://openimis.github.io/openimis_fhir_r4_ig/CodeSystem/openimis-identifiers"/>
        <code value="Code"/>
      </coding>
    </type>
    <value value="JMDP0011"/>
  </identifier>
  <identifier>
    <type>
      <coding>
        <system value="https://openimis.github.io/openimis_fhir_r4_ig/CodeSystem/openimis-identifiers"/>
        <code value="UUID"/>
      </coding>
    </type>
    <value value="EBC45DFA-8E42-4A5F-8AB7-7EE4D797D842"/>
  </identifier>
  <name>
    <family value="Rushila"/>
    <given value="Dani"/>
  </name>
  <telecom>
    <system value="email"/>
    <value value="rushila.dani@openimis.org"/>
  </telecom>
  <birthDate value="1979-10-09"/>
  <qualification>
    <code>
      <coding>
        <system value="https://openimis.github.io/openimis_fhir_r4_ig/CodeSystem/practitioner-qualification-type"/>
        <code value="CA"/>
        <display value="Claim Administrator"/>
      </coding>
    </code>
  </qualification>
</Practitioner>