{
  "resourceType": "Practitioner",
  "id": "Rushila-Dani-CA",
  "meta": {
    "profile": [
      "https://openimis.github.io/openimis_fhir_r4_ig/StructureDefinition/openimis-claim-administrator-practitioner"
    ]
  },
  "text": {
    "status": "generated",
    "div": "<div xmlns=\"http://www.w3.org/1999/xhtml\"><p><b>Generated Narrative</b></p><div style=\"display: inline-block; background-color: #d9e0e7; padding: 6px; margin: 4px; border: 1px solid #8da1b4; border-radius: 5px; line-height: 60%\"><p style=\"margin-bottom: 0px\">Resource \"Rushila-Dani-CA\" </p><p style=\"margin-bottom: 0px\">Profile: <a href=\"StructureDefinition-openimis-claim-administrator-practitioner.html\">openIMIS Claim Administrator Practitioner</a></p></div><p><b>identifier</b>: Unique code: JMDP0011, UUID unique identifier: EBC45DFA-8E42-4A5F-8AB7-7EE4D797D842</p><p><b>name</b>: Dani Rushila </p><p><b>telecom</b>: <a href=\"mailto:rushila.dani@openimis.org\">rushila.dani@openimis.org</a></p><p><b>birthDate</b>: 1979-10-09</p><h3>Qualifications</h3><table class=\"grid\"><tr><td>-</td><td><b>Code</b></td></tr><tr><td>*</td><td>Claim Administrator <span style=\"background: LightGoldenRodYellow; margin: 4px; border: 1px solid khaki\"> (<a href=\"CodeSystem-practitioner-qualification-type.html\">Qualification Type (Practitioner)</a>#CA)</span></td></tr></table></div>"
  },
  "identifier": [
    {
      "type": {
        "coding": [
          {
            "system": "https://openimis.github.io/openimis_fhir_r4_ig/CodeSystem/openimis-identifiers",
            "code": "Code"
          }
        ]
      },
      "value": "JMDP0011"
    },
    {
      "type": {
        "coding": [
          {
            "system": "https://openimis.github.io/openimis_fhir_r4_ig/CodeSystem/openimis-identifiers",
            "code": "UUID"
          }
        ]
      },
      "value": "EBC45DFA-8E42-4A5F-8AB7-7EE4D797D842"
    }
  ],
  "name": [
    {
      "family": "Rushila",
      "given": [
        "Dani"
      ]
    }
  ],
  "telecom": [
    {
      "system": "email",
      "value": "rushila.dani@openimis.org"
    }
  ],
  "birthDate": "1979-10-09",
  "qualification": [
    {
      "code": {
        "coding": [
          {
            "system": "https://openimis.github.io/openimis_fhir_r4_ig/CodeSystem/practitioner-qualification-type",
            "code": "CA",
            "display": "Claim Administrator"
          }
        ]
      }
    }
  ]
}