{
  "package": "openimis.fhir.r4",
  "version": "0.1.0",
  "fhirVersion": "4.0.1",
  "extensions": [
    {
      "url": "https://openimis.github.io/openimis_fhir_r4_ig/StructureDefinition-address-location-reference",
      "title": "Location Reference (Address)",
      "types": [
        "Reference"
      ]
    },
    {
      "url": "https://openimis.github.io/openimis_fhir_r4_ig/StructureDefinition-address-municipality",
      "title": "Municipality (Address)",
      "types": [
        "string"
      ]
    },
    {
      "url": "https://openimis.github.io/openimis_fhir_r4_ig/StructureDefinition-patient-card-issued",
      "title": "Card Issued (Patient)",
      "types": [
        "boolean"
      ]
    },
    {
      "url": "https://openimis.github.io/openimis_fhir_r4_ig/StructureDefinition-patient-education-level",
      "title": "Education Level (Patient)",
      "types": [
        "CodeableConcept",
        "CodeableConcept"
      ]
    },
    {
      "url": "https://openimis.github.io/openimis_fhir_r4_ig/StructureDefinition-patient-group-reference",
      "title": "Group Reference (Patient)",
      "types": [
        "Reference"
      ]
    },
    {
      "url": "https://openimis.github.io/openimis_fhir_r4_ig/StructureDefinition-patient-identification",
      "title": "Identification (Patient)",
      "types": [
        "string",
        "CodeableConcept",
        "CodeableConcept",
        "base64Binary",
        "boolean",
        "canonical",
        "code",
        "date",
        "dateTime",
        "decimal",
        "id",
        "instant",
        "integer",
        "markdown",
        "oid",
        "positiveInt",
        "string",
        "time",
        "unsignedInt",
        "uri",
        "url",
        "uuid",
        "Address",
        "Age",
        "Annotation",
        "Attachment",
        "CodeableConcept",
        "Coding",
        "ContactPoint",
        "Count",
        "Distance",
        "Duration",
        "HumanName",
        "Identifier",
        "Money",
        "Period",
        "Quantity",
        "Range",
        "Ratio",
        "Reference",
        "SampledData",
        "Signature",
        "Timing",
        "ContactDetail",
        "Contributor",
        "DataRequirement",
        "Expression",
        "ParameterDefinition",
        "RelatedArtifact",
        "TriggerDefinition",
        "UsageContext",
        "Dosage",
        "Meta"
      ]
    },
    {
      "url": "https://openimis.github.io/openimis_fhir_r4_ig/StructureDefinition-patient-is-head",
      "title": "IsHead (Patient)",
      "types": [
        "boolean"
      ]
    },
    {
      "url": "https://openimis.github.io/openimis_fhir_r4_ig/StructureDefinition-patient-profession",
      "title": "Profession (Patient)",
      "types": [
        "CodeableConcept",
        "CodeableConcept"
      ]
    }
  ],
  "profiles": {
    "Group": [
      {
        "url": "https://openimis.github.io/openimis_fhir_r4_ig/StructureDefinition/openimis-group",
        "title": "openIMIS Group"
      }
    ],
    "Organization": [
      {
        "url": "https://openimis.github.io/openimis_fhir_r4_ig/StructureDefinition/openimis-health-facility-organization",
        "title": "openIMIS Health Facility Organization"
      }
    ],
    "Patient": [
      {
        "url": "https://openimis.github.io/openimis_fhir_r4_ig/StructureDefinition/openimis-patient",
        "title": "openIMIS Patient"
      }
    ]
  },
  "usage": {
    "http://hl7.org/fhir/StructureDefinition/capabilitystatement-expectation": [
      "CapabilityStatement.rest.resource"
    ],
    "http://hl7.org/fhir/StructureDefinition/elementdefinition-bestpractice": [
      "StructureDefinition.snapshot.element.constraint"
    ],
    "http://hl7.org/fhir/StructureDefinition/elementdefinition-bestpractice-explanation": [
      "StructureDefinition.snapshot.element.constraint"
    ],
    "http://hl7.org/fhir/StructureDefinition/elementdefinition-bindingName": [
      "StructureDefinition.snapshot.element.binding"
    ],
    "http://hl7.org/fhir/StructureDefinition/elementdefinition-isCommonBinding": [
      "StructureDefinition.snapshot.element.binding"
    ],
    "http://hl7.org/fhir/StructureDefinition/elementdefinition-maxValueSet": [
      "StructureDefinition.snapshot.element.binding"
    ],
    "http://hl7.org/fhir/StructureDefinition/elementdefinition-translatable": [
      "StructureDefinition.snapshot.element"
    ],
    "http://hl7.org/fhir/StructureDefinition/structuredefinition-category": [
      "StructureDefinition"
    ],
    "http://hl7.org/fhir/StructureDefinition/structuredefinition-explicit-type-name": [
      "StructureDefinition.snapshot.element"
    ],
    "http://hl7.org/fhir/StructureDefinition/structuredefinition-fhir-type": [
      "StructureDefinition.snapshot.element.type"
    ],
    "http://hl7.org/fhir/StructureDefinition/structuredefinition-hierarchy": [
      "StructureDefinition.snapshot.element.type"
    ],
    "http://hl7.org/fhir/StructureDefinition/structuredefinition-security-category": [
      "StructureDefinition"
    ],
    "http://hl7.org/fhir/tools/StructureDefinition/ig-parameter": [
      "ImplementationGuide.definition"
    ],
    "http://hl7.org/fhir/tools/StructureDefinition/resource-information": [
      "ImplementationGuide.definition.resource"
    ],
    "https://openimis.github.io/openimis_fhir_r4_ig/StructureDefinition-address-location-reference": [
      "Organization.address",
      "Patient.address"
    ],
    "https://openimis.github.io/openimis_fhir_r4_ig/StructureDefinition-address-municipality": [
      "Patient.address"
    ],
    "https://openimis.github.io/openimis_fhir_r4_ig/StructureDefinition-patient-card-issued": [
      "Patient"
    ],
    "https://openimis.github.io/openimis_fhir_r4_ig/StructureDefinition-patient-education-level": [
      "Patient"
    ],
    "https://openimis.github.io/openimis_fhir_r4_ig/StructureDefinition-patient-group-reference": [
      "Patient"
    ],
    "https://openimis.github.io/openimis_fhir_r4_ig/StructureDefinition-patient-identification": [
      "Patient"
    ],
    "https://openimis.github.io/openimis_fhir_r4_ig/StructureDefinition-patient-is-head": [
      "Patient"
    ],
    "https://openimis.github.io/openimis_fhir_r4_ig/StructureDefinition-patient-profession": [
      "Patient"
    ]
  }
}