{
  "package": "openimis.fhir.r4",
  "version": "0.1.0",
  "fhirVersion": "4.0.1",
  "extensions": [
    {
      "url": "https://openimis.github.io/openimis_fhir_r4_ig/StructureDefinition/address-location-reference",
      "title": "Location Reference (Address)",
      "types": [
        "Reference"
      ]
    },
    {
      "url": "https://openimis.github.io/openimis_fhir_r4_ig/StructureDefinition/address-municipality",
      "title": "Municipality (Address)",
      "types": [
        "string"
      ]
    },
    {
      "url": "https://openimis.github.io/openimis_fhir_r4_ig/StructureDefinition/contract-premium",
      "title": "Premium (Contract)",
      "types": [
        "CodeableConcept",
        "CodeableConcept",
        "CodeableConcept",
        "CodeableConcept",
        "Money",
        "Money",
        "string",
        "Extension",
        "decimal",
        "code",
        "string",
        "date",
        "CodeableConcept",
        "CodeableConcept",
        "base64Binary",
        "boolean",
        "canonical",
        "code",
        "date",
        "dateTime",
        "decimal",
        "id",
        "instant",
        "integer",
        "markdown",
        "oid",
        "positiveInt",
        "string",
        "time",
        "unsignedInt",
        "uri",
        "url",
        "uuid",
        "Address",
        "Age",
        "Annotation",
        "Attachment",
        "CodeableConcept",
        "Coding",
        "ContactPoint",
        "Count",
        "Distance",
        "Duration",
        "HumanName",
        "Identifier",
        "Money",
        "Period",
        "Quantity",
        "Range",
        "Ratio",
        "Reference",
        "SampledData",
        "Signature",
        "Timing",
        "ContactDetail",
        "Contributor",
        "DataRequirement",
        "Expression",
        "ParameterDefinition",
        "RelatedArtifact",
        "TriggerDefinition",
        "UsageContext",
        "Dosage",
        "Meta"
      ]
    },
    {
      "url": "https://openimis.github.io/openimis_fhir_r4_ig/StructureDefinition/group-address",
      "title": "Poverty Status (Group)",
      "types": [
        "Address",
        "Address",
        "string",
        "Extension",
        "Extension",
        "Extension",
        "code",
        "code",
        "string",
        "string",
        "string",
        "string",
        "string",
        "string",
        "string",
        "Period"
      ]
    },
    {
      "url": "https://openimis.github.io/openimis_fhir_r4_ig/StructureDefinition/group-confirmation",
      "title": "Confirmation (Group)",
      "types": [
        "string",
        "CodeableConcept",
        "CodeableConcept",
        "base64Binary",
        "boolean",
        "canonical",
        "code",
        "date",
        "dateTime",
        "decimal",
        "id",
        "instant",
        "integer",
        "markdown",
        "oid",
        "positiveInt",
        "string",
        "time",
        "unsignedInt",
        "uri",
        "url",
        "uuid",
        "Address",
        "Age",
        "Annotation",
        "Attachment",
        "CodeableConcept",
        "Coding",
        "ContactPoint",
        "Count",
        "Distance",
        "Duration",
        "HumanName",
        "Identifier",
        "Money",
        "Period",
        "Quantity",
        "Range",
        "Ratio",
        "Reference",
        "SampledData",
        "Signature",
        "Timing",
        "ContactDetail",
        "Contributor",
        "DataRequirement",
        "Expression",
        "ParameterDefinition",
        "RelatedArtifact",
        "TriggerDefinition",
        "UsageContext",
        "Dosage",
        "Meta"
      ]
    },
    {
      "url": "https://openimis.github.io/openimis_fhir_r4_ig/StructureDefinition/group-poverty-status",
      "title": "Poverty Status (Group)",
      "types": [
        "boolean"
      ]
    },
    {
      "url": "https://openimis.github.io/openimis_fhir_r4_ig/StructureDefinition/group-type",
      "title": "Group Type (Group)",
      "types": [
        "CodeableConcept",
        "CodeableConcept"
      ]
    },
    {
      "url": "https://openimis.github.io/openimis_fhir_r4_ig/StructureDefinition/insurance-plan-conversion",
      "title": "Conversion Product (InsurancePlan)",
      "types": [
        "Reference"
      ]
    },
    {
      "url": "https://openimis.github.io/openimis_fhir_r4_ig/StructureDefinition/insurance-plan-discount",
      "title": "Discount (InsurancePlan)",
      "types": [
        "decimal",
        "decimal",
        "Quantity",
        "Quantity",
        "string",
        "Extension",
        "decimal",
        "code",
        "string",
        "uri",
        "code",
        "base64Binary",
        "boolean",
        "canonical",
        "code",
        "date",
        "dateTime",
        "decimal",
        "id",
        "instant",
        "integer",
        "markdown",
        "oid",
        "positiveInt",
        "string",
        "time",
        "unsignedInt",
        "uri",
        "url",
        "uuid",
        "Address",
        "Age",
        "Annotation",
        "Attachment",
        "CodeableConcept",
        "Coding",
        "ContactPoint",
        "Count",
        "Distance",
        "Duration",
        "HumanName",
        "Identifier",
        "Money",
        "Period",
        "Quantity",
        "Range",
        "Ratio",
        "Reference",
        "SampledData",
        "Signature",
        "Timing",
        "ContactDetail",
        "Contributor",
        "DataRequirement",
        "Expression",
        "ParameterDefinition",
        "RelatedArtifact",
        "TriggerDefinition",
        "UsageContext",
        "Dosage",
        "Meta"
      ]
    },
    {
      "url": "https://openimis.github.io/openimis_fhir_r4_ig/StructureDefinition/insurance-plan-max-installments",
      "title": "Max Installments (InsurancePlan)",
      "types": [
        "unsignedInt",
        "unsignedInt"
      ]
    },
    {
      "url": "https://openimis.github.io/openimis_fhir_r4_ig/StructureDefinition/insurance-plan-period",
      "title": "Period (InsurancePlan)",
      "types": [
        "Quantity",
        "Quantity",
        "string",
        "Extension",
        "decimal",
        "code",
        "string",
        "uri",
        "code"
      ]
    },
    {
      "url": "https://openimis.github.io/openimis_fhir_r4_ig/StructureDefinition/insurance-plan-start-cycle",
      "title": "Cycle Start (InsurancePlan)",
      "types": [
        "string"
      ]
    },
    {
      "url": "https://openimis.github.io/openimis_fhir_r4_ig/StructureDefinition/medication-frequency",
      "title": "Frequency (Medication)",
      "types": [
        "Timing",
        "Timing",
        "string",
        "Extension",
        "Extension",
        "dateTime",
        "Element",
        "string",
        "Extension",
        "Duration",
        "Range",
        "Period",
        "positiveInt",
        "positiveInt",
        "decimal",
        "decimal",
        "code",
        "positiveInt",
        "positiveInt",
        "decimal",
        "decimal",
        "code",
        "code",
        "time",
        "code",
        "unsignedInt",
        "CodeableConcept"
      ]
    },
    {
      "url": "https://openimis.github.io/openimis_fhir_r4_ig/StructureDefinition/medication-type",
      "title": "Medication Type (Medication)",
      "types": [
        "CodeableConcept",
        "CodeableConcept"
      ]
    },
    {
      "url": "https://openimis.github.io/openimis_fhir_r4_ig/StructureDefinition/medication-usage-context",
      "title": "UsageContext (Medication)",
      "types": [
        "UsageContext",
        "UsageContext",
        "string",
        "Extension",
        "Coding",
        "CodeableConcept",
        "CodeableConcept",
        "string",
        "Extension",
        "Coding",
        "string",
        "UsageContext",
        "UsageContext",
        "string",
        "Extension",
        "Coding",
        "CodeableConcept",
        "CodeableConcept",
        "string",
        "Extension",
        "Coding",
        "string",
        "UsageContext",
        "UsageContext",
        "string",
        "Extension",
        "Coding",
        "CodeableConcept",
        "CodeableConcept",
        "string",
        "Extension",
        "Coding",
        "string",
        "base64Binary",
        "boolean",
        "canonical",
        "code",
        "date",
        "dateTime",
        "decimal",
        "id",
        "instant",
        "integer",
        "markdown",
        "oid",
        "positiveInt",
        "string",
        "time",
        "unsignedInt",
        "uri",
        "url",
        "uuid",
        "Address",
        "Age",
        "Annotation",
        "Attachment",
        "CodeableConcept",
        "Coding",
        "ContactPoint",
        "Count",
        "Distance",
        "Duration",
        "HumanName",
        "Identifier",
        "Money",
        "Period",
        "Quantity",
        "Range",
        "Ratio",
        "Reference",
        "SampledData",
        "Signature",
        "Timing",
        "ContactDetail",
        "Contributor",
        "DataRequirement",
        "Expression",
        "ParameterDefinition",
        "RelatedArtifact",
        "TriggerDefinition",
        "UsageContext",
        "Dosage",
        "Meta"
      ]
    },
    {
      "url": "https://openimis.github.io/openimis_fhir_r4_ig/StructureDefinition/organization-hf-level",
      "title": "Health Facility Level (Organization)",
      "types": [
        "CodeableConcept",
        "CodeableConcept"
      ]
    },
    {
      "url": "https://openimis.github.io/openimis_fhir_r4_ig/StructureDefinition/organization-legal-form",
      "title": "Legal Forms (Organization)",
      "types": [
        "CodeableConcept",
        "CodeableConcept"
      ]
    },
    {
      "url": "https://openimis.github.io/openimis_fhir_r4_ig/StructureDefinition/patient-card-issued",
      "title": "Card Issued (Patient)",
      "types": [
        "boolean"
      ]
    },
    {
      "url": "https://openimis.github.io/openimis_fhir_r4_ig/StructureDefinition/patient-education-level",
      "title": "Education Level (Patient)",
      "types": [
        "CodeableConcept",
        "CodeableConcept"
      ]
    },
    {
      "url": "https://openimis.github.io/openimis_fhir_r4_ig/StructureDefinition/patient-group-reference",
      "title": "Group Reference (Patient)",
      "types": [
        "Reference"
      ]
    },
    {
      "url": "https://openimis.github.io/openimis_fhir_r4_ig/StructureDefinition/patient-identification",
      "title": "Identification (Patient)",
      "types": [
        "string",
        "CodeableConcept",
        "CodeableConcept",
        "base64Binary",
        "boolean",
        "canonical",
        "code",
        "date",
        "dateTime",
        "decimal",
        "id",
        "instant",
        "integer",
        "markdown",
        "oid",
        "positiveInt",
        "string",
        "time",
        "unsignedInt",
        "uri",
        "url",
        "uuid",
        "Address",
        "Age",
        "Annotation",
        "Attachment",
        "CodeableConcept",
        "Coding",
        "ContactPoint",
        "Count",
        "Distance",
        "Duration",
        "HumanName",
        "Identifier",
        "Money",
        "Period",
        "Quantity",
        "Range",
        "Ratio",
        "Reference",
        "SampledData",
        "Signature",
        "Timing",
        "ContactDetail",
        "Contributor",
        "DataRequirement",
        "Expression",
        "ParameterDefinition",
        "RelatedArtifact",
        "TriggerDefinition",
        "UsageContext",
        "Dosage",
        "Meta"
      ]
    },
    {
      "url": "https://openimis.github.io/openimis_fhir_r4_ig/StructureDefinition/patient-is-head",
      "title": "IsHead (Patient)",
      "types": [
        "boolean"
      ]
    },
    {
      "url": "https://openimis.github.io/openimis_fhir_r4_ig/StructureDefinition/patient-profession",
      "title": "Profession (Patient)",
      "types": [
        "CodeableConcept",
        "CodeableConcept"
      ]
    },
    {
      "url": "https://openimis.github.io/openimis_fhir_r4_ig/StructureDefinition/patient-vulnerability-status",
      "title": "Vulnerability Status (Patient)",
      "types": [
        "boolean"
      ]
    },
    {
      "url": "https://openimis.github.io/openimis_fhir_r4_ig/StructureDefinition/practitioner-role-substitution-reference",
      "title": "Substitution Reference (PractitionerRole)",
      "types": [
        "Reference"
      ]
    },
    {
      "url": "https://openimis.github.io/openimis_fhir_r4_ig/StructureDefinition/unit-price",
      "title": "Unit Price (Medication|ActivityDefinition)",
      "types": [
        "Money",
        "Money",
        "string",
        "Extension",
        "decimal",
        "code"
      ]
    }
  ],
  "profiles": {
    "ActivityDefinition": [
      {
        "url": "https://openimis.github.io/openimis_fhir_r4_ig/StructureDefinition/openimis-activitiy-definition",
        "title": "openIMIS ActivityDefinition"
      }
    ],
    "Claim": [
      {
        "url": "https://openimis.github.io/openimis_fhir_r4_ig/StructureDefinition/openimis-claim",
        "title": "openIMIS Claim"
      }
    ],
    "Practitioner": [
      {
        "url": "https://openimis.github.io/openimis_fhir_r4_ig/StructureDefinition/openimis-enrolment-officer-practitioner",
        "title": "openIMIS Enrolment Officer Practitioner"
      }
    ],
    "PractitionerRole": [
      {
        "url": "https://openimis.github.io/openimis_fhir_r4_ig/StructureDefinition/openimis-enrolment-officer-practitioner-role",
        "title": "openIMIS Enrolment Officer Practitioner Role"
      }
    ],
    "ClaimResponse": [
      {
        "url": "https://openimis.github.io/openimis_fhir_r4_ig/StructureDefinition/openimis-claim-response",
        "title": "openIMIS Claim Response"
      }
    ],
    "Contract": [
      {
        "url": "https://openimis.github.io/openimis_fhir_r4_ig/StructureDefinition/openimis-contract",
        "title": "openIMIS Contract"
      }
    ],
    "Coverage": [
      {
        "url": "https://openimis.github.io/openimis_fhir_r4_ig/StructureDefinition/openimis-coverage",
        "title": "openIMIS Coverage"
      }
    ],
    "Group": [
      {
        "url": "https://openimis.github.io/openimis_fhir_r4_ig/StructureDefinition/openimis-group",
        "title": "openIMIS Group"
      }
    ],
    "Organization": [
      {
        "url": "https://openimis.github.io/openimis_fhir_r4_ig/StructureDefinition/openimis-policy-holder-organization",
        "title": "openIMIS Policy Holder Organization"
      }
    ],
    "InsurancePlan": [
      {
        "url": "https://openimis.github.io/openimis_fhir_r4_ig/StructureDefinition/openimis-insurance-plan",
        "title": "openIMIS Insurance Plan"
      }
    ],
    "Location": [
      {
        "url": "https://openimis.github.io/openimis_fhir_r4_ig/StructureDefinition/openimis-location",
        "title": "openIMIS Location"
      }
    ],
    "Medication": [
      {
        "url": "https://openimis.github.io/openimis_fhir_r4_ig/StructureDefinition/openimis-medication",
        "title": "openIMIS Medication"
      }
    ],
    "Patient": [
      {
        "url": "https://openimis.github.io/openimis_fhir_r4_ig/StructureDefinition/openimis-patient",
        "title": "openIMIS Patient"
      }
    ]
  },
  "usage": {
    "http://hl7.org/fhir/StructureDefinition/capabilitystatement-expectation": [
      "CapabilityStatement.rest.resource"
    ],
    "http://hl7.org/fhir/StructureDefinition/elementdefinition-bestpractice": [
      "StructureDefinition.snapshot.element.constraint"
    ],
    "http://hl7.org/fhir/StructureDefinition/elementdefinition-bestpractice-explanation": [
      "StructureDefinition.snapshot.element.constraint"
    ],
    "http://hl7.org/fhir/StructureDefinition/elementdefinition-bindingName": [
      "StructureDefinition.snapshot.element.binding"
    ],
    "http://hl7.org/fhir/StructureDefinition/elementdefinition-isCommonBinding": [
      "StructureDefinition.snapshot.element.binding"
    ],
    "http://hl7.org/fhir/StructureDefinition/elementdefinition-maxValueSet": [
      "StructureDefinition.snapshot.element.binding"
    ],
    "http://hl7.org/fhir/StructureDefinition/elementdefinition-translatable": [
      "StructureDefinition.snapshot.element"
    ],
    "http://hl7.org/fhir/StructureDefinition/structuredefinition-category": [
      "StructureDefinition"
    ],
    "http://hl7.org/fhir/StructureDefinition/structuredefinition-explicit-type-name": [
      "StructureDefinition.snapshot.element"
    ],
    "http://hl7.org/fhir/StructureDefinition/structuredefinition-fhir-type": [
      "StructureDefinition.snapshot.element.type"
    ],
    "http://hl7.org/fhir/StructureDefinition/structuredefinition-hierarchy": [
      "StructureDefinition.differential.element.type",
      "StructureDefinition.snapshot.element.type"
    ],
    "http://hl7.org/fhir/StructureDefinition/structuredefinition-security-category": [
      "StructureDefinition"
    ],
    "http://hl7.org/fhir/tools/StructureDefinition/ig-parameter": [
      "ImplementationGuide.definition"
    ],
    "http://hl7.org/fhir/tools/StructureDefinition/resource-information": [
      "ImplementationGuide.definition.resource"
    ],
    "https://openimis.github.io/openimis_fhir_r4_ig/StructureDefinition/address-location-reference": [
      "Extension.value[x]",
      "Organization.address",
      "Patient.address",
      "Practitioner.address"
    ],
    "https://openimis.github.io/openimis_fhir_r4_ig/StructureDefinition/address-municipality": [
      "Extension.value[x]",
      "Patient.address"
    ],
    "https://openimis.github.io/openimis_fhir_r4_ig/StructureDefinition/contract-premium": [
      "Contract.term.asset"
    ],
    "https://openimis.github.io/openimis_fhir_r4_ig/StructureDefinition/group-address": [
      "Group"
    ],
    "https://openimis.github.io/openimis_fhir_r4_ig/StructureDefinition/group-confirmation": [
      "Group"
    ],
    "https://openimis.github.io/openimis_fhir_r4_ig/StructureDefinition/group-poverty-status": [
      "Group"
    ],
    "https://openimis.github.io/openimis_fhir_r4_ig/StructureDefinition/group-type": [
      "Group"
    ],
    "https://openimis.github.io/openimis_fhir_r4_ig/StructureDefinition/insurance-plan-conversion": [
      "InsurancePlan"
    ],
    "https://openimis.github.io/openimis_fhir_r4_ig/StructureDefinition/insurance-plan-discount": [
      "InsurancePlan"
    ],
    "https://openimis.github.io/openimis_fhir_r4_ig/StructureDefinition/insurance-plan-max-installments": [
      "InsurancePlan"
    ],
    "https://openimis.github.io/openimis_fhir_r4_ig/StructureDefinition/insurance-plan-period": [
      "InsurancePlan"
    ],
    "https://openimis.github.io/openimis_fhir_r4_ig/StructureDefinition/insurance-plan-start-cycle": [
      "InsurancePlan"
    ],
    "https://openimis.github.io/openimis_fhir_r4_ig/StructureDefinition/medication-frequency": [
      "Medication"
    ],
    "https://openimis.github.io/openimis_fhir_r4_ig/StructureDefinition/medication-type": [
      "Medication"
    ],
    "https://openimis.github.io/openimis_fhir_r4_ig/StructureDefinition/medication-usage-context": [
      "Medication"
    ],
    "https://openimis.github.io/openimis_fhir_r4_ig/StructureDefinition/organization-hf-level": [
      "Organization"
    ],
    "https://openimis.github.io/openimis_fhir_r4_ig/StructureDefinition/organization-legal-form": [
      "Organization"
    ],
    "https://openimis.github.io/openimis_fhir_r4_ig/StructureDefinition/patient-card-issued": [
      "Patient"
    ],
    "https://openimis.github.io/openimis_fhir_r4_ig/StructureDefinition/patient-education-level": [
      "Patient"
    ],
    "https://openimis.github.io/openimis_fhir_r4_ig/StructureDefinition/patient-group-reference": [
      "Patient"
    ],
    "https://openimis.github.io/openimis_fhir_r4_ig/StructureDefinition/patient-identification": [
      "Patient"
    ],
    "https://openimis.github.io/openimis_fhir_r4_ig/StructureDefinition/patient-is-head": [
      "Patient"
    ],
    "https://openimis.github.io/openimis_fhir_r4_ig/StructureDefinition/patient-profession": [
      "Patient"
    ],
    "https://openimis.github.io/openimis_fhir_r4_ig/StructureDefinition/patient-vulnerability-status": [
      "Patient"
    ],
    "https://openimis.github.io/openimis_fhir_r4_ig/StructureDefinition/practitioner-role-substitution-reference": [
      "PractitionerRole"
    ],
    "https://openimis.github.io/openimis_fhir_r4_ig/StructureDefinition/unit-price": [
      "ActivityDefinition",
      "Medication"
    ]
  }
}