<?xml version="1.0" encoding="UTF-8"?>

<ValueSet xmlns="http://hl7.org/fhir">
  <id value="patient-contact-relationship"/>
  <text>
    <status value="generated"/><div xmlns="http://www.w3.org/1999/xhtml"><ul><li>Include all codes defined in <a href="CodeSystem-patient-contact-relationship.html"><code>https://openimis.github.io/openimis_fhir_r4_ig/CodeSystem/patient-contact-relationship</code></a></li></ul></div>
  </text>
  <url value="https://openimis.github.io/openimis_fhir_r4_ig/ValueSet/patient-contact-relationship"/>
  <version value="0.1.0"/>
  <name value="PatientContactRelationshipVS"/>
  <title value="Contact Relationship (Patient)"/>
  <status value="active"/>
  <date value="2021-12-21T09:16:10+00:00"/>
  <publisher value="Swiss TPH"/>
  <contact>
    <name value="Swiss TPH"/>
    <telecom>
      <system value="url"/>
      <value value="https://www.swisstph.ch/en/"/>
    </telecom>
  </contact>
  <contact>
    <name value="Dragos Dobre"/>
    <telecom>
      <system value="email"/>
      <value value="dragos.dobre@swisstph.ch"/>
      <use value="work"/>
    </telecom>
  </contact>
  <description value="Indicates the Relationship of a Patient with the Head of the Family."/>
  <compose>
    <include>
      <system value="https://openimis.github.io/openimis_fhir_r4_ig/CodeSystem/patient-contact-relationship"/>
    </include>
  </compose>
</ValueSet>