{
  "resourceType": "ValueSet",
  "id": "medication-item-type",
  "text": {
    "status": "generated",
    "div": "<div xmlns=\"http://www.w3.org/1999/xhtml\"><ul><li>Include all codes defined in <a href=\"CodeSystem-medication-item-type.html\"><code>https://openimis.github.io/openimis_fhir_r4_ig/CodeSystem/medication-item-type</code></a></li></ul></div>"
  },
  "url": "https://openimis.github.io/openimis_fhir_r4_ig/ValueSet/medication-item-type",
  "version": "0.1.0",
  "name": "MedicationItemTypeVS",
  "title": "Item Type (Medication)",
  "status": "active",
  "date": "2021-07-27T11:23:32+00:00",
  "publisher": "Swiss TPH",
  "contact": [
    {
      "name": "Swiss TPH",
      "telecom": [
        {
          "system": "url",
          "value": "https://www.swisstph.ch/en/"
        }
      ]
    },
    {
      "name": "Dragos Dobre",
      "telecom": [
        {
          "system": "email",
          "value": "dragos.dobre@swisstph.ch",
          "use": "work"
        }
      ]
    }
  ],
  "description": "Indicates the Medical Item Type for an Medication. Values defined by openIMIS. Can not be extended.",
  "compose": {
    "include": [
      {
        "system": "https://openimis.github.io/openimis_fhir_r4_ig/CodeSystem/medication-item-type"
      }
    ]
  }
}