<?xml version="1.0" encoding="UTF-8"?>

<ValueSet xmlns="http://hl7.org/fhir">
  <id value="activity-definition-usage-context-workflow-type"/>
  <text>
    <status value="generated"/><div xmlns="http://www.w3.org/1999/xhtml"><ul><li>Include all codes defined in <a href="CodeSystem-activity-definition-usage-context-workflow-type.html"><code>https://openimis.github.io/openimis_fhir_r4_ig/CodeSystem/activity-definition-usage-context-workflow-type</code></a></li></ul></div>
  </text>
  <url value="https://openimis.github.io/openimis_fhir_r4_ig/ValueSet/activity-definition-usage-context-workflow-type"/>
  <version value="0.1.0"/>
  <name value="ActivityDefinitionUsageContextWorkflowTypeVS"/>
  <title value="Usage Context for Workflow Type (ActivityDefinition)"/>
  <status value="active"/>
  <date value="2021-10-12T16:14:04+00:00"/>
  <publisher value="Swiss TPH"/>
  <contact>
    <name value="Swiss TPH"/>
    <telecom>
      <system value="url"/>
      <value value="https://www.swisstph.ch/en/"/>
    </telecom>
  </contact>
  <contact>
    <name value="Dragos Dobre"/>
    <telecom>
      <system value="email"/>
      <value value="dragos.dobre@swisstph.ch"/>
      <use value="work"/>
    </telecom>
  </contact>
  <description value="Indicates the Usage Context for Workflow Type for an ActivityDefinition. Values defined by openIMIS. Can not be extended."/>
  <compose>
    <include>
      <system value="https://openimis.github.io/openimis_fhir_r4_ig/CodeSystem/activity-definition-usage-context-workflow-type"/>
    </include>
  </compose>
</ValueSet>