<?xml version="1.0" encoding="UTF-8"?>

<ValueSet xmlns="http://hl7.org/fhir">
  <id value="claim-visit-type-codes"/>
  <text>
    <status value="extensions"/><div xmlns="http://www.w3.org/1999/xhtml"><ul><li>Include these codes as defined in <a href="http://terminology.hl7.org/2.1.0/CodeSystem-claim-type.html"><code>http://terminology.hl7.org/CodeSystem/claim-type</code></a><table class="none"><tr><td style="white-space:nowrap"><b>Code</b></td><td><b>Display</b></td><td><b>Definition</b></td></tr><tr><td><a href="http://terminology.hl7.org/2.1.0/CodeSystem-claim-type.html#claim-type-institutional">institutional</a></td><td>Institutional</td><td>Hospital, clinic and typically inpatient claims.</td></tr><tr><td><a href="http://terminology.hl7.org/2.1.0/CodeSystem-claim-type.html#claim-type-professional">professional</a></td><td>Professional</td><td>Typically, outpatient claims from Physician, Psychological, Chiropractor, Physiotherapy, Speech Pathology, rehabilitative, consulting.</td></tr></table></li></ul></div>
  </text>
  <url value="https://openimis.github.io/openimis_fhir_r4_ig/ValueSet/claim-visit-type-codes"/>
  <version value="0.1.0"/>
  <name value="ClaimVisitTypeCodesVS"/>
  <title value="Visit Type Codes (Claim)"/>
  <status value="active"/>
  <date value="2021-09-15T10:19:11+00:00"/>
  <publisher value="Swiss TPH"/>
  <contact>
    <name value="Swiss TPH"/>
    <telecom>
      <system value="url"/>
      <value value="https://www.swisstph.ch/en/"/>
    </telecom>
  </contact>
  <contact>
    <name value="Dragos Dobre"/>
    <telecom>
      <system value="email"/>
      <value value="dragos.dobre@swisstph.ch"/>
      <use value="work"/>
    </telecom>
  </contact>
  <description value="Indicates the visit type of the Claim. &#xA;Can be &#39;institutional&#39; for inpatient claims or &#39;professional&#39; for outpatient claims. &#xA;Values limited by openIMIS."/>
  <compose>
    <include>
      <system value="http://terminology.hl7.org/CodeSystem/claim-type"/>
      <concept>
        <code value="institutional"/>
        <display value="Institutional"/>
      </concept>
      <concept>
        <code value="professional"/>
        <display value="Professional"/>
      </concept>
    </include>
  </compose>
</ValueSet>