<?xml version="1.0" encoding="UTF-8"?>

<ValueSet xmlns="http://hl7.org/fhir">
  <id value="coverage-item-benefit-type-total-left"/>
  <text>
    <status value="generated"/><div xmlns="http://www.w3.org/1999/xhtml"><ul><li>Include these codes as defined in <a href="CodeSystem-coverage-item-benefit-type.html"><code>https://openimis.github.io/openimis_fhir_r4_ig/CodeSystem/coverage-item-benefit-type</code></a><table class="none"><tr><td style="white-space:nowrap"><b>Code</b></td><td><b>Display</b></td></tr><tr><td><a href="CodeSystem-coverage-item-benefit-type.html#coverage-item-benefit-type-admissions_left">admissions_left</a></td><td>total_admissions</td></tr><tr><td><a href="CodeSystem-coverage-item-benefit-type.html#coverage-item-benefit-type-visits_left">visits_left</a></td><td>total_visits</td></tr><tr><td><a href="CodeSystem-coverage-item-benefit-type.html#coverage-item-benefit-type-consultations_left">consultations_left</a></td><td>total_consultations</td></tr><tr><td><a href="CodeSystem-coverage-item-benefit-type.html#coverage-item-benefit-type-surgeries_left">surgeries_left</a></td><td>total_surgeries</td></tr><tr><td><a href="CodeSystem-coverage-item-benefit-type.html#coverage-item-benefit-type-deliveries_left">deliveries_left</a></td><td>total_deliveries</td></tr><tr><td><a href="CodeSystem-coverage-item-benefit-type.html#coverage-item-benefit-type-antenatal_left">antenatal_left</a></td><td>total_antenatal</td></tr></table></li></ul></div>
  </text>
  <url value="https://openimis.github.io/openimis_fhir_r4_ig/ValueSet/coverage-item-benefit-type-total-left"/>
  <version value="0.1.0"/>
  <name value="CoverageItemBenefitTypeTotalLeftVS"/>
  <title value="Type of benefit as total left (Coverage)"/>
  <status value="active"/>
  <date value="2022-05-12T06:50:16+00:00"/>
  <publisher value="openIMIS Initiative"/>
  <contact>
    <name value="openIMIS Initiative"/>
    <telecom>
      <system value="url"/>
      <value value="https://www.openimis.org"/>
    </telecom>
  </contact>
  <contact>
    <name value="Dragos Dobre"/>
    <telecom>
      <system value="email"/>
      <value value="dragos.dobre@swisstph.ch"/>
      <use value="work"/>
    </telecom>
  </contact>
  <description value="Indicates the type of benefit under a Coverage. Values defined by openIMIS. Can not be extended."/>
  <compose>
    <include>
      <system value="https://openimis.github.io/openimis_fhir_r4_ig/CodeSystem/coverage-item-benefit-type"/>
      <concept>
        <code value="admissions_left"/>
        <display value="total_admissions"/>
      </concept>
      <concept>
        <code value="visits_left"/>
        <display value="total_visits"/>
      </concept>
      <concept>
        <code value="consultations_left"/>
        <display value="total_consultations"/>
      </concept>
      <concept>
        <code value="surgeries_left"/>
        <display value="total_surgeries"/>
      </concept>
      <concept>
        <code value="deliveries_left"/>
        <display value="total_deliveries"/>
      </concept>
      <concept>
        <code value="antenatal_left"/>
        <display value="total_antenatal"/>
      </concept>
    </include>
  </compose>
</ValueSet>