<?xml version="1.0" encoding="UTF-8"?>

<ValueSet xmlns="http://hl7.org/fhir">
  <id value="patient-education-level"/>
  <text>
    <status value="generated"/><div xmlns="http://www.w3.org/1999/xhtml"><ul><li>Include all codes defined in <a href="CodeSystem-patient-education-level.html"><code>https://openimis.github.io/openimis_fhir_r4_ig/CodeSystem-patient-education-level</code></a></li></ul></div>
  </text>
  <url value="https://openimis.github.io/openimis_fhir_r4_ig/ValueSet-patient-education-level"/>
  <version value="0.1.0"/>
  <name value="PatientEducationLevelVS"/>
  <title value="Education Level (Patient)"/>
  <status value="active"/>
  <date value="2021-07-16T14:02:04+00:00"/>
  <publisher value="Swiss TPH - SCIH - openIMIS Group"/>
  <contact>
    <name value="Swiss TPH - SCIH - openIMIS Group"/>
    <telecom>
      <system value="url"/>
      <value value="https://www.swisstph.ch/en/"/>
    </telecom>
    <telecom>
      <system value="email"/>
      <value value="dragos.dobre@swisstph.ch"/>
    </telecom>
  </contact>
  <description value="Indicates the Education level of a Patient"/>
  <compose>
    <include>
      <system value="https://openimis.github.io/openimis_fhir_r4_ig/CodeSystem-patient-education-level"/>
    </include>
  </compose>
</ValueSet>