<?xml version="1.0" encoding="UTF-8"?>

<ValueSet xmlns="http://hl7.org/fhir">
  <id value="coverage-status"/>
  <text>
    <status value="extensions"/><div xmlns="http://www.w3.org/1999/xhtml"><ul><li>Include these codes as defined in <a href="http://hl7.org/fhir/R4/codesystem-fm-status.html"><code>http://hl7.org/fhir/fm-status</code></a><table class="none"><tr><td style="white-space:nowrap"><b>Code</b></td><td><b>Display</b></td><td><b>Definition</b></td></tr><tr><td><a href="http://hl7.org/fhir/R4/codesystem-fm-status.html#fm-status-active">active</a></td><td>Active</td><td>The instance is currently in-force.</td></tr><tr><td><a href="http://hl7.org/fhir/R4/codesystem-fm-status.html#fm-status-cancelled">cancelled</a></td><td>Cancelled</td><td>The instance is withdrawn, rescinded or reversed.</td></tr><tr><td><a href="http://hl7.org/fhir/R4/codesystem-fm-status.html#fm-status-draft">draft</a></td><td>Draft</td><td>A new instance the contents of which is not complete.</td></tr></table></li></ul></div>
  </text>
  <url value="https://openimis.github.io/openimis_fhir_r4_ig/ValueSet/coverage-status"/>
  <version value="0.1.0"/>
  <name value="CoverageStatusVS"/>
  <title value="Coverage Status (Coverage)"/>
  <status value="active"/>
  <date value="2022-05-12T07:23:31+00:00"/>
  <publisher value="openIMIS Initiative"/>
  <contact>
    <name value="openIMIS Initiative"/>
    <telecom>
      <system value="url"/>
      <value value="https://www.openimis.org"/>
    </telecom>
  </contact>
  <contact>
    <name value="Dragos Dobre"/>
    <telecom>
      <system value="email"/>
      <value value="dragos.dobre@swisstph.ch"/>
      <use value="work"/>
    </telecom>
  </contact>
  <description value="Indicates the status of a Coverage (Policy)."/>
  <compose>
    <include>
      <system value="http://hl7.org/fhir/fm-status"/>
      <concept>
        <code value="active"/>
        <display value="Active"/>
      </concept>
      <concept>
        <code value="cancelled"/>
        <display value="Cancelled"/>
      </concept>
      <concept>
        <code value="draft"/>
        <display value="Draft"/>
      </concept>
    </include>
  </compose>
</ValueSet>