{
  "resourceType": "ValueSet",
  "id": "practitioner-qualification-type",
  "text": {
    "status": "generated",
    "div": "<div xmlns=\"http://www.w3.org/1999/xhtml\"><ul><li>Include all codes defined in <a href=\"CodeSystem-practitioner-qualification-type.html\"><code>https://openimis.github.io/openimis_fhir_r4_ig/CodeSystem/practitioner-qualification-type</code></a></li></ul></div>"
  },
  "url": "https://openimis.github.io/openimis_fhir_r4_ig/ValueSet/practitioner-qualification-type",
  "version": "0.1.0",
  "name": "PractitionerQualificationTypeVS",
  "title": "Practitioner Qualification Type",
  "status": "active",
  "date": "2021-11-12T16:20:31+00:00",
  "publisher": "Swiss TPH",
  "contact": [
    {
      "name": "Swiss TPH",
      "telecom": [
        {
          "system": "url",
          "value": "https://www.swisstph.ch/en/"
        }
      ]
    },
    {
      "name": "Dragos Dobre",
      "telecom": [
        {
          "system": "email",
          "value": "dragos.dobre@swisstph.ch",
          "use": "work"
        }
      ]
    }
  ],
  "description": "Indicates the Qualification Type of a Practitioner.",
  "compose": {
    "include": [
      {
        "system": "https://openimis.github.io/openimis_fhir_r4_ig/CodeSystem/practitioner-qualification-type"
      }
    ]
  }
}