<?xml version="1.0" encoding="UTF-8"?>

<ValueSet xmlns="http://hl7.org/fhir">
  <id value="openimis-contact-relationship-vs"/>
  <text>
    <status value="generated"/><div xmlns="http://www.w3.org/1999/xhtml"><ul><li>Include all codes defined in <a href="CodeSystem-openimis-contact-relationship-cs.html"><code>https://openimis.github.io/openimis_fhir_r4_ig/CodeSystem/openimis-contact-relationship-cs</code></a></li></ul></div>
  </text>
  <url value="https://openimis.github.io/openimis_fhir_r4_ig/ValueSet/openimis-contact-relationship-vs"/>
  <version value="0.1.0"/>
  <name value="OpenIMISContactRelationshipVS"/>
  <title value="openIMIS Contact Relationship code system"/>
  <status value="active"/>
  <date value="2021-07-15T08:25:21+00:00"/>
  <publisher value="Swiss TPH - SCIH - openIMIS Group"/>
  <contact>
    <name value="Swiss TPH - SCIH - openIMIS Group"/>
    <telecom>
      <system value="url"/>
      <value value="https://www.swisstph.ch/en/"/>
    </telecom>
    <telecom>
      <system value="email"/>
      <value value="dragos.dobre@swisstph.ch"/>
    </telecom>
  </contact>
  <description value="Indicates the Relationship of a Patient with the Head of the Family"/>
  <compose>
    <include>
      <system value="https://openimis.github.io/openimis_fhir_r4_ig/CodeSystem/openimis-contact-relationship-cs"/>
    </include>
  </compose>
</ValueSet>