{
  "resourceType": "ValueSet",
  "id": "openimis-identifiers-vs",
  "text": {
    "status": "extensions",
    "div": "<div xmlns=\"http://www.w3.org/1999/xhtml\"><ul><li>Include these codes as defined in <a href=\"CodeSystem-openimis-identifiers-cs.html\"><code>https://openimis.github.io/openimis_fhir_r4_ig/CodeSystem/openimis-identifiers-cs</code></a><table class=\"none\"><tr><td style=\"white-space:nowrap\"><b>Code</b></td><td><b>Display</b></td><td><b>Definition</b></td></tr><tr><td><a href=\"CodeSystem-openimis-identifiers-cs.html#openimis-identifiers-cs-UUID\">UUID</a></td><td>UUID unique identifier</td><td>The UUID V4 unique identifier that is generated by the openIMIS Database</td></tr><tr><td><a href=\"CodeSystem-openimis-identifiers-cs.html#openimis-identifiers-cs-DBID\">DBID</a></td><td>DB unique identifier</td><td>The DB unique integer identifier managed by the openIMIS DB</td></tr><tr><td><a href=\"CodeSystem-openimis-identifiers-cs.html#openimis-identifiers-cs-Code\">Code</a></td><td>Unique code</td><td>An identifier issued by the implementer to identify an openIMIS entity</td></tr></table></li></ul></div>"
  },
  "url": "https://openimis.github.io/openimis_fhir_r4_ig/ValueSet/openimis-identifiers-vs",
  "version": "0.1.0",
  "name": "OpenIMISIdentifierVS",
  "title": "openIMIS Identifiers Value Set",
  "status": "active",
  "date": "2021-07-16T09:11:54+00:00",
  "publisher": "Swiss TPH - SCIH - openIMIS Group",
  "contact": [
    {
      "name": "Swiss TPH - SCIH - openIMIS Group",
      "telecom": [
        {
          "system": "url",
          "value": "https://www.swisstph.ch/en/"
        },
        {
          "system": "email",
          "value": "dragos.dobre@swisstph.ch"
        }
      ]
    }
  ],
  "description": "Indicates the Identifier type",
  "compose": {
    "include": [
      {
        "system": "https://openimis.github.io/openimis_fhir_r4_ig/CodeSystem/openimis-identifiers-cs",
        "concept": [
          {
            "code": "UUID"
          },
          {
            "code": "DBID"
          },
          {
            "code": "Code"
          }
        ]
      }
    ]
  }
}