{
  "resourceType": "ValueSet",
  "id": "contract-scope",
  "text": {
    "status": "generated",
    "div": "<div xmlns=\"http://www.w3.org/1999/xhtml\"><ul><li>Include all codes defined in <a href=\"CodeSystem-contract-scope.html\"><code>https://openimis.github.io/openimis_fhir_r4_ig/CodeSystem/contract-scope</code></a></li></ul></div>"
  },
  "url": "https://openimis.github.io/openimis_fhir_r4_ig/ValueSet/contract-scope",
  "version": "0.1.0",
  "name": "ContractScopeVS",
  "title": "Scope (Contract)",
  "status": "active",
  "date": "2021-10-13T13:46:56+00:00",
  "publisher": "Swiss TPH",
  "contact": [
    {
      "name": "Swiss TPH",
      "telecom": [
        {
          "system": "url",
          "value": "https://www.swisstph.ch/en/"
        }
      ]
    },
    {
      "name": "Dragos Dobre",
      "telecom": [
        {
          "system": "email",
          "value": "dragos.dobre@swisstph.ch",
          "use": "work"
        }
      ]
    }
  ],
  "description": "Indicates the scope for the Contract. Values defined by openIMIS. Cannot be extended.",
  "compose": {
    "include": [
      {
        "system": "https://openimis.github.io/openimis_fhir_r4_ig/CodeSystem/contract-scope"
      }
    ]
  }
}