{"resourceType":"CodeSystem","id":"usage-context-age-type","text":{"status":"generated","div":"<div xmlns=\"http://www.w3.org/1999/xhtml\"><p>This code system https://openimis.github.io/openimis_fhir_r4_ig/CodeSystem/usage-context-age-type defines the following codes:</p><table class=\"codes\"><tr><td style=\"white-space:nowrap\"><b>Code</b></td><td><b>Display</b></td></tr><tr><td style=\"white-space:nowrap\">adult<a name=\"usage-context-age-type-adult\"> </a></td><td>Adult</td></tr><tr><td style=\"white-space:nowrap\">child<a name=\"usage-context-age-type-child\"> </a></td><td>Child</td></tr></table></div>"},"url":"https://openimis.github.io/openimis_fhir_r4_ig/CodeSystem/usage-context-age-type","version":"0.1.0","name":"UsageContextAgeTypeCS","title":"Usage Context for Age Type (ActivityDefinition|Medication)","status":"active","date":"2022-05-12T07:23:31+00:00","publisher":"openIMIS Initiative","contact":[{"name":"openIMIS Initiative","telecom":[{"system":"url","value":"https://www.openimis.org"}]},{"name":"Dragos Dobre","telecom":[{"system":"email","value":"dragos.dobre@swisstph.ch","use":"work"}]}],"description":"Indicates the Usage Context for Gender Type for an ActivityDefinition or Medication. Values defined by openIMIS. Can not be extended.","content":"complete","count":2,"concept":[{"code":"adult","display":"Adult"},{"code":"child","display":"Child"}]}