{"resourceType":"CodeSystem","id":"contract-premium-payer","text":{"status":"generated","div":"<div xmlns=\"http://www.w3.org/1999/xhtml\"><p>This code system https://openimis.github.io/openimis_fhir_r4_ig/CodeSystem/contract-premium-payer defines the following codes:</p><table class=\"codes\"><tr><td style=\"white-space:nowrap\"><b>Code</b></td><td><b>Display</b></td></tr><tr><td style=\"white-space:nowrap\">beneficiary<a name=\"contract-premium-payer-beneficiary\"> </a></td><td>Beneficiary</td></tr></table></div>"},"url":"https://openimis.github.io/openimis_fhir_r4_ig/CodeSystem/contract-premium-payer","version":"0.1.0","name":"ContractPremiumPayerCS","title":"Premium Payer (Contract)","status":"active","date":"2021-09-22T12:13:26+00:00","publisher":"Swiss TPH","contact":[{"name":"Swiss TPH","telecom":[{"system":"url","value":"https://www.swisstph.ch/en/"}]},{"name":"Dragos Dobre","telecom":[{"system":"email","value":"dragos.dobre@swisstph.ch","use":"work"}]}],"description":"Indicates the payer of the premium for the Contract. Can be extended in openIMIS. Need to match openIMIS database payer list.","content":"complete","count":1,"concept":[{"code":"beneficiary","display":"Beneficiary"}]}