{"resourceType":"CodeSystem","id":"medication-item-type","text":{"status":"generated","div":"<div xmlns=\"http://www.w3.org/1999/xhtml\"><p>This code system https://openimis.github.io/openimis_fhir_r4_ig/CodeSystem/medication-item-type defines the following codes:</p><table class=\"codes\"><tr><td style=\"white-space:nowrap\"><b>Code</b></td><td><b>Display</b></td></tr><tr><td style=\"white-space:nowrap\">D<a name=\"medication-item-type-D\"> </a></td><td>Drug</td></tr><tr><td style=\"white-space:nowrap\">M<a name=\"medication-item-type-M\"> </a></td><td>Medical consumable</td></tr></table></div>"},"url":"https://openimis.github.io/openimis_fhir_r4_ig/CodeSystem/medication-item-type","version":"0.1.0","name":"MedicationItemTypeCS","title":"Item Type (Medication)","status":"active","date":"2021-07-27T11:22:47+00:00","publisher":"Swiss TPH","contact":[{"name":"Swiss TPH","telecom":[{"system":"url","value":"https://www.swisstph.ch/en/"}]},{"name":"Dragos Dobre","telecom":[{"system":"email","value":"dragos.dobre@swisstph.ch","use":"work"}]}],"description":"Indicates the Medical Item Type for an Medication. Values defined by openIMIS. Can not be extended.","content":"complete","count":2,"concept":[{"code":"D","display":"Drug"},{"code":"M","display":"Medical consumable"}]}