{"resourceType":"CodeSystem","id":"activity-definition-usage-context-workflow-type","text":{"status":"generated","div":"<div xmlns=\"http://www.w3.org/1999/xhtml\"><p>This code system https://openimis.github.io/openimis_fhir_r4_ig/CodeSystem/activity-definition-usage-context-workflow-type defines the following codes:</p><table class=\"codes\"><tr><td style=\"white-space:nowrap\"><b>Code</b></td><td><b>Display</b></td></tr><tr><td style=\"white-space:nowrap\">S<a name=\"activity-definition-usage-context-workflow-type-S\"> </a></td><td>Surgery</td></tr><tr><td style=\"white-space:nowrap\">C<a name=\"activity-definition-usage-context-workflow-type-C\"> </a></td><td>Consultations</td></tr><tr><td style=\"white-space:nowrap\">D<a name=\"activity-definition-usage-context-workflow-type-D\"> </a></td><td>Delivery</td></tr><tr><td style=\"white-space:nowrap\">A<a name=\"activity-definition-usage-context-workflow-type-A\"> </a></td><td>Antenatal</td></tr><tr><td style=\"white-space:nowrap\">O<a name=\"activity-definition-usage-context-workflow-type-O\"> </a></td><td>Other</td></tr></table></div>"},"url":"https://openimis.github.io/openimis_fhir_r4_ig/CodeSystem/activity-definition-usage-context-workflow-type","version":"0.1.0","name":"ActivityDefinitionUsageContextWorkflowTypeCS","title":"Usage Context for Workflow Type (ActivityDefinition)","status":"active","date":"2022-05-11T15:46:18+00:00","publisher":"openIMIS Initiative","contact":[{"name":"openIMIS Initiative","telecom":[{"system":"url","value":"https://www.openimis.org"}]},{"name":"Dragos Dobre","telecom":[{"system":"email","value":"dragos.dobre@swisstph.ch","use":"work"}]}],"description":"Indicates the Usage Context for Workflow Type for an ActivityDefinition. Values defined by openIMIS. Can not be extended.","content":"complete","count":5,"concept":[{"code":"S","display":"Surgery"},{"code":"C","display":"Consultations"},{"code":"D","display":"Delivery"},{"code":"A","display":"Antenatal"},{"code":"O","display":"Other"}]}