{"resourceType":"CodeSystem","id":"activity-definition-service-type","text":{"status":"generated","div":"<div xmlns=\"http://www.w3.org/1999/xhtml\"><p>This code system https://openimis.github.io/openimis_fhir_r4_ig/CodeSystem/activity-definition-service-type defines the following codes:</p><table class=\"codes\"><tr><td style=\"white-space:nowrap\"><b>Code</b></td><td><b>Display</b></td></tr><tr><td style=\"white-space:nowrap\">C<a name=\"activity-definition-service-type-C\"> </a></td><td>Curative</td></tr><tr><td style=\"white-space:nowrap\">P<a name=\"activity-definition-service-type-P\"> </a></td><td>Preventive</td></tr></table></div>"},"url":"https://openimis.github.io/openimis_fhir_r4_ig/CodeSystem/activity-definition-service-type","version":"0.1.0","name":"ActivityDefinitionServiceTypeCS","title":"Service Type (ActivityDefinition)","status":"active","date":"2021-10-14T17:10:41+00:00","publisher":"Swiss TPH","contact":[{"name":"Swiss TPH","telecom":[{"system":"url","value":"https://www.swisstph.ch/en/"}]},{"name":"Dragos Dobre","telecom":[{"system":"email","value":"dragos.dobre@swisstph.ch","use":"work"}]}],"description":"Indicates the Service Type for an ActivityDefinition. Values defined by openIMIS. Can not be extended.","content":"complete","count":2,"concept":[{"code":"C","display":"Curative"},{"code":"P","display":"Preventive"}]}