{"resourceType":"ImplementationGuide","id":"openimis.fhir.r4","text":{"status":"extensions","div":"<div xmlns=\"http://www.w3.org/1999/xhtml\"><h2>openIMISFHIRR4</h2><p>The official URL for this implementation guide is: </p><pre>https://openimis.github.io/openimis_fhir_r4_ig/ImplementationGuide/openimis.fhir.r4</pre><div><p>This IG is about the mapping and usage of FHIR R4 to integrate openIMIS with other external systems.</p>\n</div></div>"},"url":"https://openimis.github.io/openimis_fhir_r4_ig/ImplementationGuide/openimis.fhir.r4","version":"0.1.0","name":"openIMISFHIRR4","title":"openIMIS FHIR R4 Implementation Guide","status":"draft","date":"2021-09-14T14:32:44+00:00","publisher":"Swiss TPH","contact":[{"name":"Swiss TPH","telecom":[{"system":"url","value":"https://www.swisstph.ch/en/"}]},{"name":"Dragos Dobre","telecom":[{"system":"email","value":"dragos.dobre@swisstph.ch","use":"work"}]}],"description":"This IG is about the mapping and usage of FHIR R4 to integrate openIMIS with other external systems.","packageId":"openimis.fhir.r4","license":"CC0-1.0","fhirVersion":["4.0.1"],"definition":{"extension":[{"extension":[{"url":"code","valueString":"copyrightyear"},{"url":"value","valueString":"2021+"}],"url":"http://hl7.org/fhir/tools/StructureDefinition/ig-parameter"},{"extension":[{"url":"code","valueString":"releaselabel"},{"url":"value","valueString":"ci-build"}],"url":"http://hl7.org/fhir/tools/StructureDefinition/ig-parameter"},{"extension":[{"url":"code","valueString":"path-liquid"},{"url":"value","valueString":"template/liquid"}],"url":"http://hl7.org/fhir/tools/StructureDefinition/ig-parameter"},{"extension":[{"url":"code","valueString":"path-liquid"},{"url":"value","valueString":"input/liquid"}],"url":"http://hl7.org/fhir/tools/StructureDefinition/ig-parameter"},{"extension":[{"url":"code","valueString":"path-qa"},{"url":"value","valueString":"temp/qa"}],"url":"http://hl7.org/fhir/tools/StructureDefinition/ig-parameter"},{"extension":[{"url":"code","valueString":"path-temp"},{"url":"value","valueString":"temp/pages"}],"url":"http://hl7.org/fhir/tools/StructureDefinition/ig-parameter"},{"extension":[{"url":"code","valueString":"path-output"},{"url":"value","valueString":"output"}],"url":"http://hl7.org/fhir/tools/StructureDefinition/ig-parameter"},{"extension":[{"url":"code","valueString":"path-suppressed-warnings"},{"url":"value","valueString":"input/ignoreWarnings.txt"}],"url":"http://hl7.org/fhir/tools/StructureDefinition/ig-parameter"},{"extension":[{"url":"code","valueString":"path-history"},{"url":"value","valueString":"https://openimis.github.io/openimis_fhir_r4_ig/history.html"}],"url":"http://hl7.org/fhir/tools/StructureDefinition/ig-parameter"},{"extension":[{"url":"code","valueString":"template-html"},{"url":"value","valueString":"template-page.html"}],"url":"http://hl7.org/fhir/tools/StructureDefinition/ig-parameter"},{"extension":[{"url":"code","valueString":"template-md"},{"url":"value","valueString":"template-page-md.html"}],"url":"http://hl7.org/fhir/tools/StructureDefinition/ig-parameter"},{"extension":[{"url":"code","valueString":"apply-contact"},{"url":"value","valueString":"true"}],"url":"http://hl7.org/fhir/tools/StructureDefinition/ig-parameter"},{"extension":[{"url":"code","valueString":"apply-context"},{"url":"value","valueString":"true"}],"url":"http://hl7.org/fhir/tools/StructureDefinition/ig-parameter"},{"extension":[{"url":"code","valueString":"apply-copyright"},{"url":"value","valueString":"true"}],"url":"http://hl7.org/fhir/tools/StructureDefinition/ig-parameter"},{"extension":[{"url":"code","valueString":"apply-jurisdiction"},{"url":"value","valueString":"true"}],"url":"http://hl7.org/fhir/tools/StructureDefinition/ig-parameter"},{"extension":[{"url":"code","valueString":"apply-license"},{"url":"value","valueString":"true"}],"url":"http://hl7.org/fhir/tools/StructureDefinition/ig-parameter"},{"extension":[{"url":"code","valueString":"apply-publisher"},{"url":"value","valueString":"true"}],"url":"http://hl7.org/fhir/tools/StructureDefinition/ig-parameter"},{"extension":[{"url":"code","valueString":"apply-version"},{"url":"value","valueString":"true"}],"url":"http://hl7.org/fhir/tools/StructureDefinition/ig-parameter"},{"extension":[{"url":"code","valueString":"active-tables"},{"url":"value","valueString":"true"}],"url":"http://hl7.org/fhir/tools/StructureDefinition/ig-parameter"}],"grouping":[{"id":"-dyn-capabilitystatement","name":"Behavior: Capability Statements","description":"The following artifacts define the specific capabilities that different types of systems are expected to have in order to comply with this implementation guide.  Systems conforming to this implementation guide are expected to declare conformance to one or more of the following capability statements."},{"id":"-str-profile","name":"Structures: Resource Profiles","description":"These define constraints on FHIR resources for systems conforming to this implementation guide"},{"id":"-str-extension","name":"Structures: Extension Definitions","description":"These define constraints on FHIR data types for systems conforming to this implementation guide"},{"id":"-term-valueset","name":"Terminology: Value Sets","description":"These define sets of codes used by systems conforming to this implementation guide"},{"id":"-term-codesystem","name":"Terminology: Code Systems","description":"These define new code systems used by systems conforming to this implementation guide"},{"id":"-ex-example","name":"Example: Example Instances","description":"These are example instances that show what data produced and consumed by systems conforming with this implementation guide might look like"}],"resource":[{"extension":[{"url":"http://hl7.org/fhir/StructureDefinition/implementationguide-page","valueUri":"StructureDefinition-openimis-activitiy-definition.html"}],"reference":{"reference":"StructureDefinition/openimis-activitiy-definition"},"name":"openIMIS ActivityDefinition","description":"Defines a ActivityDefinition for openIMIS which maps to a Medical Service.","exampleBoolean":false,"groupingId":"-str-profile"},{"extension":[{"url":"http://hl7.org/fhir/StructureDefinition/implementationguide-page","valueUri":"StructureDefinition-openimis-claim.html"}],"reference":{"reference":"StructureDefinition/openimis-claim"},"name":"openIMIS Claim","description":"Defines a Claim for openIMIS which maps to a Claim.","exampleBoolean":false,"groupingId":"-str-profile"},{"extension":[{"url":"http://hl7.org/fhir/StructureDefinition/implementationguide-page","valueUri":"StructureDefinition-openimis-claim-administrator-practitioner.html"}],"reference":{"reference":"StructureDefinition/openimis-claim-administrator-practitioner"},"name":"openIMIS Claim Administrator Practitioner","description":"Defines a Practitioner for openIMIS which maps to a Claim Administrator.","exampleBoolean":false,"groupingId":"-str-profile"},{"extension":[{"url":"http://hl7.org/fhir/StructureDefinition/implementationguide-page","valueUri":"StructureDefinition-openimis-claim-administrator-practitioner-role.html"}],"reference":{"reference":"StructureDefinition/openimis-claim-administrator-practitioner-role"},"name":"openIMIS Claim Administrator Practitioner Role","description":"Defines a Claim Administrator Practitioner Role for openIMIS.","exampleBoolean":false,"groupingId":"-str-profile"},{"extension":[{"url":"http://hl7.org/fhir/StructureDefinition/implementationguide-page","valueUri":"StructureDefinition-openimis-claim-response.html"}],"reference":{"reference":"StructureDefinition/openimis-claim-response"},"name":"openIMIS Claim Response","description":"Defines a ClaimResponse for openIMIS which maps to a Claim.","exampleBoolean":false,"groupingId":"-str-profile"},{"extension":[{"url":"http://hl7.org/fhir/StructureDefinition/implementationguide-page","valueUri":"StructureDefinition-openimis-contract.html"}],"reference":{"reference":"StructureDefinition/openimis-contract"},"name":"openIMIS Contract","description":"Defines a Contract for openIMIS use to enrol a Family/Group. Mapped mostly to Policy and will link Group/Family and Patient/Insurees. ","exampleBoolean":false,"groupingId":"-str-profile"},{"extension":[{"url":"http://hl7.org/fhir/StructureDefinition/implementationguide-page","valueUri":"StructureDefinition-openimis-coverage.html"}],"reference":{"reference":"StructureDefinition/openimis-coverage"},"name":"openIMIS Coverage","description":"Defines a Coverage for openIMIS which maps to a Policy.","exampleBoolean":false,"groupingId":"-str-profile"},{"extension":[{"url":"http://hl7.org/fhir/StructureDefinition/implementationguide-page","valueUri":"StructureDefinition-openimis-enrolment-officer-practitioner.html"}],"reference":{"reference":"StructureDefinition/openimis-enrolment-officer-practitioner"},"name":"openIMIS Enrolment Officer Practitioner","description":"Defines a Practitioner for openIMIS which maps to an Enrolment Officer.","exampleBoolean":false,"groupingId":"-str-profile"},{"extension":[{"url":"http://hl7.org/fhir/StructureDefinition/implementationguide-page","valueUri":"StructureDefinition-openimis-enrolment-officer-practitioner-role.html"}],"reference":{"reference":"StructureDefinition/openimis-enrolment-officer-practitioner-role"},"name":"openIMIS Enrolment Officer Practitioner Role","description":"Defines a Enrolment Officer Practitioner Role for openIMIS.","exampleBoolean":false,"groupingId":"-str-profile"},{"extension":[{"url":"http://hl7.org/fhir/StructureDefinition/implementationguide-page","valueUri":"StructureDefinition-openimis-group.html"}],"reference":{"reference":"StructureDefinition/openimis-group"},"name":"openIMIS Group","description":"Defines a Group for openIMIS which maps to an Family","exampleBoolean":false,"groupingId":"-str-profile"},{"extension":[{"url":"http://hl7.org/fhir/StructureDefinition/implementationguide-page","valueUri":"StructureDefinition-openimis-health-facility-organization.html"}],"reference":{"reference":"StructureDefinition/openimis-health-facility-organization"},"name":"openIMIS Health Facility Organization","description":"Defines an Organization for openIMIS which maps to a Health Facility","exampleBoolean":false,"groupingId":"-str-profile"},{"extension":[{"url":"http://hl7.org/fhir/StructureDefinition/implementationguide-page","valueUri":"StructureDefinition-openimis-insurance-plan.html"}],"reference":{"reference":"StructureDefinition/openimis-insurance-plan"},"name":"openIMIS Insurance Plan","description":"Defines an Insurance Plan for openIMIS which maps to a Product.","exampleBoolean":false,"groupingId":"-str-profile"},{"extension":[{"url":"http://hl7.org/fhir/StructureDefinition/implementationguide-page","valueUri":"StructureDefinition-openimis-location.html"}],"reference":{"reference":"StructureDefinition/openimis-location"},"name":"openIMIS Location","description":"Defines a Location for openIMIS which maps to a Location","exampleBoolean":false,"groupingId":"-str-profile"},{"extension":[{"url":"http://hl7.org/fhir/StructureDefinition/implementationguide-page","valueUri":"StructureDefinition-openimis-medication.html"}],"reference":{"reference":"StructureDefinition/openimis-medication"},"name":"openIMIS Medication","description":"Defines a Medication for openIMIS which maps to a Medical Item.","exampleBoolean":false,"groupingId":"-str-profile"},{"extension":[{"url":"http://hl7.org/fhir/StructureDefinition/implementationguide-page","valueUri":"StructureDefinition-openimis-patient.html"}],"reference":{"reference":"StructureDefinition/openimis-patient"},"name":"openIMIS Patient","description":"Defines a Patient for openIMIS which maps to an Insuree","exampleBoolean":false,"groupingId":"-str-profile"},{"extension":[{"url":"http://hl7.org/fhir/StructureDefinition/implementationguide-page","valueUri":"StructureDefinition-openimis-policy-holder-organization.html"}],"reference":{"reference":"StructureDefinition/openimis-policy-holder-organization"},"name":"openIMIS Policy Holder Organization","description":"Defines an Organization for openIMIS which maps to a Policy Holder under Formal Sector scheme.","exampleBoolean":false,"groupingId":"-str-profile"},{"extension":[{"url":"http://hl7.org/fhir/StructureDefinition/implementationguide-page","valueUri":"StructureDefinition-address-location-reference.html"}],"reference":{"reference":"StructureDefinition/address-location-reference"},"name":"Location Reference (Address)","description":"The reference to address' location for City/Village level.","exampleBoolean":false,"groupingId":"-str-extension"},{"extension":[{"url":"http://hl7.org/fhir/StructureDefinition/implementationguide-page","valueUri":"StructureDefinition-address-municipality.html"}],"reference":{"reference":"StructureDefinition/address-municipality"},"name":"Municipality (Address)","description":"The location level between District and City/Village.","exampleBoolean":false,"groupingId":"-str-extension"},{"extension":[{"url":"http://hl7.org/fhir/StructureDefinition/implementationguide-page","valueUri":"StructureDefinition-contract-premium.html"}],"reference":{"reference":"StructureDefinition/contract-premium"},"name":"Premium (Contract)","description":"Indicates a premium for a Contract. This is a complex extension. ","exampleBoolean":false,"groupingId":"-str-extension"},{"extension":[{"url":"http://hl7.org/fhir/StructureDefinition/implementationguide-page","valueUri":"StructureDefinition-group-address.html"}],"reference":{"reference":"StructureDefinition/group-address"},"name":"Poverty Status (Group)","description":"Whether the Group has the poverty status.","exampleBoolean":false,"groupingId":"-str-extension"},{"extension":[{"url":"http://hl7.org/fhir/StructureDefinition/implementationguide-page","valueUri":"StructureDefinition-group-confirmation.html"}],"reference":{"reference":"StructureDefinition/group-confirmation"},"name":"Confirmation (Group)","description":"Indicates the confirmation for the Group.","exampleBoolean":false,"groupingId":"-str-extension"},{"extension":[{"url":"http://hl7.org/fhir/StructureDefinition/implementationguide-page","valueUri":"StructureDefinition-group-poverty-status.html"}],"reference":{"reference":"StructureDefinition/group-poverty-status"},"name":"Poverty Status (Group)","description":"Whether the Group has the poverty status.","exampleBoolean":false,"groupingId":"-str-extension"},{"extension":[{"url":"http://hl7.org/fhir/StructureDefinition/implementationguide-page","valueUri":"StructureDefinition-group-type.html"}],"reference":{"reference":"StructureDefinition/group-type"},"name":"Group Type (Group)","description":"Indicates the type of the Group. Values defined by openIMIS. Can be extended.","exampleBoolean":false,"groupingId":"-str-extension"},{"extension":[{"url":"http://hl7.org/fhir/StructureDefinition/implementationguide-page","valueUri":"StructureDefinition-insurance-plan-conversion.html"}],"reference":{"reference":"StructureDefinition/insurance-plan-conversion"},"name":"Conversion Product (InsurancePlan)","description":"Reference to the product which replaces the current product in case of renewal after the period end.","exampleBoolean":false,"groupingId":"-str-extension"},{"extension":[{"url":"http://hl7.org/fhir/StructureDefinition/implementationguide-page","valueUri":"StructureDefinition-insurance-plan-discount.html"}],"reference":{"reference":"StructureDefinition/insurance-plan-discount"},"name":"Discount (InsurancePlan)","description":"Defines the discount to be applied for enrolment and renewal in InsurancePlan.","exampleBoolean":false,"groupingId":"-str-extension"},{"extension":[{"url":"http://hl7.org/fhir/StructureDefinition/implementationguide-page","valueUri":"StructureDefinition-insurance-plan-max-installments.html"}],"reference":{"reference":"StructureDefinition/insurance-plan-max-installments"},"name":"Max Installments (InsurancePlan)","description":"Maximal number of instalments in which contributions for a policy may be paid.","exampleBoolean":false,"groupingId":"-str-extension"},{"extension":[{"url":"http://hl7.org/fhir/StructureDefinition/implementationguide-page","valueUri":"StructureDefinition-insurance-plan-period.html"}],"reference":{"reference":"StructureDefinition/insurance-plan-period"},"name":"Period (InsurancePlan)","description":"Defines the number of months a certain period is valid in InsurancePlan.","exampleBoolean":false,"groupingId":"-str-extension"},{"extension":[{"url":"http://hl7.org/fhir/StructureDefinition/implementationguide-page","valueUri":"StructureDefinition-insurance-plan-start-cycle.html"}],"reference":{"reference":"StructureDefinition/insurance-plan-start-cycle"},"name":"Cycle Start (InsurancePlan)","description":"Defines the starting date for a new cycle in InsurancePlan.","exampleBoolean":false,"groupingId":"-str-extension"},{"extension":[{"url":"http://hl7.org/fhir/StructureDefinition/implementationguide-page","valueUri":"StructureDefinition-medication-frequency.html"}],"reference":{"reference":"StructureDefinition/medication-frequency"},"name":"Frequency (Medication)","description":"The frequency a Medication can be prescribed.","exampleBoolean":false,"groupingId":"-str-extension"},{"extension":[{"url":"http://hl7.org/fhir/StructureDefinition/implementationguide-page","valueUri":"StructureDefinition-medication-type.html"}],"reference":{"reference":"StructureDefinition/medication-type"},"name":"Medication Type (Medication)","description":"Indicates the Item type for the Medication.","exampleBoolean":false,"groupingId":"-str-extension"},{"extension":[{"url":"http://hl7.org/fhir/StructureDefinition/implementationguide-page","valueUri":"StructureDefinition-medication-usage-context.html"}],"reference":{"reference":"StructureDefinition/medication-usage-context"},"name":"UsageContext (Medication)","description":"The Context a Medication can be prescribed.","exampleBoolean":false,"groupingId":"-str-extension"},{"extension":[{"url":"http://hl7.org/fhir/StructureDefinition/implementationguide-page","valueUri":"StructureDefinition-organization-hf-level.html"}],"reference":{"reference":"StructureDefinition/organization-hf-level"},"name":"Health Facility Level (Organization)","description":"Indicates the level of the Health Facility (Organization).","exampleBoolean":false,"groupingId":"-str-extension"},{"extension":[{"url":"http://hl7.org/fhir/StructureDefinition/implementationguide-page","valueUri":"StructureDefinition-organization-legal-form.html"}],"reference":{"reference":"StructureDefinition/organization-legal-form"},"name":"Legal Forms (Organization)","description":"Indicates the legal forms of the Organization. ","exampleBoolean":false,"groupingId":"-str-extension"},{"extension":[{"url":"http://hl7.org/fhir/StructureDefinition/implementationguide-page","valueUri":"StructureDefinition-patient-card-issued.html"}],"reference":{"reference":"StructureDefinition/patient-card-issued"},"name":"Card Issued (Patient)","description":"Whether a card was issued to the Patient/Insuree during enrolment.","exampleBoolean":false,"groupingId":"-str-extension"},{"extension":[{"url":"http://hl7.org/fhir/StructureDefinition/implementationguide-page","valueUri":"StructureDefinition-patient-education-level.html"}],"reference":{"reference":"StructureDefinition/patient-education-level"},"name":"Education Level (Patient)","description":"Specifies the Patient/Insuree's education level","exampleBoolean":false,"groupingId":"-str-extension"},{"extension":[{"url":"http://hl7.org/fhir/StructureDefinition/implementationguide-page","valueUri":"StructureDefinition-patient-group-reference.html"}],"reference":{"reference":"StructureDefinition/patient-group-reference"},"name":"Group Reference (Patient)","description":"The reference to the Group/Family the Patient/Insuree is part of.","exampleBoolean":false,"groupingId":"-str-extension"},{"extension":[{"url":"http://hl7.org/fhir/StructureDefinition/implementationguide-page","valueUri":"StructureDefinition-patient-identification.html"}],"reference":{"reference":"StructureDefinition/patient-identification"},"name":"Identification (Patient)","description":"Specifies the Patient/Insuree official identification and the type of identification document.","exampleBoolean":false,"groupingId":"-str-extension"},{"extension":[{"url":"http://hl7.org/fhir/StructureDefinition/implementationguide-page","valueUri":"StructureDefinition-patient-is-head.html"}],"reference":{"reference":"StructureDefinition/patient-is-head"},"name":"IsHead (Patient)","description":"Whether the Patient/Insuree is the Head of the Family.","exampleBoolean":false,"groupingId":"-str-extension"},{"extension":[{"url":"http://hl7.org/fhir/StructureDefinition/implementationguide-page","valueUri":"StructureDefinition-patient-profession.html"}],"reference":{"reference":"StructureDefinition/patient-profession"},"name":"Profession (Patient)","description":"Specifies the Patient/Insuree's profession","exampleBoolean":false,"groupingId":"-str-extension"},{"extension":[{"url":"http://hl7.org/fhir/StructureDefinition/implementationguide-page","valueUri":"StructureDefinition-patient-vulnerability-status.html"}],"reference":{"reference":"StructureDefinition/patient-vulnerability-status"},"name":"Vulnerability Status (Patient)","description":"Whether the Patient/Insuree has the vulnerability status.","exampleBoolean":false,"groupingId":"-str-extension"},{"extension":[{"url":"http://hl7.org/fhir/StructureDefinition/implementationguide-page","valueUri":"StructureDefinition-practitioner-role-substitution-reference.html"}],"reference":{"reference":"StructureDefinition/practitioner-role-substitution-reference"},"name":"Substitution Reference (PractitionerRole)","description":"The reference to the Enrolment Officer that will substitute the current one after the period end.","exampleBoolean":false,"groupingId":"-str-extension"},{"extension":[{"url":"http://hl7.org/fhir/StructureDefinition/implementationguide-page","valueUri":"StructureDefinition-unit-price.html"}],"reference":{"reference":"StructureDefinition/unit-price"},"name":"Unit Price (Medication|ActivityDefinition)","description":"The unit price for a Medication or ActivityDefinition.","exampleBoolean":false,"groupingId":"-str-extension"},{"extension":[{"url":"http://hl7.org/fhir/StructureDefinition/implementationguide-page","valueUri":"ValueSet-activity-definition-service-type.html"}],"reference":{"reference":"ValueSet/activity-definition-service-type"},"name":"Service Type (ActivityDefinition)","description":"Indicates the Service Type for an ActivityDefinition. Values defined by openIMIS. Can not be extended.","exampleBoolean":false,"groupingId":"-term-valueset"},{"extension":[{"url":"http://hl7.org/fhir/StructureDefinition/implementationguide-page","valueUri":"ValueSet-activity-definition-usage-context-type.html"}],"reference":{"reference":"ValueSet/activity-definition-usage-context-type"},"name":"Usage Context Type (ActivityDefinition)","description":"Indicates the Usage Context Type for an ActivityDefinition.","exampleBoolean":false,"groupingId":"-term-valueset"},{"extension":[{"url":"http://hl7.org/fhir/StructureDefinition/implementationguide-page","valueUri":"ValueSet-activity-definition-usage-context-venue-type.html"}],"reference":{"reference":"ValueSet/activity-definition-usage-context-venue-type"},"name":"Usage Context for Venue Type (ActivityDefinition)","description":"Indicates the Usage Context for Venue Type for an ActivityDefinition.","exampleBoolean":false,"groupingId":"-term-valueset"},{"extension":[{"url":"http://hl7.org/fhir/StructureDefinition/implementationguide-page","valueUri":"ValueSet-activity-definition-usage-context-workflow-type.html"}],"reference":{"reference":"ValueSet/activity-definition-usage-context-workflow-type"},"name":"Usage Context for Workflow Type (ActivityDefinition)","description":"Indicates the Usage Context for Workflow Type for an ActivityDefinition. Values defined by openIMIS. Can not be extended.","exampleBoolean":false,"groupingId":"-term-valueset"},{"extension":[{"url":"http://hl7.org/fhir/StructureDefinition/implementationguide-page","valueUri":"ValueSet-claim-item-category.html"}],"reference":{"reference":"ValueSet/claim-item-category"},"name":"Category of the item (Claim)","description":"Indicates the category for the item under a Claim. Values defined by openIMIS. Can not be extended.","exampleBoolean":false,"groupingId":"-term-valueset"},{"extension":[{"url":"http://hl7.org/fhir/StructureDefinition/implementationguide-page","valueUri":"ValueSet-claim-supporting-info-category.html"}],"reference":{"reference":"ValueSet/claim-supporting-info-category"},"name":"Category of the supporting info (Claim)","description":"Indicates the category for the supportiong info under a Claim. Values defined by openIMIS. Can not be extended.","exampleBoolean":false,"groupingId":"-term-valueset"},{"extension":[{"url":"http://hl7.org/fhir/StructureDefinition/implementationguide-page","valueUri":"ValueSet-claim-visit-type-codes.html"}],"reference":{"reference":"ValueSet/claim-visit-type-codes"},"name":"Visit Type Codes (Claim)","description":"Indicates the visit type of the Claim. \nCan be 'institutional' for inpatient claims or 'professional' for outpatient claims. \nValues limited by openIMIS.","exampleBoolean":false,"groupingId":"-term-valueset"},{"extension":[{"url":"http://hl7.org/fhir/StructureDefinition/implementationguide-page","valueUri":"ValueSet-contract-premium-category.html"}],"reference":{"reference":"ValueSet/contract-premium-category"},"name":"Premium Category (Contract)","description":"Indicates the category of the premium for the Contract. Cannot be extended.","exampleBoolean":false,"groupingId":"-term-valueset"},{"extension":[{"url":"http://hl7.org/fhir/StructureDefinition/implementationguide-page","valueUri":"ValueSet-contract-premium-payer.html"}],"reference":{"reference":"ValueSet/contract-premium-payer"},"name":"Premium Payer (Contract)","description":"Indicates the payer of the premium for the Contract. Can be extended in openIMIS. Need to match openIMIS database payer list.","exampleBoolean":false,"groupingId":"-term-valueset"},{"extension":[{"url":"http://hl7.org/fhir/StructureDefinition/implementationguide-page","valueUri":"ValueSet-contract-premium-type.html"}],"reference":{"reference":"ValueSet/contract-premium-type"},"name":"Premium Type (Contract)","description":"Indicates the type of the premium for the Contract. Cannot be extended.","exampleBoolean":false,"groupingId":"-term-valueset"},{"extension":[{"url":"http://hl7.org/fhir/StructureDefinition/implementationguide-page","valueUri":"ValueSet-contract-resource-party-role.html"}],"reference":{"reference":"ValueSet/contract-resource-party-role"},"name":"Resource Party Role (Contract)","description":"Indicates the participant engagement type for the Contract term.","exampleBoolean":false,"groupingId":"-term-valueset"},{"extension":[{"url":"http://hl7.org/fhir/StructureDefinition/implementationguide-page","valueUri":"ValueSet-contract-scope.html"}],"reference":{"reference":"ValueSet/contract-scope"},"name":"Scope (Contract)","description":"Indicates the scope for the Contract. Values defined by openIMIS. Cannot be extended.","exampleBoolean":false,"groupingId":"-term-valueset"},{"extension":[{"url":"http://hl7.org/fhir/StructureDefinition/implementationguide-page","valueUri":"ValueSet-contract-status-codes.html"}],"reference":{"reference":"ValueSet/contract-status-codes"},"name":"Status Codes (Contract)","description":"Indicates the status of the Contract. Values limited by openIMIS.","exampleBoolean":false,"groupingId":"-term-valueset"},{"extension":[{"url":"http://hl7.org/fhir/StructureDefinition/implementationguide-page","valueUri":"ValueSet-diagnosis-ICD10-level1.html"}],"reference":{"reference":"ValueSet/diagnosis-ICD10-level1"},"name":"ICD 10 Level 1 diagnosis","description":"Example of diagnosis to be used with Claim resource. The actual list is configured in openIMIS.","exampleBoolean":false,"groupingId":"-term-valueset"},{"extension":[{"url":"http://hl7.org/fhir/StructureDefinition/implementationguide-page","valueUri":"ValueSet-group-confirmation-type.html"}],"reference":{"reference":"ValueSet/group-confirmation-type"},"name":"Confirmation Types (Group)","description":"Indicates the confirmation type for the Group. Values defined by openIMIS. Can be extended.","exampleBoolean":false,"groupingId":"-term-valueset"},{"extension":[{"url":"http://hl7.org/fhir/StructureDefinition/implementationguide-page","valueUri":"ValueSet-group-types.html"}],"reference":{"reference":"ValueSet/group-types"},"name":"Group Types (Group)","description":"Indicates the type of the Group. Values defined by openIMIS. Can be extended.","exampleBoolean":false,"groupingId":"-term-valueset"},{"extension":[{"url":"http://hl7.org/fhir/StructureDefinition/implementationguide-page","valueUri":"ValueSet-insurance-plan-coverage-benefit-limit.html"}],"reference":{"reference":"ValueSet/insurance-plan-coverage-benefit-limit"},"name":"Coverage Benefit Limit Types (InsurancePlan)","description":"Indicates the Coverage Benefit Limit Types for an InsurancePlan. Values defined by openIMIS. Can not be extended.","exampleBoolean":false,"groupingId":"-term-valueset"},{"extension":[{"url":"http://hl7.org/fhir/StructureDefinition/implementationguide-page","valueUri":"ValueSet-insurance-plan-coverage-type.html"}],"reference":{"reference":"ValueSet/insurance-plan-coverage-type"},"name":"Coverage Type (InsurancePlan)","description":"Indicates the Coverage Type for an InsurancePlan.","exampleBoolean":false,"groupingId":"-term-valueset"},{"extension":[{"url":"http://hl7.org/fhir/StructureDefinition/implementationguide-page","valueUri":"ValueSet-insurance-plan-general-cost-type.html"}],"reference":{"reference":"ValueSet/insurance-plan-general-cost-type"},"name":"General Cost Type (InsurancePlan)","description":"Indicates the General Cost Type for an InsurancePlan. Values defined by openIMIS. Can not be extended.","exampleBoolean":false,"groupingId":"-term-valueset"},{"extension":[{"url":"http://hl7.org/fhir/StructureDefinition/implementationguide-page","valueUri":"ValueSet-insurance-plan-publication-status.html"}],"reference":{"reference":"ValueSet/insurance-plan-publication-status"},"name":"Publication Status (InsurancePlan)","description":"Indicates the Publication Status for an InsurancePlan.","exampleBoolean":false,"groupingId":"-term-valueset"},{"extension":[{"url":"http://hl7.org/fhir/StructureDefinition/implementationguide-page","valueUri":"ValueSet-location-type.html"}],"reference":{"reference":"ValueSet/location-type"},"name":"Location Type (Location)","description":"Indicates the location type. Values defined by openIMIS. Cannot be extended.","exampleBoolean":false,"groupingId":"-term-valueset"},{"extension":[{"url":"http://hl7.org/fhir/StructureDefinition/implementationguide-page","valueUri":"ValueSet-medication-item-type.html"}],"reference":{"reference":"ValueSet/medication-item-type"},"name":"Item Type (Medication)","description":"Indicates the Medical Item Type for an Medication. Values defined by openIMIS. Can not be extended.","exampleBoolean":false,"groupingId":"-term-valueset"},{"extension":[{"url":"http://hl7.org/fhir/StructureDefinition/implementationguide-page","valueUri":"ValueSet-openimis-identifiers.html"}],"reference":{"reference":"ValueSet/openimis-identifiers"},"name":"openIMIS Identifiers Value Set","description":"Indicates the Identifier type","exampleBoolean":false,"groupingId":"-term-valueset"},{"extension":[{"url":"http://hl7.org/fhir/StructureDefinition/implementationguide-page","valueUri":"ValueSet-organization-hf-level.html"}],"reference":{"reference":"ValueSet/organization-hf-level"},"name":"Health Facility Level (Organization)","description":"Indicates the level of the Health Facility (Organization). Values defined by openIMIS. Cannot be extended.","exampleBoolean":false,"groupingId":"-term-valueset"},{"extension":[{"url":"http://hl7.org/fhir/StructureDefinition/implementationguide-page","valueUri":"ValueSet-organization-legal-form.html"}],"reference":{"reference":"ValueSet/organization-legal-form"},"name":"Legal Forms (Organization)","description":"Indicates the legal forms of the Organization. Values defined by openIMIS. Can be extended.","exampleBoolean":false,"groupingId":"-term-valueset"},{"extension":[{"url":"http://hl7.org/fhir/StructureDefinition/implementationguide-page","valueUri":"ValueSet-patient-contact-relationship.html"}],"reference":{"reference":"ValueSet/patient-contact-relationship"},"name":"Contact Relationship (Patient)","description":"Indicates the Relationship of a Patient with the Head of the Family.","exampleBoolean":false,"groupingId":"-term-valueset"},{"extension":[{"url":"http://hl7.org/fhir/StructureDefinition/implementationguide-page","valueUri":"ValueSet-patient-education-level.html"}],"reference":{"reference":"ValueSet/patient-education-level"},"name":"Education Level (Patient)","description":"Indicates the Education level of a Patient","exampleBoolean":false,"groupingId":"-term-valueset"},{"extension":[{"url":"http://hl7.org/fhir/StructureDefinition/implementationguide-page","valueUri":"ValueSet-patient-identification-types.html"}],"reference":{"reference":"ValueSet/patient-identification-types"},"name":"Identification Types (Patient)","description":"Indicates the type of document the Patient used to identify himself.","exampleBoolean":false,"groupingId":"-term-valueset"},{"extension":[{"url":"http://hl7.org/fhir/StructureDefinition/implementationguide-page","valueUri":"ValueSet-patient-marital-status.html"}],"reference":{"reference":"ValueSet/patient-marital-status"},"name":"Marital Status (Patient)","description":"Indicates the Marital status of a Patient","exampleBoolean":false,"groupingId":"-term-valueset"},{"extension":[{"url":"http://hl7.org/fhir/StructureDefinition/implementationguide-page","valueUri":"ValueSet-patient-profession.html"}],"reference":{"reference":"ValueSet/patient-profession"},"name":"Patient Profession Value Set","description":"Indicates the profession of a Patient","exampleBoolean":false,"groupingId":"-term-valueset"},{"extension":[{"url":"http://hl7.org/fhir/StructureDefinition/implementationguide-page","valueUri":"ValueSet-practitioner-qualification-type.html"}],"reference":{"reference":"ValueSet/practitioner-qualification-type"},"name":"Practitioner Qualification Type","description":"Indicates the Qualification Type of a Practitioner.","exampleBoolean":false,"groupingId":"-term-valueset"},{"extension":[{"url":"http://hl7.org/fhir/StructureDefinition/implementationguide-page","valueUri":"ValueSet-usage-context-age-type.html"}],"reference":{"reference":"ValueSet/usage-context-age-type"},"name":"Usage Context for Age Type (ActivityDefinition|Medication)","description":"Indicates the Usage Context for Age Type for an ActivityDefinition or Medication.","exampleBoolean":false,"groupingId":"-term-valueset"},{"extension":[{"url":"http://hl7.org/fhir/StructureDefinition/implementationguide-page","valueUri":"ValueSet-usage-context-gender-type.html"}],"reference":{"reference":"ValueSet/usage-context-gender-type"},"name":"Usage Context for Gender Type (ActivityDefinition|Medication)","description":"Indicates the Usage Context for Gender Type for an ActivityDefinition or Medication.","exampleBoolean":false,"groupingId":"-term-valueset"},{"extension":[{"url":"http://hl7.org/fhir/StructureDefinition/implementationguide-page","valueUri":"CodeSystem-activity-definition-service-type.html"}],"reference":{"reference":"CodeSystem/activity-definition-service-type"},"name":"Service Type (ActivityDefinition)","description":"Indicates the Service Type for an ActivityDefinition. Values defined by openIMIS. Can not be extended.","exampleBoolean":false,"groupingId":"-term-codesystem"},{"extension":[{"url":"http://hl7.org/fhir/StructureDefinition/implementationguide-page","valueUri":"CodeSystem-activity-definition-usage-context-workflow-type.html"}],"reference":{"reference":"CodeSystem/activity-definition-usage-context-workflow-type"},"name":"Usage Context for Workflow Type (ActivityDefinition)","description":"Indicates the Usage Context for Workflow Type for an ActivityDefinition. Values defined by openIMIS. Can not be extended.","exampleBoolean":false,"groupingId":"-term-codesystem"},{"extension":[{"url":"http://hl7.org/fhir/StructureDefinition/implementationguide-page","valueUri":"CodeSystem-claim-item-category.html"}],"reference":{"reference":"CodeSystem/claim-item-category"},"name":"Category of the item (Claim)","description":"Indicates the category for the item under a Claim. Values defined by openIMIS. Can not be extended.","exampleBoolean":false,"groupingId":"-term-codesystem"},{"extension":[{"url":"http://hl7.org/fhir/StructureDefinition/implementationguide-page","valueUri":"CodeSystem-claim-supporting-info-category.html"}],"reference":{"reference":"CodeSystem/claim-supporting-info-category"},"name":"Category of the supporting info (Claim)","description":"Indicates the category for the supportiong info under a Claim. Values defined by openIMIS. Can not be extended.","exampleBoolean":false,"groupingId":"-term-codesystem"},{"extension":[{"url":"http://hl7.org/fhir/StructureDefinition/implementationguide-page","valueUri":"CodeSystem-contract-premium-category.html"}],"reference":{"reference":"CodeSystem/contract-premium-category"},"name":"Premium Category (Contract)","description":"Indicates the category of the premium for the Contract. Cannot be extended.","exampleBoolean":false,"groupingId":"-term-codesystem"},{"extension":[{"url":"http://hl7.org/fhir/StructureDefinition/implementationguide-page","valueUri":"CodeSystem-contract-premium-payer.html"}],"reference":{"reference":"CodeSystem/contract-premium-payer"},"name":"Premium Payer (Contract)","description":"Indicates the payer of the premium for the Contract. Can be extended in openIMIS. Need to match openIMIS database payer list.","exampleBoolean":false,"groupingId":"-term-codesystem"},{"extension":[{"url":"http://hl7.org/fhir/StructureDefinition/implementationguide-page","valueUri":"CodeSystem-contract-premium-type.html"}],"reference":{"reference":"CodeSystem/contract-premium-type"},"name":"Premium Type (Contract)","description":"Indicates the type of the premium for the Contract. Cannot be extended.","exampleBoolean":false,"groupingId":"-term-codesystem"},{"extension":[{"url":"http://hl7.org/fhir/StructureDefinition/implementationguide-page","valueUri":"CodeSystem-contract-resource-party-role.html"}],"reference":{"reference":"CodeSystem/contract-resource-party-role"},"name":"Resource Party Role (Contract)","description":"Indicates the participant engagement type for the Contract term.","exampleBoolean":false,"groupingId":"-term-codesystem"},{"extension":[{"url":"http://hl7.org/fhir/StructureDefinition/implementationguide-page","valueUri":"CodeSystem-contract-scope.html"}],"reference":{"reference":"CodeSystem/contract-scope"},"name":"Scope (Contract)","description":"Indicates the scope for the Contract. Values defined by openIMIS. Cannot be extended.","exampleBoolean":false,"groupingId":"-term-codesystem"},{"extension":[{"url":"http://hl7.org/fhir/StructureDefinition/implementationguide-page","valueUri":"CodeSystem-diagnosis-ICD10-level1.html"}],"reference":{"reference":"CodeSystem/diagnosis-ICD10-level1"},"name":"ICD 10 Level 1 diagnosis","description":"Example of diagnosis to be used with Claim resource. The actual list is configured in openIMIS.","exampleBoolean":false,"groupingId":"-term-codesystem"},{"extension":[{"url":"http://hl7.org/fhir/StructureDefinition/implementationguide-page","valueUri":"CodeSystem-group-confirmation-type.html"}],"reference":{"reference":"CodeSystem/group-confirmation-type"},"name":"Confirmation Types (Group)","description":"Indicates the confirmation type for the Group. Values defined by openIMIS. Can be extended.","exampleBoolean":false,"groupingId":"-term-codesystem"},{"extension":[{"url":"http://hl7.org/fhir/StructureDefinition/implementationguide-page","valueUri":"CodeSystem-group-types.html"}],"reference":{"reference":"CodeSystem/group-types"},"name":"Group Types (Group)","description":"Indicates the type of the Group. Values defined by openIMIS. Can be extended.","exampleBoolean":false,"groupingId":"-term-codesystem"},{"extension":[{"url":"http://hl7.org/fhir/StructureDefinition/implementationguide-page","valueUri":"CodeSystem-insurance-plan-coverage-benefit-limit.html"}],"reference":{"reference":"CodeSystem/insurance-plan-coverage-benefit-limit"},"name":"Coverage Benefit Limit Types (InsurancePlan)","description":"Indicates the Coverage Benefit Limit Types for an InsurancePlan. Values defined by openIMIS. Can not be extended.","exampleBoolean":false,"groupingId":"-term-codesystem"},{"extension":[{"url":"http://hl7.org/fhir/StructureDefinition/implementationguide-page","valueUri":"CodeSystem-insurance-plan-general-cost-type.html"}],"reference":{"reference":"CodeSystem/insurance-plan-general-cost-type"},"name":"General Cost Type (InsurancePlan)","description":"Indicates the General Cost Type for an InsurancePlan. Values defined by openIMIS. Can not be extended.","exampleBoolean":false,"groupingId":"-term-codesystem"},{"extension":[{"url":"http://hl7.org/fhir/StructureDefinition/implementationguide-page","valueUri":"CodeSystem-location-type.html"}],"reference":{"reference":"CodeSystem/location-type"},"name":"Location Type (Location)","description":"Indicates the location type. Values defined by openIMIS. Cannot be extended.","exampleBoolean":false,"groupingId":"-term-codesystem"},{"extension":[{"url":"http://hl7.org/fhir/StructureDefinition/implementationguide-page","valueUri":"CodeSystem-medication-item-type.html"}],"reference":{"reference":"CodeSystem/medication-item-type"},"name":"Item Type (Medication)","description":"Indicates the Medical Item Type for an Medication. Values defined by openIMIS. Can not be extended.","exampleBoolean":false,"groupingId":"-term-codesystem"},{"extension":[{"url":"http://hl7.org/fhir/StructureDefinition/implementationguide-page","valueUri":"CodeSystem-openimis-identifiers.html"}],"reference":{"reference":"CodeSystem/openimis-identifiers"},"name":"openIMIS Identifiers code system","description":"Identifiers that are specific to openIMIS and could not be found in standard sources.","exampleBoolean":false,"groupingId":"-term-codesystem"},{"extension":[{"url":"http://hl7.org/fhir/StructureDefinition/implementationguide-page","valueUri":"CodeSystem-organization-hf-level.html"}],"reference":{"reference":"CodeSystem/organization-hf-level"},"name":"Health Facility Level (Organization)","description":"Indicates the level of the Health Facility (Organization). Values defined by openIMIS. Cannot be extended.","exampleBoolean":false,"groupingId":"-term-codesystem"},{"extension":[{"url":"http://hl7.org/fhir/StructureDefinition/implementationguide-page","valueUri":"CodeSystem-organization-legal-form.html"}],"reference":{"reference":"CodeSystem/organization-legal-form"},"name":"Legal Forms (Organization)","description":"Indicates the legal forms of the Organization. Values defined by openIMIS. Can be extended.","exampleBoolean":false,"groupingId":"-term-codesystem"},{"extension":[{"url":"http://hl7.org/fhir/StructureDefinition/implementationguide-page","valueUri":"CodeSystem-patient-contact-relationship.html"}],"reference":{"reference":"CodeSystem/patient-contact-relationship"},"name":"Patient Contact Relationship code system","description":"Indicates the Relationship of a Patient with the Head of the Family. Values defined by openIMIS.","exampleBoolean":false,"groupingId":"-term-codesystem"},{"extension":[{"url":"http://hl7.org/fhir/StructureDefinition/implementationguide-page","valueUri":"CodeSystem-patient-education-level.html"}],"reference":{"reference":"CodeSystem/patient-education-level"},"name":"Patient Education Level Code System","description":"Indicates the Education level of a Patient. Values defined by openIMIS. Can be extended.","exampleBoolean":false,"groupingId":"-term-codesystem"},{"extension":[{"url":"http://hl7.org/fhir/StructureDefinition/implementationguide-page","valueUri":"CodeSystem-patient-identification-types.html"}],"reference":{"reference":"CodeSystem/patient-identification-types"},"name":"Identification Types (Patient)","description":"Indicates the type of document the Patient used to identify himself. Values defined by openIMIS. Can be extended.","exampleBoolean":false,"groupingId":"-term-codesystem"},{"extension":[{"url":"http://hl7.org/fhir/StructureDefinition/implementationguide-page","valueUri":"CodeSystem-patient-profession.html"}],"reference":{"reference":"CodeSystem/patient-profession"},"name":"Patient Profession Code System","description":"Indicates the profession of a Patient. Values defined by openIMIS. Can be extended.","exampleBoolean":false,"groupingId":"-term-codesystem"},{"extension":[{"url":"http://hl7.org/fhir/StructureDefinition/implementationguide-page","valueUri":"CodeSystem-practitioner-qualification-type.html"}],"reference":{"reference":"CodeSystem/practitioner-qualification-type"},"name":"Practitioner Qualification Type","description":"Indicates the Qualification Type of a Practitioner.","exampleBoolean":false,"groupingId":"-term-codesystem"},{"extension":[{"url":"http://hl7.org/fhir/StructureDefinition/implementationguide-page","valueUri":"CodeSystem-usage-context-age-type.html"}],"reference":{"reference":"CodeSystem/usage-context-age-type"},"name":"Usage Context for Age Type (ActivityDefinition|Medication)","description":"Indicates the Usage Context for Gender Type for an ActivityDefinition or Medication. Values defined by openIMIS. Can not be extended.","exampleBoolean":false,"groupingId":"-term-codesystem"},{"extension":[{"url":"http://hl7.org/fhir/StructureDefinition/implementationguide-page","valueUri":"Medication-AspirinMedication.html"}],"reference":{"reference":"Medication/AspirinMedication"},"name":"AspirinMedication","description":"Example of openIMIS Medication","exampleCanonical":"https://openimis.github.io/openimis_fhir_r4_ig/StructureDefinition/openimis-medication","groupingId":"-ex-example"},{"extension":[{"url":"http://hl7.org/fhir/StructureDefinition/implementationguide-page","valueUri":"CapabilityStatement-ExampleCapabilityStatement.html"}],"reference":{"reference":"CapabilityStatement/ExampleCapabilityStatement"},"name":"Create a Capability Statement using RuleSets","exampleBoolean":false,"groupingId":"-dyn-capabilitystatement"},{"extension":[{"url":"http://hl7.org/fhir/StructureDefinition/implementationguide-page","valueUri":"ActivityDefinition-GeneralConsultationService.html"}],"reference":{"reference":"ActivityDefinition/GeneralConsultationService"},"name":"GeneralConsultationService","description":"Example of openIMIS ActivityDefinition","exampleCanonical":"https://openimis.github.io/openimis_fhir_r4_ig/StructureDefinition/openimis-activitiy-definition","groupingId":"-ex-example"},{"extension":[{"url":"http://hl7.org/fhir/StructureDefinition/implementationguide-page","valueUri":"Contract-InformalSectorContract.html"}],"reference":{"reference":"Contract/InformalSectorContract"},"name":"InformalSectorContract","description":"* Example of a contract for the Informal Sector enrolment  ","exampleCanonical":"https://openimis.github.io/openimis_fhir_r4_ig/StructureDefinition/openimis-contract","groupingId":"-ex-example"},{"extension":[{"url":"http://hl7.org/fhir/StructureDefinition/implementationguide-page","valueUri":"Location-Jamu-municipality.html"}],"reference":{"reference":"Location/Jamu-municipality"},"name":"Jamu-municipality","description":"Example of a municipality","exampleCanonical":"https://openimis.github.io/openimis_fhir_r4_ig/StructureDefinition/openimis-location","groupingId":"-ex-example"},{"extension":[{"url":"http://hl7.org/fhir/StructureDefinition/implementationguide-page","valueUri":"Location-Jamula-village.html"}],"reference":{"reference":"Location/Jamula-village"},"name":"Jamula-village","description":"Example of a Village","exampleCanonical":"https://openimis.github.io/openimis_fhir_r4_ig/StructureDefinition/openimis-location","groupingId":"-ex-example"},{"extension":[{"url":"http://hl7.org/fhir/StructureDefinition/implementationguide-page","valueUri":"Location-Jimara-district.html"}],"reference":{"reference":"Location/Jimara-district"},"name":"Jimara-district","description":"Example of a district","exampleCanonical":"https://openimis.github.io/openimis_fhir_r4_ig/StructureDefinition/openimis-location","groupingId":"-ex-example"},{"extension":[{"url":"http://hl7.org/fhir/StructureDefinition/implementationguide-page","valueUri":"InsurancePlan-RX01.html"}],"reference":{"reference":"InsurancePlan/RX01"},"name":"RX01","description":"Example of openIMIS InsurancePlan","exampleCanonical":"https://openimis.github.io/openimis_fhir_r4_ig/StructureDefinition/openimis-insurance-plan","groupingId":"-ex-example"},{"extension":[{"url":"http://hl7.org/fhir/StructureDefinition/implementationguide-page","valueUri":"InsurancePlan-RX02.html"}],"reference":{"reference":"InsurancePlan/RX02"},"name":"RX02","description":"Example of openIMIS InsurancePlan","exampleCanonical":"https://openimis.github.io/openimis_fhir_r4_ig/StructureDefinition/openimis-insurance-plan","groupingId":"-ex-example"},{"extension":[{"url":"http://hl7.org/fhir/StructureDefinition/implementationguide-page","valueUri":"Organization-RaptaDistrictHospital.html"}],"reference":{"reference":"Organization/RaptaDistrictHospital"},"name":"RaptaDistrictHospital","description":"Example of openIMIS Health Facility","exampleCanonical":"https://openimis.github.io/openimis_fhir_r4_ig/StructureDefinition/openimis-health-facility-organization","groupingId":"-ex-example"},{"extension":[{"url":"http://hl7.org/fhir/StructureDefinition/implementationguide-page","valueUri":"Practitioner-Roberts-Jeb-EO.html"}],"reference":{"reference":"Practitioner/Roberts-Jeb-EO"},"name":"Roberts-Jeb-EO","description":"Example of openIMIS Practitioner for Enrolment Officer.","exampleCanonical":"https://openimis.github.io/openimis_fhir_r4_ig/StructureDefinition/openimis-enrolment-officer-practitioner","groupingId":"-ex-example"},{"extension":[{"url":"http://hl7.org/fhir/StructureDefinition/implementationguide-page","valueUri":"Practitioner-Rushila-Dani-CA.html"}],"reference":{"reference":"Practitioner/Rushila-Dani-CA"},"name":"Rushila-Dani-CA","description":"Example of openIMIS Practitioner for Claim Administrator.","exampleCanonical":"https://openimis.github.io/openimis_fhir_r4_ig/StructureDefinition/openimis-claim-administrator-practitioner","groupingId":"-ex-example"},{"extension":[{"url":"http://hl7.org/fhir/StructureDefinition/implementationguide-page","valueUri":"Location-Upper-River-Region.html"}],"reference":{"reference":"Location/Upper-River-Region"},"name":"Upper-River-Region","description":"Example of a Region","exampleCanonical":"https://openimis.github.io/openimis_fhir_r4_ig/StructureDefinition/openimis-location","groupingId":"-ex-example"},{"extension":[{"url":"http://hl7.org/fhir/StructureDefinition/implementationguide-page","valueUri":"Group-doe-family.html"}],"reference":{"reference":"Group/doe-family"},"name":"doe-family","description":"Example of openIMIS Group","exampleCanonical":"https://openimis.github.io/openimis_fhir_r4_ig/StructureDefinition/openimis-group","groupingId":"-ex-example"},{"extension":[{"url":"http://hl7.org/fhir/StructureDefinition/implementationguide-page","valueUri":"Patient-jane-doe.html"}],"reference":{"reference":"Patient/jane-doe"},"name":"jane-doe","description":"Example of openIMIS Patient","exampleCanonical":"https://openimis.github.io/openimis_fhir_r4_ig/StructureDefinition/openimis-patient","groupingId":"-ex-example"},{"extension":[{"url":"http://hl7.org/fhir/StructureDefinition/implementationguide-page","valueUri":"Patient-john-doe.html"}],"reference":{"reference":"Patient/john-doe"},"name":"john-doe","description":"Example of openIMIS Patient","exampleCanonical":"https://openimis.github.io/openimis_fhir_r4_ig/StructureDefinition/openimis-patient","groupingId":"-ex-example"}],"page":{"nameUrl":"toc.html","title":"Table of Contents","generation":"html","page":[{"nameUrl":"index.html","title":"openIMIS FHIR Overview","generation":"markdown"},{"nameUrl":"specification.html","title":"FHIR Design and Overview","generation":"markdown"},{"nameUrl":"usecases.html","title":"Integration Use Cases","generation":"markdown"},{"nameUrl":"connected_partner.html","title":"Becoming a Connected Partner","generation":"markdown"},{"nameUrl":"future.html","title":"Future Plans","generation":"markdown"},{"nameUrl":"glossary.html","title":"Glossary","generation":"markdown"},{"nameUrl":"credits.html","title":"Credits","generation":"markdown"},{"nameUrl":"artifacts.html","title":"Artifacts Summary","generation":"html","page":[{"nameUrl":"CapabilityStatement-ExampleCapabilityStatement.html","title":"Create a Capability Statement using RuleSets","generation":"generated"},{"nameUrl":"StructureDefinition-openimis-activitiy-definition.html","title":"openIMIS ActivityDefinition","generation":"generated"},{"nameUrl":"StructureDefinition-openimis-claim.html","title":"openIMIS Claim","generation":"generated"},{"nameUrl":"StructureDefinition-openimis-claim-administrator-practitioner.html","title":"openIMIS Claim Administrator Practitioner","generation":"generated"},{"nameUrl":"StructureDefinition-openimis-claim-administrator-practitioner-role.html","title":"openIMIS Claim Administrator Practitioner Role","generation":"generated"},{"nameUrl":"StructureDefinition-openimis-claim-response.html","title":"openIMIS Claim Response","generation":"generated"},{"nameUrl":"StructureDefinition-openimis-contract.html","title":"openIMIS Contract","generation":"generated"},{"nameUrl":"StructureDefinition-openimis-coverage.html","title":"openIMIS Coverage","generation":"generated"},{"nameUrl":"StructureDefinition-openimis-enrolment-officer-practitioner.html","title":"openIMIS Enrolment Officer Practitioner","generation":"generated"},{"nameUrl":"StructureDefinition-openimis-enrolment-officer-practitioner-role.html","title":"openIMIS Enrolment Officer Practitioner Role","generation":"generated"},{"nameUrl":"StructureDefinition-openimis-group.html","title":"openIMIS Group","generation":"generated"},{"nameUrl":"StructureDefinition-openimis-health-facility-organization.html","title":"openIMIS Health Facility Organization","generation":"generated"},{"nameUrl":"StructureDefinition-openimis-insurance-plan.html","title":"openIMIS Insurance Plan","generation":"generated"},{"nameUrl":"StructureDefinition-openimis-location.html","title":"openIMIS Location","generation":"generated"},{"nameUrl":"StructureDefinition-openimis-medication.html","title":"openIMIS Medication","generation":"generated"},{"nameUrl":"StructureDefinition-openimis-patient.html","title":"openIMIS Patient","generation":"generated"},{"nameUrl":"StructureDefinition-openimis-policy-holder-organization.html","title":"openIMIS Policy Holder Organization","generation":"generated"},{"nameUrl":"StructureDefinition-address-location-reference.html","title":"Location Reference (Address)","generation":"generated"},{"nameUrl":"StructureDefinition-address-municipality.html","title":"Municipality (Address)","generation":"generated"},{"nameUrl":"StructureDefinition-contract-premium.html","title":"Premium (Contract)","generation":"generated"},{"nameUrl":"StructureDefinition-group-address.html","title":"Poverty Status (Group)","generation":"generated"},{"nameUrl":"StructureDefinition-group-confirmation.html","title":"Confirmation (Group)","generation":"generated"},{"nameUrl":"StructureDefinition-group-poverty-status.html","title":"Poverty Status (Group)","generation":"generated"},{"nameUrl":"StructureDefinition-group-type.html","title":"Group Type (Group)","generation":"generated"},{"nameUrl":"StructureDefinition-insurance-plan-conversion.html","title":"Conversion Product (InsurancePlan)","generation":"generated"},{"nameUrl":"StructureDefinition-insurance-plan-discount.html","title":"Discount (InsurancePlan)","generation":"generated"},{"nameUrl":"StructureDefinition-insurance-plan-max-installments.html","title":"Max Installments (InsurancePlan)","generation":"generated"},{"nameUrl":"StructureDefinition-insurance-plan-period.html","title":"Period (InsurancePlan)","generation":"generated"},{"nameUrl":"StructureDefinition-insurance-plan-start-cycle.html","title":"Cycle Start (InsurancePlan)","generation":"generated"},{"nameUrl":"StructureDefinition-medication-frequency.html","title":"Frequency (Medication)","generation":"generated"},{"nameUrl":"StructureDefinition-medication-type.html","title":"Medication Type (Medication)","generation":"generated"},{"nameUrl":"StructureDefinition-medication-usage-context.html","title":"UsageContext (Medication)","generation":"generated"},{"nameUrl":"StructureDefinition-organization-hf-level.html","title":"Health Facility Level (Organization)","generation":"generated"},{"nameUrl":"StructureDefinition-organization-legal-form.html","title":"Legal Forms (Organization)","generation":"generated"},{"nameUrl":"StructureDefinition-patient-card-issued.html","title":"Card Issued (Patient)","generation":"generated"},{"nameUrl":"StructureDefinition-patient-education-level.html","title":"Education Level (Patient)","generation":"generated"},{"nameUrl":"StructureDefinition-patient-group-reference.html","title":"Group Reference (Patient)","generation":"generated"},{"nameUrl":"StructureDefinition-patient-identification.html","title":"Identification (Patient)","generation":"generated"},{"nameUrl":"StructureDefinition-patient-is-head.html","title":"IsHead (Patient)","generation":"generated"},{"nameUrl":"StructureDefinition-patient-profession.html","title":"Profession (Patient)","generation":"generated"},{"nameUrl":"StructureDefinition-patient-vulnerability-status.html","title":"Vulnerability Status (Patient)","generation":"generated"},{"nameUrl":"StructureDefinition-practitioner-role-substitution-reference.html","title":"Substitution Reference (PractitionerRole)","generation":"generated"},{"nameUrl":"StructureDefinition-unit-price.html","title":"Unit Price (Medication|ActivityDefinition)","generation":"generated"},{"nameUrl":"ValueSet-activity-definition-service-type.html","title":"Service Type (ActivityDefinition)","generation":"generated"},{"nameUrl":"ValueSet-activity-definition-usage-context-type.html","title":"Usage Context Type (ActivityDefinition)","generation":"generated"},{"nameUrl":"ValueSet-activity-definition-usage-context-venue-type.html","title":"Usage Context for Venue Type (ActivityDefinition)","generation":"generated"},{"nameUrl":"ValueSet-activity-definition-usage-context-workflow-type.html","title":"Usage Context for Workflow Type (ActivityDefinition)","generation":"generated"},{"nameUrl":"ValueSet-claim-item-category.html","title":"Category of the item (Claim)","generation":"generated"},{"nameUrl":"ValueSet-claim-supporting-info-category.html","title":"Category of the supporting info (Claim)","generation":"generated"},{"nameUrl":"ValueSet-claim-visit-type-codes.html","title":"Visit Type Codes (Claim)","generation":"generated"},{"nameUrl":"ValueSet-contract-premium-category.html","title":"Premium Category (Contract)","generation":"generated"},{"nameUrl":"ValueSet-contract-premium-payer.html","title":"Premium Payer (Contract)","generation":"generated"},{"nameUrl":"ValueSet-contract-premium-type.html","title":"Premium Type (Contract)","generation":"generated"},{"nameUrl":"ValueSet-contract-resource-party-role.html","title":"Resource Party Role (Contract)","generation":"generated"},{"nameUrl":"ValueSet-contract-scope.html","title":"Scope (Contract)","generation":"generated"},{"nameUrl":"ValueSet-contract-status-codes.html","title":"Status Codes (Contract)","generation":"generated"},{"nameUrl":"ValueSet-diagnosis-ICD10-level1.html","title":"ICD 10 Level 1 diagnosis","generation":"generated"},{"nameUrl":"ValueSet-group-confirmation-type.html","title":"Confirmation Types (Group)","generation":"generated"},{"nameUrl":"ValueSet-group-types.html","title":"Group Types (Group)","generation":"generated"},{"nameUrl":"ValueSet-insurance-plan-coverage-benefit-limit.html","title":"Coverage Benefit Limit Types (InsurancePlan)","generation":"generated"},{"nameUrl":"ValueSet-insurance-plan-coverage-type.html","title":"Coverage Type (InsurancePlan)","generation":"generated"},{"nameUrl":"ValueSet-insurance-plan-general-cost-type.html","title":"General Cost Type (InsurancePlan)","generation":"generated"},{"nameUrl":"ValueSet-insurance-plan-publication-status.html","title":"Publication Status (InsurancePlan)","generation":"generated"},{"nameUrl":"ValueSet-location-type.html","title":"Location Type (Location)","generation":"generated"},{"nameUrl":"ValueSet-medication-item-type.html","title":"Item Type (Medication)","generation":"generated"},{"nameUrl":"ValueSet-openimis-identifiers.html","title":"openIMIS Identifiers Value Set","generation":"generated"},{"nameUrl":"ValueSet-organization-hf-level.html","title":"Health Facility Level (Organization)","generation":"generated"},{"nameUrl":"ValueSet-organization-legal-form.html","title":"Legal Forms (Organization)","generation":"generated"},{"nameUrl":"ValueSet-patient-contact-relationship.html","title":"Contact Relationship (Patient)","generation":"generated"},{"nameUrl":"ValueSet-patient-education-level.html","title":"Education Level (Patient)","generation":"generated"},{"nameUrl":"ValueSet-patient-identification-types.html","title":"Identification Types (Patient)","generation":"generated"},{"nameUrl":"ValueSet-patient-marital-status.html","title":"Marital Status (Patient)","generation":"generated"},{"nameUrl":"ValueSet-patient-profession.html","title":"Patient Profession Value Set","generation":"generated"},{"nameUrl":"ValueSet-practitioner-qualification-type.html","title":"Practitioner Qualification Type","generation":"generated"},{"nameUrl":"ValueSet-usage-context-age-type.html","title":"Usage Context for Age Type (ActivityDefinition|Medication)","generation":"generated"},{"nameUrl":"ValueSet-usage-context-gender-type.html","title":"Usage Context for Gender Type (ActivityDefinition|Medication)","generation":"generated"},{"nameUrl":"CodeSystem-activity-definition-service-type.html","title":"Service Type (ActivityDefinition)","generation":"generated"},{"nameUrl":"CodeSystem-activity-definition-usage-context-workflow-type.html","title":"Usage Context for Workflow Type (ActivityDefinition)","generation":"generated"},{"nameUrl":"CodeSystem-claim-item-category.html","title":"Category of the item (Claim)","generation":"generated"},{"nameUrl":"CodeSystem-claim-supporting-info-category.html","title":"Category of the supporting info (Claim)","generation":"generated"},{"nameUrl":"CodeSystem-contract-premium-category.html","title":"Premium Category (Contract)","generation":"generated"},{"nameUrl":"CodeSystem-contract-premium-payer.html","title":"Premium Payer (Contract)","generation":"generated"},{"nameUrl":"CodeSystem-contract-premium-type.html","title":"Premium Type (Contract)","generation":"generated"},{"nameUrl":"CodeSystem-contract-resource-party-role.html","title":"Resource Party Role (Contract)","generation":"generated"},{"nameUrl":"CodeSystem-contract-scope.html","title":"Scope (Contract)","generation":"generated"},{"nameUrl":"CodeSystem-diagnosis-ICD10-level1.html","title":"ICD 10 Level 1 diagnosis","generation":"generated"},{"nameUrl":"CodeSystem-group-confirmation-type.html","title":"Confirmation Types (Group)","generation":"generated"},{"nameUrl":"CodeSystem-group-types.html","title":"Group Types (Group)","generation":"generated"},{"nameUrl":"CodeSystem-insurance-plan-coverage-benefit-limit.html","title":"Coverage Benefit Limit Types (InsurancePlan)","generation":"generated"},{"nameUrl":"CodeSystem-insurance-plan-general-cost-type.html","title":"General Cost Type (InsurancePlan)","generation":"generated"},{"nameUrl":"CodeSystem-location-type.html","title":"Location Type (Location)","generation":"generated"},{"nameUrl":"CodeSystem-medication-item-type.html","title":"Item Type (Medication)","generation":"generated"},{"nameUrl":"CodeSystem-openimis-identifiers.html","title":"openIMIS Identifiers code system","generation":"generated"},{"nameUrl":"CodeSystem-organization-hf-level.html","title":"Health Facility Level (Organization)","generation":"generated"},{"nameUrl":"CodeSystem-organization-legal-form.html","title":"Legal Forms (Organization)","generation":"generated"},{"nameUrl":"CodeSystem-patient-contact-relationship.html","title":"Patient Contact Relationship code system","generation":"generated"},{"nameUrl":"CodeSystem-patient-education-level.html","title":"Patient Education Level Code System","generation":"generated"},{"nameUrl":"CodeSystem-patient-identification-types.html","title":"Identification Types (Patient)","generation":"generated"},{"nameUrl":"CodeSystem-patient-profession.html","title":"Patient Profession Code System","generation":"generated"},{"nameUrl":"CodeSystem-practitioner-qualification-type.html","title":"Practitioner Qualification Type","generation":"generated"},{"nameUrl":"CodeSystem-usage-context-age-type.html","title":"Usage Context for Age Type (ActivityDefinition|Medication)","generation":"generated"},{"nameUrl":"Medication-AspirinMedication.html","title":"AspirinMedication","generation":"generated"},{"nameUrl":"ActivityDefinition-GeneralConsultationService.html","title":"GeneralConsultationService","generation":"generated"},{"nameUrl":"Contract-InformalSectorContract.html","title":"InformalSectorContract","generation":"generated"},{"nameUrl":"Location-Jamu-municipality.html","title":"Jamu-municipality","generation":"generated"},{"nameUrl":"Location-Jamula-village.html","title":"Jamula-village","generation":"generated"},{"nameUrl":"Location-Jimara-district.html","title":"Jimara-district","generation":"generated"},{"nameUrl":"InsurancePlan-RX01.html","title":"RX01","generation":"generated"},{"nameUrl":"InsurancePlan-RX02.html","title":"RX02","generation":"generated"},{"nameUrl":"Organization-RaptaDistrictHospital.html","title":"RaptaDistrictHospital","generation":"generated"},{"nameUrl":"Practitioner-Roberts-Jeb-EO.html","title":"Roberts-Jeb-EO","generation":"generated"},{"nameUrl":"Practitioner-Rushila-Dani-CA.html","title":"Rushila-Dani-CA","generation":"generated"},{"nameUrl":"Location-Upper-River-Region.html","title":"Upper-River-Region","generation":"generated"},{"nameUrl":"Group-doe-family.html","title":"doe-family","generation":"generated"},{"nameUrl":"Patient-jane-doe.html","title":"jane-doe","generation":"generated"},{"nameUrl":"Patient-john-doe.html","title":"john-doe","generation":"generated"}]}]},"parameter":[{"code":"path-resource","value":"input/capabilities"},{"code":"path-resource","value":"input/examples"},{"code":"path-resource","value":"input/extensions"},{"code":"path-resource","value":"input/models"},{"code":"path-resource","value":"input/operations"},{"code":"path-resource","value":"input/profiles"},{"code":"path-resource","value":"input/resources"},{"code":"path-resource","value":"input/vocabulary"},{"code":"path-resource","value":"input/maps"},{"code":"path-resource","value":"input/testing"},{"code":"path-resource","value":"input/history"},{"code":"path-resource","value":"fsh-generated/resources"},{"code":"path-pages","value":"template/config"},{"code":"path-pages","value":"input/images"},{"code":"path-tx-cache","value":"input-cache/txcache"}]}}