{"resourceType":"ValueSet","id":"patient-education-level","text":{"status":"generated","div":"<div xmlns=\"http://www.w3.org/1999/xhtml\"><ul><li>Include all codes defined in <a href=\"CodeSystem-patient-education-level.html\"><code>https://openimis.github.io/openimis_fhir_r4_ig/CodeSystem/patient-education-level</code></a></li></ul></div>"},"url":"https://openimis.github.io/openimis_fhir_r4_ig/ValueSet/patient-education-level","version":"0.1.0","name":"PatientEducationLevelVS","title":"Education Level (Patient)","status":"active","date":"2021-10-13T13:46:56+00:00","publisher":"Swiss TPH","contact":[{"name":"Swiss TPH","telecom":[{"system":"url","value":"https://www.swisstph.ch/en/"}]},{"name":"Dragos Dobre","telecom":[{"system":"email","value":"dragos.dobre@swisstph.ch","use":"work"}]}],"description":"Indicates the Education level of a Patient","compose":{"include":[{"system":"https://openimis.github.io/openimis_fhir_r4_ig/CodeSystem/patient-education-level"}]}}