{"resourceType":"ValueSet","id":"patient-identification-type","text":{"status":"generated","div":"<div xmlns=\"http://www.w3.org/1999/xhtml\"><ul><li>Include all codes defined in <a href=\"CodeSystem-patient-identification-type.html\"><code>https://openimis.github.io/openimis_fhir_r4_ig/CodeSystem/patient-identification-type</code></a></li></ul></div>"},"url":"https://openimis.github.io/openimis_fhir_r4_ig/ValueSet/patient-identification-type","version":"0.1.0","name":"PatientIdentificationTypeVS","title":"Identification Type (Patient)","status":"active","date":"2022-05-12T07:23:31+00:00","publisher":"openIMIS Initiative","contact":[{"name":"openIMIS Initiative","telecom":[{"system":"url","value":"https://www.openimis.org"}]},{"name":"Dragos Dobre","telecom":[{"system":"email","value":"dragos.dobre@swisstph.ch","use":"work"}]}],"description":"Indicates the type of document the Patient used to identify himself.","compose":{"include":[{"system":"https://openimis.github.io/openimis_fhir_r4_ig/CodeSystem/patient-identification-type"}]}}