{"resourceType":"ValueSet","id":"feedback-payload","text":{"status":"generated","div":"<div xmlns=\"http://www.w3.org/1999/xhtml\"><ul><li>Include all codes defined in <a href=\"CodeSystem-feedback-payload.html\"><code>https://openimis.github.io/openimis_fhir_r4_ig/CodeSystem/feedback-payload</code></a></li></ul></div>"},"url":"https://openimis.github.io/openimis_fhir_r4_ig/ValueSet/feedback-payload","version":"0.1.0","name":"FeedbackPayloadVS","title":"Feedback Payload (CommunicationRequest | Communication)","status":"active","date":"2021-11-15T18:47:56+00:00","publisher":"Swiss TPH","contact":[{"name":"Swiss TPH","telecom":[{"system":"url","value":"https://www.swisstph.ch/en/"}]},{"name":"Dragos Dobre","telecom":[{"system":"email","value":"dragos.dobre@swisstph.ch","use":"work"}]}],"description":"Indicates the Feedback Payload code for a CommunicationRequest and Communication. List defined by openIMIS. Can not be extended.","compose":{"include":[{"system":"https://openimis.github.io/openimis_fhir_r4_ig/CodeSystem/feedback-payload"}]}}