{"resourceType":"ValueSet","id":"contract-premium-payer","text":{"status":"generated","div":"<div xmlns=\"http://www.w3.org/1999/xhtml\"><ul><li>Include all codes defined in <a href=\"CodeSystem-contract-premium-payer.html\"><code>https://openimis.github.io/openimis_fhir_r4_ig/CodeSystem/contract-premium-payer</code></a></li></ul></div>"},"url":"https://openimis.github.io/openimis_fhir_r4_ig/ValueSet/contract-premium-payer","version":"0.1.0","name":"ContractPremiumPayerVS","title":"Premium Payer (Contract)","status":"active","date":"2021-09-01T13:21:06+00:00","publisher":"Swiss TPH","contact":[{"name":"Swiss TPH","telecom":[{"system":"url","value":"https://www.swisstph.ch/en/"}]},{"name":"Dragos Dobre","telecom":[{"system":"email","value":"dragos.dobre@swisstph.ch","use":"work"}]}],"description":"Indicates the payer of the premium for the Contract. Can be extended in openIMIS. Need to match openIMIS database payer list.","compose":{"include":[{"system":"https://openimis.github.io/openimis_fhir_r4_ig/CodeSystem/contract-premium-payer"}]}}