{"resourceType":"ValueSet","id":"patient-profession","text":{"status":"generated","div":"<div xmlns=\"http://www.w3.org/1999/xhtml\"><ul><li>Include all codes defined in <a href=\"CodeSystem-patient-profession.html\"><code>https://openimis.github.io/openimis_fhir_r4_ig/CodeSystem/patient-profession</code></a></li></ul></div>"},"url":"https://openimis.github.io/openimis_fhir_r4_ig/ValueSet/patient-profession","version":"0.1.0","name":"PatientProfessionVS","title":"Patient Profession Value Set","status":"active","date":"2021-07-23T18:05:23+00:00","publisher":"Swiss TPH","contact":[{"name":"Swiss TPH","telecom":[{"system":"url","value":"https://www.swisstph.ch/en/"}]},{"name":"Dragos Dobre","telecom":[{"system":"email","value":"dragos.dobre@swisstph.ch","use":"work"}]}],"description":"Indicates the profession of a Patient","compose":{"include":[{"system":"https://openimis.github.io/openimis_fhir_r4_ig/CodeSystem/patient-profession"}]}}