{"resourceType":"ValueSet","id":"organization-hf-care-type","text":{"status":"generated","div":"<div xmlns=\"http://www.w3.org/1999/xhtml\"><ul><li>Include all codes defined in <a href=\"CodeSystem-organization-hf-care-type.html\"><code>https://openimis.github.io/openimis_fhir_r4_ig/CodeSystem/organization-hf-care-type</code></a></li></ul></div>"},"url":"https://openimis.github.io/openimis_fhir_r4_ig/ValueSet/organization-hf-care-type","version":"0.1.0","name":"OrganizationHFCareTypeVS","title":"Health Facility Care Type (Organization)","status":"active","date":"2021-12-04T14:25:43+00:00","publisher":"Swiss TPH","contact":[{"name":"Swiss TPH","telecom":[{"system":"url","value":"https://www.swisstph.ch/en/"}]},{"name":"Dragos Dobre","telecom":[{"system":"email","value":"dragos.dobre@swisstph.ch","use":"work"}]}],"description":"Indicates the care type of the Health Facility (Organization). Values defined by openIMIS. Cannot be extended.","compose":{"include":[{"system":"https://openimis.github.io/openimis_fhir_r4_ig/CodeSystem/organization-hf-care-type"}]}}