{"resourceType":"ValueSet","id":"organization-ph-legal-form","text":{"status":"generated","div":"<div xmlns=\"http://www.w3.org/1999/xhtml\"><ul><li>Include all codes defined in <a href=\"CodeSystem-organization-ph-legal-form.html\"><code>https://openimis.github.io/openimis_fhir_r4_ig/CodeSystem/organization-ph-legal-form</code></a></li></ul></div>"},"url":"https://openimis.github.io/openimis_fhir_r4_ig/ValueSet/organization-ph-legal-form","version":"1.0.0","name":"OrganizationPHLegalFormVS","title":"Legal Forms (Organization)","status":"active","date":"2022-05-31T10:54:20+00:00","publisher":"openIMIS Initiative","contact":[{"name":"openIMIS Initiative","telecom":[{"system":"url","value":"https://www.openimis.org"}]},{"name":"Dragos Dobre","telecom":[{"system":"email","value":"dragos.dobre@swisstph.ch","use":"work"}]}],"description":"Indicates the legal forms of the PolicyHolder Organization. Values defined by openIMIS. Can be extended.","compose":{"include":[{"system":"https://openimis.github.io/openimis_fhir_r4_ig/CodeSystem/organization-ph-legal-form"}]}}