{"resourceType":"ValueSet","id":"invoice-charge-item","text":{"status":"generated","div":"<div xmlns=\"http://www.w3.org/1999/xhtml\"><ul><li>Include all codes defined in <a href=\"CodeSystem-invoice-charge-item.html\"><code>https://openimis.github.io/openimis_fhir_r4_ig/CodeSystem/invoice-charge-item</code></a></li></ul></div>"},"url":"https://openimis.github.io/openimis_fhir_r4_ig/ValueSet/invoice-charge-item","version":"0.1.0","name":"InvoiceChargeItemVS","title":"ChargeItem (Invoice)","status":"active","date":"2021-12-22T09:53:41+00:00","publisher":"Swiss TPH","contact":[{"name":"Swiss TPH","telecom":[{"system":"url","value":"https://www.swisstph.ch/en/"}]},{"name":"Dragos Dobre","telecom":[{"system":"email","value":"dragos.dobre@swisstph.ch","use":"work"}]}],"description":"Indicates the ChargeItem for a lineItem from an Invoice. Values defined by openIMIS. Can not be extended.","compose":{"include":[{"system":"https://openimis.github.io/openimis_fhir_r4_ig/CodeSystem/invoice-charge-item"}]}}