{"resourceType":"ValueSet","id":"medication-level","text":{"status":"generated","div":"<div xmlns=\"http://www.w3.org/1999/xhtml\"><ul><li>Include all codes defined in <a href=\"CodeSystem-medication-level.html\"><code>https://openimis.github.io/openimis_fhir_r4_ig/CodeSystem/medication-level</code></a></li></ul></div>"},"url":"https://openimis.github.io/openimis_fhir_r4_ig/ValueSet/medication-level","version":"0.1.0","name":"MedicationLevelVS","title":"Level (Medication)","status":"active","date":"2021-12-21T09:16:10+00:00","publisher":"Swiss TPH","contact":[{"name":"Swiss TPH","telecom":[{"system":"url","value":"https://www.swisstph.ch/en/"}]},{"name":"Dragos Dobre","telecom":[{"system":"email","value":"dragos.dobre@swisstph.ch","use":"work"}]}],"description":"Indicates the Level for a Medication. Values defined by openIMIS. Can not be extended.","compose":{"include":[{"system":"https://openimis.github.io/openimis_fhir_r4_ig/CodeSystem/medication-level"}]}}