{"resourceType":"ValueSet","id":"activity-definition-usage-context-age-type","text":{"status":"generated","div":"<div xmlns=\"http://www.w3.org/1999/xhtml\"><ul><li>Include all codes defined in <a href=\"CodeSystem-activity-definition-usage-context-age-type.html\"><code>https://openimis.github.io/openimis_fhir_r4_ig/CodeSystem/activity-definition-usage-context-age-type</code></a></li></ul></div>"},"url":"https://openimis.github.io/openimis_fhir_r4_ig/ValueSet/activity-definition-usage-context-age-type","version":"0.1.0","name":"ActivityDefinitionUsageContextAgeTypeVS","title":"Usage Context for Age Type (ActivityDefinition)","status":"active","date":"2021-07-22T15:08:05+00:00","publisher":"Swiss TPH","contact":[{"name":"Swiss TPH","telecom":[{"system":"url","value":"https://www.swisstph.ch/en/"}]},{"name":"Dragos Dobre","telecom":[{"system":"email","value":"dragos.dobre@swisstph.ch","use":"work"}]}],"description":"Indicates the Usage Context for Age Type for an ActivityDefinition.","compose":{"include":[{"system":"https://openimis.github.io/openimis_fhir_r4_ig/CodeSystem/activity-definition-usage-context-age-type"}]}}