{"resourceType":"ValueSet","id":"usage-context-gender-type","text":{"status":"extensions","div":"<div xmlns=\"http://www.w3.org/1999/xhtml\"><ul><li>Include these codes as defined in <a href=\"http://hl7.org/fhir/R4/codesystem-administrative-gender.html\"><code>http://hl7.org/fhir/administrative-gender</code></a><table class=\"none\"><tr><td style=\"white-space:nowrap\"><b>Code</b></td><td><b>Display</b></td><td><b>Definition</b></td></tr><tr><td><a href=\"http://hl7.org/fhir/R4/codesystem-administrative-gender.html#administrative-gender-male\">male</a></td><td>Male</td><td>Male.</td></tr><tr><td><a href=\"http://hl7.org/fhir/R4/codesystem-administrative-gender.html#administrative-gender-female\">female</a></td><td>Female</td><td>Female.</td></tr></table></li></ul></div>"},"url":"https://openimis.github.io/openimis_fhir_r4_ig/ValueSet/usage-context-gender-type","version":"0.1.0","name":"UsageContextGenderTypeVS","title":"Usage Context for Gender Type (ActivityDefinition|Medication)","status":"active","date":"2021-11-16T09:50:19+00:00","publisher":"Swiss TPH","contact":[{"name":"Swiss TPH","telecom":[{"system":"url","value":"https://www.swisstph.ch/en/"}]},{"name":"Dragos Dobre","telecom":[{"system":"email","value":"dragos.dobre@swisstph.ch","use":"work"}]}],"description":"Indicates the Usage Context for Gender Type for an ActivityDefinition or Medication.","compose":{"include":[{"system":"http://hl7.org/fhir/administrative-gender","concept":[{"code":"male","display":"Male"},{"code":"female","display":"Female"}]}]}}