{"resourceType":"ValueSet","id":"claim-visit-type","text":{"status":"generated","div":"<div xmlns=\"http://www.w3.org/1999/xhtml\"><ul><li>Include all codes defined in <a href=\"CodeSystem-claim-visit-type.html\"><code>https://openimis.github.io/openimis_fhir_r4_ig/CodeSystem/claim-visit-type</code></a></li></ul></div>"},"url":"https://openimis.github.io/openimis_fhir_r4_ig/ValueSet/claim-visit-type","version":"0.1.0","name":"ClaimVisitTypeVS","title":"Visit Type Codes (Claim)","status":"active","date":"2021-10-04T15:11:02+00:00","publisher":"Swiss TPH","contact":[{"name":"Swiss TPH","telecom":[{"system":"url","value":"https://www.swisstph.ch/en/"}]},{"name":"Dragos Dobre","telecom":[{"system":"email","value":"dragos.dobre@swisstph.ch","use":"work"}]}],"description":"Indicates the visit type of the Claim. \nValues limited by openIMIS.","compose":{"include":[{"system":"https://openimis.github.io/openimis_fhir_r4_ig/CodeSystem/claim-visit-type"}]}}