{"resourceType":"ValueSet","id":"patient-marital-status","text":{"status":"extensions","div":"<div xmlns=\"http://www.w3.org/1999/xhtml\"><ul><li>Include these codes as defined in <a href=\"http://terminology.hl7.org/2.1.0/CodeSystem-v3-MaritalStatus.html\"><code>http://terminology.hl7.org/CodeSystem/v3-MaritalStatus</code></a><table class=\"none\"><tr><td style=\"white-space:nowrap\"><b>Code</b></td><td><b>Display</b></td><td><b>Definition</b></td></tr><tr><td><a href=\"http://terminology.hl7.org/2.1.0/CodeSystem-v3-MaritalStatus.html#v3-MaritalStatus-M\">M</a></td><td>Married</td><td>A current marriage contract is active</td></tr><tr><td><a href=\"http://terminology.hl7.org/2.1.0/CodeSystem-v3-MaritalStatus.html#v3-MaritalStatus-S\">S</a></td><td>Single</td><td>No marriage contract has ever been entered</td></tr><tr><td><a href=\"http://terminology.hl7.org/2.1.0/CodeSystem-v3-MaritalStatus.html#v3-MaritalStatus-D\">D</a></td><td>Divorced</td><td>Marriage contract has been declared dissolved and inactive</td></tr><tr><td><a href=\"http://terminology.hl7.org/2.1.0/CodeSystem-v3-MaritalStatus.html#v3-MaritalStatus-W\">W</a></td><td>Widowed</td><td>The spouse has died</td></tr><tr><td><a href=\"http://terminology.hl7.org/2.1.0/CodeSystem-v3-MaritalStatus.html#v3-MaritalStatus-UNK\">UNK</a></td><td>unknown</td><td/></tr></table></li></ul></div>"},"url":"https://openimis.github.io/openimis_fhir_r4_ig/ValueSet/patient-marital-status","version":"0.1.0","name":"PatientMaritalStatusVS","title":"Marital Status (Patient)","status":"active","date":"2021-09-15T10:06:59+00:00","publisher":"Swiss TPH","contact":[{"name":"Swiss TPH","telecom":[{"system":"url","value":"https://www.swisstph.ch/en/"}]},{"name":"Dragos Dobre","telecom":[{"system":"email","value":"dragos.dobre@swisstph.ch","use":"work"}]}],"description":"Indicates the Marital status of a Patient","compose":{"include":[{"system":"http://terminology.hl7.org/CodeSystem/v3-MaritalStatus","concept":[{"code":"M","display":"Married"},{"code":"S","display":"Single"},{"code":"D","display":"Divorced"},{"code":"W","display":"Widowed"},{"code":"UNK","display":"unknown"}]}]}}