{"resourceType":"ValueSet","id":"insurance-plan-general-cost-type","text":{"status":"generated","div":"<div xmlns=\"http://www.w3.org/1999/xhtml\"><ul><li>Include all codes defined in <a href=\"CodeSystem-insurance-plan-general-cost-type.html\"><code>https://openimis.github.io/openimis_fhir_r4_ig/CodeSystem/insurance-plan-general-cost-type</code></a></li></ul></div>"},"url":"https://openimis.github.io/openimis_fhir_r4_ig/ValueSet/insurance-plan-general-cost-type","version":"0.1.0","name":"InsurancePlanGeneralCostTypeVS","title":"General Cost Type (InsurancePlan)","status":"active","date":"2022-05-12T07:23:31+00:00","publisher":"openIMIS Initiative","contact":[{"name":"openIMIS Initiative","telecom":[{"system":"url","value":"https://www.openimis.org"}]},{"name":"Dragos Dobre","telecom":[{"system":"email","value":"dragos.dobre@swisstph.ch","use":"work"}]}],"description":"Indicates the General Cost Type for an InsurancePlan. Values defined by openIMIS. Can not be extended.","compose":{"include":[{"system":"https://openimis.github.io/openimis_fhir_r4_ig/CodeSystem/insurance-plan-general-cost-type"}]}}