{"resourceType":"ValueSet","id":"coverage-item-category","text":{"status":"generated","div":"<div xmlns=\"http://www.w3.org/1999/xhtml\"><ul><li>Include all codes defined in <a href=\"CodeSystem-coverage-item-category.html\"><code>https://openimis.github.io/openimis_fhir_r4_ig/CodeSystem/coverage-item-category</code></a></li></ul></div>"},"url":"https://openimis.github.io/openimis_fhir_r4_ig/ValueSet/coverage-item-category","version":"0.1.0","name":"CoverageItemCategoryVS","title":"Category of the item (Coverage)","status":"active","date":"2022-05-12T07:23:31+00:00","publisher":"openIMIS Initiative","contact":[{"name":"openIMIS Initiative","telecom":[{"system":"url","value":"https://www.openimis.org"}]},{"name":"Dragos Dobre","telecom":[{"system":"email","value":"dragos.dobre@swisstph.ch","use":"work"}]}],"description":"Indicates the category for the item under a Coverage. Values defined by openIMIS. Can not be extended.","compose":{"include":[{"system":"https://openimis.github.io/openimis_fhir_r4_ig/CodeSystem/coverage-item-category"}]}}