{"resourceType":"ValueSet","id":"patient-identification-types","text":{"status":"generated","div":"<div xmlns=\"http://www.w3.org/1999/xhtml\"><ul><li>Include all codes defined in <a href=\"CodeSystem-patient-identification-types.html\"><code>https://openimis.github.io/openimis_fhir_r4_ig/CodeSystem-patient-identification-types</code></a></li></ul></div>"},"url":"https://openimis.github.io/openimis_fhir_r4_ig/ValueSet-patient-identification-types","version":"0.1.0","name":"PatientIdentificationTypesVS","title":"Identification Types (Patient)","status":"active","date":"2021-07-19T12:50:33+00:00","publisher":"Swiss TPH - SCIH - openIMIS Group","contact":[{"name":"Swiss TPH - SCIH - openIMIS Group","telecom":[{"system":"url","value":"https://www.swisstph.ch/en/"},{"system":"email","value":"dragos.dobre@swisstph.ch"}]}],"description":"Indicates the type of document the Patient used to identify himself.","compose":{"include":[{"system":"https://openimis.github.io/openimis_fhir_r4_ig/CodeSystem-patient-identification-types"}]}}