{"resourceType":"ValueSet","id":"claim-visit-type","text":{"status":"generated","div":"<div xmlns=\"http://www.w3.org/1999/xhtml\"><ul><li>Include all codes defined in <a href=\"CodeSystem-claim-visit-type.html\"><code>https://openimis.github.io/openimis_fhir_r4_ig/CodeSystem/claim-visit-type</code></a></li></ul></div>"},"url":"https://openimis.github.io/openimis_fhir_r4_ig/ValueSet/claim-visit-type","version":"1.0.0","name":"ClaimVisitTypeVS","title":"Visit Type Codes (Claim)","status":"active","date":"2022-05-31T10:56:28+00:00","publisher":"openIMIS Initiative","contact":[{"name":"openIMIS Initiative","telecom":[{"system":"url","value":"https://www.openimis.org"}]},{"name":"Dragos Dobre","telecom":[{"system":"email","value":"dragos.dobre@swisstph.ch","use":"work"}]}],"description":"Indicates the visit type of the Claim. \nValues limited by openIMIS.","compose":{"include":[{"system":"https://openimis.github.io/openimis_fhir_r4_ig/CodeSystem/claim-visit-type"}]}}