{"resourceType":"ValueSet","id":"contract-premium-category","text":{"status":"generated","div":"<div xmlns=\"http://www.w3.org/1999/xhtml\"><ul><li>Include all codes defined in <a href=\"CodeSystem-contract-premium-category.html\"><code>https://openimis.github.io/openimis_fhir_r4_ig/CodeSystem/contract-premium-category</code></a></li></ul></div>"},"url":"https://openimis.github.io/openimis_fhir_r4_ig/ValueSet/contract-premium-category","version":"0.1.0","name":"ContractPremiumCategoryVS","title":"Premium Category (Contract)","status":"active","date":"2022-05-12T06:50:16+00:00","publisher":"openIMIS Initiative","contact":[{"name":"openIMIS Initiative","telecom":[{"system":"url","value":"https://www.openimis.org"}]},{"name":"Dragos Dobre","telecom":[{"system":"email","value":"dragos.dobre@swisstph.ch","use":"work"}]}],"description":"Indicates the category of the premium for the Contract. Cannot be extended.","compose":{"include":[{"system":"https://openimis.github.io/openimis_fhir_r4_ig/CodeSystem/contract-premium-category"}]}}