{"resourceType":"ValueSet","id":"claim-rejection-reasons","text":{"status":"generated","div":"<div xmlns=\"http://www.w3.org/1999/xhtml\"><ul><li>Include all codes defined in <a href=\"CodeSystem-claim-rejection-reasons.html\"><code>https://openimis.github.io/openimis_fhir_r4_ig/CodeSystem/claim-rejection-reasons</code></a></li></ul></div>"},"url":"https://openimis.github.io/openimis_fhir_r4_ig/ValueSet/claim-rejection-reasons","version":"0.1.0","name":"ClaimRejectionReasonsVS","title":"Rejection reasons (Claim)","status":"active","date":"2021-10-12T16:14:04+00:00","publisher":"Swiss TPH","contact":[{"name":"Swiss TPH","telecom":[{"system":"url","value":"https://www.swisstph.ch/en/"}]},{"name":"Dragos Dobre","telecom":[{"system":"email","value":"dragos.dobre@swisstph.ch","use":"work"}]}],"description":"Indicates the rejection reason of an item from a Claim. \nValues limited by openIMIS.","compose":{"include":[{"system":"https://openimis.github.io/openimis_fhir_r4_ig/CodeSystem/claim-rejection-reasons"}]}}