{"resourceType":"ValueSet","id":"openimis-identifiers","text":{"status":"generated","div":"<div xmlns=\"http://www.w3.org/1999/xhtml\"><ul><li>Include all codes defined in <a href=\"CodeSystem-openimis-identifiers.html\"><code>https://openimis.github.io/openimis_fhir_r4_ig/CodeSystem/openimis-identifiers</code></a></li></ul></div>"},"url":"https://openimis.github.io/openimis_fhir_r4_ig/ValueSet/openimis-identifiers","version":"0.1.0","name":"OpenIMISIdentifierVS","title":"openIMIS Identifiers Value Set","status":"active","date":"2021-10-13T13:46:56+00:00","publisher":"Swiss TPH","contact":[{"name":"Swiss TPH","telecom":[{"system":"url","value":"https://www.swisstph.ch/en/"}]},{"name":"Dragos Dobre","telecom":[{"system":"email","value":"dragos.dobre@swisstph.ch","use":"work"}]}],"description":"Indicates the Identifier type","compose":{"include":[{"system":"https://openimis.github.io/openimis_fhir_r4_ig/CodeSystem/openimis-identifiers"}]}}