{"resourceType":"ValueSet","id":"contract-status-codes","text":{"status":"extensions","div":"<div xmlns=\"http://www.w3.org/1999/xhtml\"><ul><li>Include these codes as defined in <a href=\"http://hl7.org/fhir/R4/codesystem-contract-status.html\"><code>http://hl7.org/fhir/contract-status</code></a><table class=\"none\"><tr><td style=\"white-space:nowrap\"><b>Code</b></td><td><b>Display</b></td><td><b>Definition</b></td></tr><tr><td><a href=\"http://hl7.org/fhir/R4/codesystem-contract-status.html#contract-status-offered\">offered</a></td><td>Offered</td><td>Contract is a proposal by either the Grantor or the Grantee. Aka - A Contract hard copy or electronic 'template', 'form' or 'application'. E.g., health insurance application; consent directive form. Usage: Beginning of contract negotiation, which may have been completed as a precondition because used for 0..* contracts. Precedence Order = 2. Comparable FHIR and v.3 status codes: requested; new.</td></tr><tr><td><a href=\"http://hl7.org/fhir/R4/codesystem-contract-status.html#contract-status-executed\">executed</a></td><td>Executed</td><td>Contract is activated for period stipulated when both the Grantor and Grantee have signed it. Usage: Required state for normal completion of contracting activity.  Precedence Order = 6. Comparable FHIR and v.3 status codes: accepted; completed.</td></tr></table></li></ul></div>"},"url":"https://openimis.github.io/openimis_fhir_r4_ig/ValueSet/contract-status-codes","version":"0.1.0","name":"ContractStatusCodesVS","title":"Status Codes (Contract)","status":"active","date":"2021-09-29T08:15:04+00:00","publisher":"Swiss TPH","contact":[{"name":"Swiss TPH","telecom":[{"system":"url","value":"https://www.swisstph.ch/en/"}]},{"name":"Dragos Dobre","telecom":[{"system":"email","value":"dragos.dobre@swisstph.ch","use":"work"}]}],"description":"Indicates the status of the Contract. Values limited by openIMIS.","compose":{"include":[{"system":"http://hl7.org/fhir/contract-status","concept":[{"code":"offered","display":"Offered"},{"code":"executed","display":"Executed"}]}]}}