{"resourceType":"ValueSet","id":"coverage-status","text":{"status":"extensions","div":"<div xmlns=\"http://www.w3.org/1999/xhtml\"><ul><li>Include these codes as defined in <a href=\"http://hl7.org/fhir/R4/codesystem-fm-status.html\"><code>http://hl7.org/fhir/fm-status</code></a><table class=\"none\"><tr><td style=\"white-space:nowrap\"><b>Code</b></td><td><b>Display</b></td><td><b>Definition</b></td></tr><tr><td><a href=\"http://hl7.org/fhir/R4/codesystem-fm-status.html#fm-status-active\">active</a></td><td>Active</td><td>The instance is currently in-force.</td></tr><tr><td><a href=\"http://hl7.org/fhir/R4/codesystem-fm-status.html#fm-status-cancelled\">cancelled</a></td><td>Cancelled</td><td>The instance is withdrawn, rescinded or reversed.</td></tr><tr><td><a href=\"http://hl7.org/fhir/R4/codesystem-fm-status.html#fm-status-draft\">draft</a></td><td>Draft</td><td>A new instance the contents of which is not complete.</td></tr></table></li></ul></div>"},"url":"https://openimis.github.io/openimis_fhir_r4_ig/ValueSet/coverage-status","version":"0.1.0","name":"CoverageStatusVS","title":"Coverage Status (Coverage)","status":"active","date":"2021-10-04T15:42:19+00:00","publisher":"Swiss TPH","contact":[{"name":"Swiss TPH","telecom":[{"system":"url","value":"https://www.swisstph.ch/en/"}]},{"name":"Dragos Dobre","telecom":[{"system":"email","value":"dragos.dobre@swisstph.ch","use":"work"}]}],"description":"Indicates the status of a Coverage (Policy).","compose":{"include":[{"system":"http://hl7.org/fhir/fm-status","concept":[{"code":"active","display":"Active"},{"code":"cancelled","display":"Cancelled"},{"code":"draft","display":"Draft"}]}]}}