{"resourceType":"ValueSet","id":"usage-context-age-type","text":{"status":"generated","div":"<div xmlns=\"http://www.w3.org/1999/xhtml\"><ul><li>Include all codes defined in <a href=\"CodeSystem-usage-context-age-type.html\"><code>https://openimis.github.io/openimis_fhir_r4_ig/CodeSystem/usage-context-age-type</code></a></li></ul></div>"},"url":"https://openimis.github.io/openimis_fhir_r4_ig/ValueSet/usage-context-age-type","version":"0.1.0","name":"UsageContextAgeTypeVS","title":"Usage Context for Age Type (ActivityDefinition|Medication)","status":"active","date":"2021-12-16T15:29:31+00:00","publisher":"Swiss TPH","contact":[{"name":"Swiss TPH","telecom":[{"system":"url","value":"https://www.swisstph.ch/en/"}]},{"name":"Dragos Dobre","telecom":[{"system":"email","value":"dragos.dobre@swisstph.ch","use":"work"}]}],"description":"Indicates the Usage Context for Age Type for an ActivityDefinition or Medication.","compose":{"include":[{"system":"https://openimis.github.io/openimis_fhir_r4_ig/CodeSystem/usage-context-age-type"}]}}