{"resourceType":"ValueSet","id":"feedback-status","text":{"status":"generated","div":"<div xmlns=\"http://www.w3.org/1999/xhtml\"><ul><li>Include all codes defined in <a href=\"CodeSystem-feedback-status.html\"><code>https://openimis.github.io/openimis_fhir_r4_ig/CodeSystem/feedback-status</code></a></li></ul></div>"},"url":"https://openimis.github.io/openimis_fhir_r4_ig/ValueSet/feedback-status","version":"0.1.0","name":"FeedbackStatusVS","title":"Feedback Status (CommunicationRequest)","status":"active","date":"2021-10-18T09:02:35+00:00","publisher":"Swiss TPH","contact":[{"name":"Swiss TPH","telecom":[{"system":"url","value":"https://www.swisstph.ch/en/"}]},{"name":"Dragos Dobre","telecom":[{"system":"email","value":"dragos.dobre@swisstph.ch","use":"work"}]}],"description":"Indicates the Feedback Status for a CommunicationRequest. Partial list defined by openIMIS. Can not be extended.","compose":{"include":[{"system":"https://openimis.github.io/openimis_fhir_r4_ig/CodeSystem/feedback-status"}]}}