{"resourceType":"ValueSet","id":"diagnosis-ICD10-level1","text":{"status":"generated","div":"<div xmlns=\"http://www.w3.org/1999/xhtml\"><ul><li>Include all codes defined in <a href=\"CodeSystem-diagnosis-ICD10-level1.html\"><code>https://openimis.github.io/openimis_fhir_r4_ig/CodeSystem/diagnosis-ICD10-level1</code></a></li></ul></div>"},"url":"https://openimis.github.io/openimis_fhir_r4_ig/ValueSet/diagnosis-ICD10-level1","version":"0.1.0","name":"DiagnosisICD10Level1VS","title":"ICD 10 Level 1 diagnosis","status":"active","date":"2021-12-20T16:29:48+00:00","publisher":"Swiss TPH","contact":[{"name":"Swiss TPH","telecom":[{"system":"url","value":"https://www.swisstph.ch/en/"}]},{"name":"Dragos Dobre","telecom":[{"system":"email","value":"dragos.dobre@swisstph.ch","use":"work"}]}],"description":"Example of diagnosis to be used with Claim resource. The actual list is configured in openIMIS.","compose":{"include":[{"system":"https://openimis.github.io/openimis_fhir_r4_ig/CodeSystem/diagnosis-ICD10-level1"}]}}