{"resourceType":"ValueSet","id":"contract-resource-party-role","text":{"status":"generated","div":"<div xmlns=\"http://www.w3.org/1999/xhtml\"><ul><li>Include all codes defined in <a href=\"CodeSystem-contract-resource-party-role.html\"><code>https://openimis.github.io/openimis_fhir_r4_ig/CodeSystem/contract-resource-party-role</code></a></li></ul></div>"},"url":"https://openimis.github.io/openimis_fhir_r4_ig/ValueSet/contract-resource-party-role","version":"0.1.0","name":"ContractResourcePartyRoleVS","title":"Resource Party Role (Contract)","status":"active","date":"2021-11-15T18:48:44+00:00","publisher":"Swiss TPH","contact":[{"name":"Swiss TPH","telecom":[{"system":"url","value":"https://www.swisstph.ch/en/"}]},{"name":"Dragos Dobre","telecom":[{"system":"email","value":"dragos.dobre@swisstph.ch","use":"work"}]}],"description":"Indicates the participant engagement type for the Contract term.","compose":{"include":[{"system":"https://openimis.github.io/openimis_fhir_r4_ig/CodeSystem/contract-resource-party-role"}]}}