{"resourceType":"ValueSet","id":"communication-request-status","text":{"status":"extensions","div":"<div xmlns=\"http://www.w3.org/1999/xhtml\"><ul><li>Include these codes as defined in <a href=\"http://hl7.org/fhir/R4/codesystem-request-status.html\"><code>http://hl7.org/fhir/request-status</code></a><table class=\"none\"><tr><td style=\"white-space:nowrap\"><b>Code</b></td><td><b>Display</b></td><td><b>Definition</b></td></tr><tr><td><a href=\"http://hl7.org/fhir/R4/codesystem-request-status.html#request-status-active\">active</a></td><td>Active</td><td>The request is in force and ready to be acted upon.</td></tr><tr><td><a href=\"http://hl7.org/fhir/R4/codesystem-request-status.html#request-status-revoked\">revoked</a></td><td>Revoked</td><td>The request (and any implicit authorization to act) has been terminated prior to the known full completion of the intended actions.  No further activity should occur.</td></tr><tr><td><a href=\"http://hl7.org/fhir/R4/codesystem-request-status.html#request-status-completed\">completed</a></td><td>Completed</td><td>The activity described by the request has been fully performed.  No further activity will occur.</td></tr></table></li></ul></div>"},"url":"https://openimis.github.io/openimis_fhir_r4_ig/ValueSet/communication-request-status","version":"0.1.0","name":"CommunicationRequestStatusVS","title":"Claim Feedback Status (CommunicationRequest)","status":"active","date":"2021-10-04T15:42:19+00:00","publisher":"Swiss TPH","contact":[{"name":"Swiss TPH","telecom":[{"system":"url","value":"https://www.swisstph.ch/en/"}]},{"name":"Dragos Dobre","telecom":[{"system":"email","value":"dragos.dobre@swisstph.ch","use":"work"}]}],"description":"Indicates the status of a feedback (Claim).","compose":{"include":[{"system":"http://hl7.org/fhir/request-status","concept":[{"code":"active","display":"Active"},{"code":"revoked","display":"Revoked"},{"code":"completed","display":"Completed"}]}]}}