{"resourceType":"ValueSet","id":"location-type","text":{"status":"extensions","div":"<div xmlns=\"http://www.w3.org/1999/xhtml\"><p>This value set includes codes based on the following rules:</p><ul><li>Include these codes as defined in <a href=\"CodeSystem-location-type.html\"><code>https://openimis.github.io/openimis_fhir_r4_ig/CodeSystem/location-type</code></a><table class=\"none\"><tr><td style=\"white-space:nowrap\"><b>Code</b></td><td><b>Display</b></td><td><b>Definition</b></td></tr><tr><td><a href=\"CodeSystem-location-type.html#location-type-R\">R</a></td><td>Region</td><td>Regional location level</td></tr><tr><td><a href=\"CodeSystem-location-type.html#location-type-D\">D</a></td><td>District</td><td>District location level</td></tr><tr><td><a href=\"CodeSystem-location-type.html#location-type-W\">W</a></td><td>Municipality/Ward</td><td>Municipality/Ward location level</td></tr><tr><td><a href=\"CodeSystem-location-type.html#location-type-V\">V</a></td><td>City/Village</td><td>City/Village location level</td></tr></table></li></ul><p>This value set excludes codes based on the following rules:</p><ul><li>Import all the codes that are contained in <a href=\"http://hl7.org/fhir/R4/valueset-location-physical-type.html\">http://hl7.org/fhir/ValueSet/location-physical-type</a></li></ul></div>"},"url":"https://openimis.github.io/openimis_fhir_r4_ig/ValueSet/location-type","version":"0.1.0","name":"LocationTypeVS","title":"Location Type (Location)","status":"active","date":"2021-10-04T14:35:02+00:00","publisher":"Swiss TPH","contact":[{"name":"Swiss TPH","telecom":[{"system":"url","value":"https://www.swisstph.ch/en/"}]},{"name":"Dragos Dobre","telecom":[{"system":"email","value":"dragos.dobre@swisstph.ch","use":"work"}]}],"description":"Indicates the location type. Values defined by openIMIS. Cannot be extended.","compose":{"include":[{"system":"https://openimis.github.io/openimis_fhir_r4_ig/CodeSystem/location-type","concept":[{"code":"R","display":"Region"},{"code":"D","display":"District"},{"code":"W","display":"Municipality/Ward"},{"code":"V","display":"City/Village"}]}],"exclude":[{"valueSet":["http://hl7.org/fhir/ValueSet/location-physical-type"]}]}}