{"resourceType":"ValueSet","id":"claim-item-category","text":{"status":"generated","div":"<div xmlns=\"http://www.w3.org/1999/xhtml\"><ul><li>Include all codes defined in <a href=\"CodeSystem-claim-item-category.html\"><code>https://openimis.github.io/openimis_fhir_r4_ig/CodeSystem/claim-item-category</code></a></li></ul></div>"},"url":"https://openimis.github.io/openimis_fhir_r4_ig/ValueSet/claim-item-category","version":"0.1.0","name":"ClaimItemCategoryVS","title":"Category of the item (Claim)","status":"active","date":"2021-10-18T09:02:35+00:00","publisher":"Swiss TPH","contact":[{"name":"Swiss TPH","telecom":[{"system":"url","value":"https://www.swisstph.ch/en/"}]},{"name":"Dragos Dobre","telecom":[{"system":"email","value":"dragos.dobre@swisstph.ch","use":"work"}]}],"description":"Indicates the category for the item under a Claim. Values defined by openIMIS. Can not be extended.","compose":{"include":[{"system":"https://openimis.github.io/openimis_fhir_r4_ig/CodeSystem/claim-item-category"}]}}