{"resourceType":"ValueSet","id":"claim-visit-type-codes","text":{"status":"extensions","div":"<div xmlns=\"http://www.w3.org/1999/xhtml\"><ul><li>Include these codes as defined in <a href=\"http://terminology.hl7.org/2.1.0/CodeSystem-claim-type.html\"><code>http://terminology.hl7.org/CodeSystem/claim-type</code></a><table class=\"none\"><tr><td style=\"white-space:nowrap\"><b>Code</b></td><td><b>Display</b></td><td><b>Definition</b></td></tr><tr><td><a href=\"http://terminology.hl7.org/2.1.0/CodeSystem-claim-type.html#claim-type-institutional\">institutional</a></td><td>Institutional</td><td>Hospital, clinic and typically inpatient claims.</td></tr><tr><td><a href=\"http://terminology.hl7.org/2.1.0/CodeSystem-claim-type.html#claim-type-professional\">professional</a></td><td>Professional</td><td>Typically, outpatient claims from Physician, Psychological, Chiropractor, Physiotherapy, Speech Pathology, rehabilitative, consulting.</td></tr></table></li></ul></div>"},"url":"https://openimis.github.io/openimis_fhir_r4_ig/ValueSet/claim-visit-type-codes","version":"0.1.0","name":"ClaimVisitTypeCodesVS","title":"Visit Type Codes (Claim)","status":"active","date":"2021-09-14T14:32:44+00:00","publisher":"Swiss TPH","contact":[{"name":"Swiss TPH","telecom":[{"system":"url","value":"https://www.swisstph.ch/en/"}]},{"name":"Dragos Dobre","telecom":[{"system":"email","value":"dragos.dobre@swisstph.ch","use":"work"}]}],"description":"Indicates the visit type of the Claim. \nCan be 'institutional' for inpatient claims or 'professional' for outpatient claims. \nValues limited by openIMIS.","compose":{"include":[{"system":"http://terminology.hl7.org/CodeSystem/claim-type","concept":[{"code":"institutional","display":"Institutional"},{"code":"professional","display":"Professional"}]}]}}