{"resourceType":"ValueSet","id":"insurance-plan-publication-status","text":{"status":"extensions","div":"<div xmlns=\"http://www.w3.org/1999/xhtml\"><ul><li>Include these codes as defined in <a href=\"http://hl7.org/fhir/R4/codesystem-publication-status.html\"><code>http://hl7.org/fhir/publication-status</code></a><table class=\"none\"><tr><td style=\"white-space:nowrap\"><b>Code</b></td><td><b>Display</b></td><td><b>Definition</b></td></tr><tr><td><a href=\"http://hl7.org/fhir/R4/codesystem-publication-status.html#publication-status-draft\">draft</a></td><td>Draft</td><td>This resource is still under development and is not yet considered to be ready for normal use.</td></tr><tr><td><a href=\"http://hl7.org/fhir/R4/codesystem-publication-status.html#publication-status-active\">active</a></td><td>Active</td><td>This resource is ready for normal use.</td></tr><tr><td><a href=\"http://hl7.org/fhir/R4/codesystem-publication-status.html#publication-status-retired\">retired</a></td><td>Retired</td><td>This resource has been withdrawn or superseded and should no longer be used.</td></tr></table></li></ul></div>"},"url":"https://openimis.github.io/openimis_fhir_r4_ig/ValueSet/insurance-plan-publication-status","version":"0.1.0","name":"InsurancePlanPublicationStatusVS","title":"Publication Status (InsurancePlan)","status":"active","date":"2021-10-04T14:35:02+00:00","publisher":"Swiss TPH","contact":[{"name":"Swiss TPH","telecom":[{"system":"url","value":"https://www.swisstph.ch/en/"}]},{"name":"Dragos Dobre","telecom":[{"system":"email","value":"dragos.dobre@swisstph.ch","use":"work"}]}],"description":"Indicates the Publication Status for an InsurancePlan.","compose":{"include":[{"system":"http://hl7.org/fhir/publication-status","concept":[{"code":"draft","display":"Draft"},{"code":"active","display":"Active"},{"code":"retired","display":"Retired"}]}]}}