{"resourceType":"ValueSet","id":"activity-definition-service-type","text":{"status":"generated","div":"<div xmlns=\"http://www.w3.org/1999/xhtml\"><ul><li>Include all codes defined in <a href=\"CodeSystem-activity-definition-service-type.html\"><code>https://openimis.github.io/openimis_fhir_r4_ig/CodeSystem/activity-definition-service-type</code></a></li></ul></div>"},"url":"https://openimis.github.io/openimis_fhir_r4_ig/ValueSet/activity-definition-service-type","version":"0.1.0","name":"ActivityDefinitionServiceTypeVS","title":"Service Type (ActivityDefinition)","status":"active","date":"2021-07-30T12:29:42+00:00","publisher":"Swiss TPH","contact":[{"name":"Swiss TPH","telecom":[{"system":"url","value":"https://www.swisstph.ch/en/"}]},{"name":"Dragos Dobre","telecom":[{"system":"email","value":"dragos.dobre@swisstph.ch","use":"work"}]}],"description":"Indicates the Service Type for an ActivityDefinition. Values defined by openIMIS. Can not be extended.","compose":{"include":[{"system":"https://openimis.github.io/openimis_fhir_r4_ig/CodeSystem/activity-definition-service-type"}]}}