{"resourceType":"ValueSet","id":"organization-ph-legal-form","text":{"status":"generated","div":"<div xmlns=\"http://www.w3.org/1999/xhtml\"><ul><li>Include all codes defined in <a href=\"CodeSystem-organization-ph-legal-form.html\"><code>https://openimis.github.io/openimis_fhir_r4_ig/CodeSystem/organization-ph-legal-form</code></a></li></ul></div>"},"url":"https://openimis.github.io/openimis_fhir_r4_ig/ValueSet/organization-ph-legal-form","version":"0.1.0","name":"OrganizationPHLegalFormVS","title":"Legal Forms (Organization)","status":"active","date":"2021-12-22T09:53:41+00:00","publisher":"Swiss TPH","contact":[{"name":"Swiss TPH","telecom":[{"system":"url","value":"https://www.swisstph.ch/en/"}]},{"name":"Dragos Dobre","telecom":[{"system":"email","value":"dragos.dobre@swisstph.ch","use":"work"}]}],"description":"Indicates the legal forms of the PolicyHolder Organization. Values defined by openIMIS. Can be extended.","compose":{"include":[{"system":"https://openimis.github.io/openimis_fhir_r4_ig/CodeSystem/organization-ph-legal-form"}]}}