{
  "resourceType": "ActivityDefinition",
  "id": "GeneralConsultationService",
  "meta": {
    "profile": [
      "https://openimis.github.io/openimis_fhir_r4_ig/StructureDefinition/openimis-activitiy-definition"
    ]
  },
  "text": {
    "status": "generated",
    "div": "<div xmlns=\"http://www.w3.org/1999/xhtml\"><p><b>Generated Narrative</b></p><p><b>url</b>: <code>https://openimis.github.io/openimis_fhir_r4_ig/ActivityDefinition/GeneralConsultationService</code></p><p><b>identifier</b>: Unique code: A1, UUID unique identifier: db2c3a6c-af07-49bd-8f6a-96aa1fc2bcf9</p><p><b>version</b>: 0.1.0</p><p><b>name</b>: A1</p><p><b>title</b>: General Consultation</p><p><b>status</b>: active</p><p><b>date</b>: 2020-01-01</p><p><b>publisher</b>: Swiss TPH</p><p><b>contact</b>: Swiss TPH: <a href=\"https://www.swisstph.ch/en/\">https://www.swisstph.ch/en/</a>, Dragos Dobre: <a href=\"mailto:dragos.dobre@swisstph.ch\">dragos.dobre@swisstph.ch</a></p><p><b>topic</b>: <span title=\"Codes: {https://openimis.github.io/openimis_fhir_r4_ig/CodeSystem/activity-definition-service-type P}\">Preventive</span></p><p><b>timing</b>: Do Once per 0 days</p></div>"
  },
  "url": "https://openimis.github.io/openimis_fhir_r4_ig/ActivityDefinition/GeneralConsultationService",
  "identifier": [
    {
      "type": {
        "coding": [
          {
            "system": "https://openimis.github.io/openimis_fhir_r4_ig/CodeSystem/openimis-identifiers",
            "code": "Code"
          }
        ]
      },
      "value": "A1"
    },
    {
      "type": {
        "coding": [
          {
            "system": "https://openimis.github.io/openimis_fhir_r4_ig/CodeSystem/openimis-identifiers",
            "code": "UUID"
          }
        ]
      },
      "value": "db2c3a6c-af07-49bd-8f6a-96aa1fc2bcf9"
    }
  ],
  "version": "0.1.0",
  "name": "A1",
  "title": "General Consultation",
  "status": "active",
  "date": "2020-01-01",
  "publisher": "Swiss TPH",
  "contact": [
    {
      "name": "Swiss TPH",
      "telecom": [
        {
          "system": "url",
          "value": "https://www.swisstph.ch/en/"
        }
      ]
    },
    {
      "name": "Dragos Dobre",
      "telecom": [
        {
          "system": "email",
          "value": "dragos.dobre@swisstph.ch",
          "use": "work"
        }
      ]
    }
  ],
  "useContext": [
    {
      "code": {
        "system": "http://terminology.hl7.org/CodeSystem/usage-context-type",
        "code": "venue",
        "display": "Clinical Venue"
      },
      "valueCodeableConcept": {
        "coding": [
          {
            "system": "http://terminology.hl7.org/CodeSystem/v3-ActCode",
            "code": "AMB",
            "display": "ambulatory"
          }
        ]
      }
    },
    {
      "code": {
        "system": "http://terminology.hl7.org/CodeSystem/usage-context-type",
        "code": "gender",
        "display": "Gender"
      },
      "valueCodeableConcept": {
        "coding": [
          {
            "system": "http://hl7.org/fhir/administrative-gender",
            "code": "male",
            "display": "Male"
          },
          {
            "system": "http://hl7.org/fhir/administrative-gender",
            "code": "female",
            "display": "Female"
          }
        ]
      }
    },
    {
      "code": {
        "system": "http://terminology.hl7.org/CodeSystem/usage-context-type",
        "code": "age",
        "display": "Age"
      },
      "valueCodeableConcept": {
        "coding": [
          {
            "system": "https://openimis.github.io/openimis_fhir_r4_ig/CodeSystem/activity-definition-usage-context-age-type",
            "code": "adult",
            "display": "Adult"
          },
          {
            "system": "https://openimis.github.io/openimis_fhir_r4_ig/CodeSystem/activity-definition-usage-context-age-type",
            "code": "child",
            "display": "Child"
          }
        ]
      }
    }
  ],
  "topic": [
    {
      "coding": [
        {
          "system": "https://openimis.github.io/openimis_fhir_r4_ig/CodeSystem/activity-definition-service-type",
          "code": "P",
          "display": "Preventive"
        }
      ]
    }
  ],
  "timingTiming": {
    "repeat": {
      "frequency": 1,
      "period": 0,
      "periodUnit": "d"
    }
  }
}