{
  "resourceType": "CodeSystem",
  "id": "organization-hf-level",
  "text": {
    "status": "generated",
    "div": "<div xmlns=\"http://www.w3.org/1999/xhtml\"><p>This code system https://openimis.github.io/openimis_fhir_r4_ig/CodeSystem/organization-hf-level defines the following codes:</p><table class=\"codes\"><tr><td style=\"white-space:nowrap\"><b>Code</b></td><td><b>Display</b></td></tr><tr><td style=\"white-space:nowrap\">D<a name=\"organization-hf-level-D\"> </a></td><td>Dispensary</td></tr><tr><td style=\"white-space:nowrap\">C<a name=\"organization-hf-level-C\"> </a></td><td>Health Centre</td></tr><tr><td style=\"white-space:nowrap\">H<a name=\"organization-hf-level-H\"> </a></td><td>Hospital</td></tr></table></div>"
  },
  "url": "https://openimis.github.io/openimis_fhir_r4_ig/CodeSystem/organization-hf-level",
  "version": "0.1.0",
  "name": "OrganizationHFLevelCS",
  "title": "Health Facility Level (Organization)",
  "status": "active",
  "date": "2021-11-12T16:19:51+00:00",
  "publisher": "Swiss TPH",
  "contact": [
    {
      "name": "Swiss TPH",
      "telecom": [
        {
          "system": "url",
          "value": "https://www.swisstph.ch/en/"
        }
      ]
    },
    {
      "name": "Dragos Dobre",
      "telecom": [
        {
          "system": "email",
          "value": "dragos.dobre@swisstph.ch",
          "use": "work"
        }
      ]
    }
  ],
  "description": "Indicates the level of the Health Facility (Organization). Values defined by openIMIS. Cannot be extended.",
  "content": "complete",
  "count": 3,
  "concept": [
    {
      "code": "D",
      "display": "Dispensary"
    },
    {
      "code": "C",
      "display": "Health Centre"
    },
    {
      "code": "H",
      "display": "Hospital"
    }
  ]
}