{
  "resourceType": "CodeSystem",
  "id": "contract-resource-party-role",
  "text": {
    "status": "generated",
    "div": "<div xmlns=\"http://www.w3.org/1999/xhtml\"><p>This code system https://openimis.github.io/openimis_fhir_r4_ig/CodeSystem/contract-resource-party-role defines the following codes:</p><table class=\"codes\"><tr><td style=\"white-space:nowrap\"><b>Code</b></td><td><b>Display</b></td></tr><tr><td style=\"white-space:nowrap\">beneficiary<a name=\"contract-resource-party-role-beneficiary\"> </a></td><td>Beneficiary</td></tr></table></div>"
  },
  "url": "https://openimis.github.io/openimis_fhir_r4_ig/CodeSystem/contract-resource-party-role",
  "version": "0.1.0",
  "name": "ContractResourcePartyRoleCS",
  "title": "Resource Party Role (Contract)",
  "status": "active",
  "date": "2021-12-21T09:16:10+00:00",
  "publisher": "Swiss TPH",
  "contact": [
    {
      "name": "Swiss TPH",
      "telecom": [
        {
          "system": "url",
          "value": "https://www.swisstph.ch/en/"
        }
      ]
    },
    {
      "name": "Dragos Dobre",
      "telecom": [
        {
          "system": "email",
          "value": "dragos.dobre@swisstph.ch",
          "use": "work"
        }
      ]
    }
  ],
  "description": "Indicates the participant engagement type for the Contract term.",
  "content": "complete",
  "count": 1,
  "concept": [
    {
      "code": "beneficiary",
      "display": "Beneficiary"
    }
  ]
}