{
  "resourceType": "CoverageEligibilityRequest",
  "id": "JoeDoeEnquiring",
  "meta": {
    "profile": [
      "https://openimis.github.io/openimis_fhir_r4_ig/StructureDefinition/openimis-coverage-eligibility-request"
    ]
  },
  "text": {
    "status": "generated",
    "div": "<div xmlns=\"http://www.w3.org/1999/xhtml\"><p><b>Generated Narrative</b></p><p><b>status</b>: active</p><p><b>purpose</b>: benefits</p><p><b>patient</b>: <a href=\"joe-doe\">joe-doe</a></p><p><b>created</b>: 2021-09-17</p><p><b>insurer</b>: <a href=\"openIMIS\">openIMIS</a></p><h3>Items</h3><table class=\"grid\"><tr><td>-</td><td><b>Category</b></td><td><b>ProductOrService</b></td></tr><tr><td>*</td><td><span title=\"Codes: {https://openimis.github.io/openimis_fhir_r4_ig/CodeSystem/claim-item-category service}\">Service</span></td><td><span title=\"Codes: \">A1</span></td></tr></table></div>"
  },
  "status": "active",
  "purpose": [
    "benefits"
  ],
  "patient": {
    "reference": "joe-doe"
  },
  "created": "2021-09-17",
  "insurer": {
    "reference": "openIMIS"
  },
  "item": [
    {
      "category": {
        "coding": [
          {
            "system": "https://openimis.github.io/openimis_fhir_r4_ig/CodeSystem/claim-item-category",
            "code": "service",
            "display": "Service"
          }
        ]
      },
      "productOrService": {
        "text": "A1"
      }
    }
  ]
}