{
  "resourceType": "ValueSet",
  "id": "coverage-item-category",
  "text": {
    "status": "generated",
    "div": "<div xmlns=\"http://www.w3.org/1999/xhtml\"><ul><li>Include all codes defined in <a href=\"CodeSystem-coverage-item-category.html\"><code>https://openimis.github.io/openimis_fhir_r4_ig/CodeSystem/coverage-item-category</code></a></li></ul></div>"
  },
  "url": "https://openimis.github.io/openimis_fhir_r4_ig/ValueSet/coverage-item-category",
  "version": "0.1.0",
  "name": "CoverageItemCategoryVS",
  "title": "Category of the item (Coverage)",
  "status": "active",
  "date": "2021-10-13T13:46:56+00:00",
  "publisher": "Swiss TPH",
  "contact": [
    {
      "name": "Swiss TPH",
      "telecom": [
        {
          "system": "url",
          "value": "https://www.swisstph.ch/en/"
        }
      ]
    },
    {
      "name": "Dragos Dobre",
      "telecom": [
        {
          "system": "email",
          "value": "dragos.dobre@swisstph.ch",
          "use": "work"
        }
      ]
    }
  ],
  "description": "Indicates the category for the item under a Coverage. Values defined by openIMIS. Can not be extended.",
  "compose": {
    "include": [
      {
        "system": "https://openimis.github.io/openimis_fhir_r4_ig/CodeSystem/coverage-item-category"
      }
    ]
  }
}