{
  "resourceType": "ValueSet",
  "id": "organization-legal-form",
  "text": {
    "status": "generated",
    "div": "<div xmlns=\"http://www.w3.org/1999/xhtml\"><ul><li>Include all codes defined in <a href=\"CodeSystem-organization-legal-form.html\"><code>https://openimis.github.io/openimis_fhir_r4_ig/CodeSystem/organization-legal-form</code></a></li></ul></div>"
  },
  "url": "https://openimis.github.io/openimis_fhir_r4_ig/ValueSet/organization-legal-form",
  "version": "0.1.0",
  "name": "OrganizationLegalFormVS",
  "title": "Legal Forms (Organization)",
  "status": "active",
  "date": "2021-09-17T10:31:02+00:00",
  "publisher": "Swiss TPH",
  "contact": [
    {
      "name": "Swiss TPH",
      "telecom": [
        {
          "system": "url",
          "value": "https://www.swisstph.ch/en/"
        }
      ]
    },
    {
      "name": "Dragos Dobre",
      "telecom": [
        {
          "system": "email",
          "value": "dragos.dobre@swisstph.ch",
          "use": "work"
        }
      ]
    }
  ],
  "description": "Indicates the legal forms of the Organization. Values defined by openIMIS. Can be extended.",
  "compose": {
    "include": [
      {
        "system": "https://openimis.github.io/openimis_fhir_r4_ig/CodeSystem/organization-legal-form"
      }
    ]
  }
}