{
  "resourceType": "ValueSet",
  "id": "activity-definition-usage-context-type",
  "text": {
    "status": "extensions",
    "div": "<div xmlns=\"http://www.w3.org/1999/xhtml\"><ul><li>Include these codes as defined in <a href=\"http://terminology.hl7.org/2.1.0/CodeSystem-usage-context-type.html\"><code>http://terminology.hl7.org/CodeSystem/usage-context-type</code></a><table class=\"none\"><tr><td style=\"white-space:nowrap\"><b>Code</b></td><td><b>Display</b></td><td><b>Definition</b></td></tr><tr><td><a href=\"http://terminology.hl7.org/2.1.0/CodeSystem-usage-context-type.html#usage-context-type-gender\">gender</a></td><td>Gender</td><td>The gender of the patient. For this context type, appropriate values can be found in the http://hl7.org/fhir/ValueSet/administrative-gender value set.</td></tr><tr><td><a href=\"http://terminology.hl7.org/2.1.0/CodeSystem-usage-context-type.html#usage-context-type-age\">age</a></td><td>Age Range</td><td>The age of the patient. For this context type, the value could be a range that specifies the applicable ages or a code from an appropriate value set such as the MeSH value set http://terminology.hl7.org/ValueSet/v3-AgeGroupObservationValue.</td></tr><tr><td><a href=\"http://terminology.hl7.org/2.1.0/CodeSystem-usage-context-type.html#usage-context-type-workflow\">workflow</a></td><td>Workflow Setting</td><td>The settings in which the artifact is intended for use. For example, admission, pre-op, etc. For example, the ActEncounterCode value set http://terminology.hl7.org/ValueSet/v3-ActEncounterCode.</td></tr><tr><td><a href=\"http://terminology.hl7.org/2.1.0/CodeSystem-usage-context-type.html#usage-context-type-venue\">venue</a></td><td>Clinical Venue</td><td>The venue in which an artifact could be used. For example, Outpatient, Inpatient, Home, Nursing home. The code value may originate from the HL7 ServiceDeliveryLocationRoleType value set (http://terminology.hl7.org/ValueSet/v3-ServiceDeliveryLocationRoleType).</td></tr></table></li></ul></div>"
  },
  "url": "https://openimis.github.io/openimis_fhir_r4_ig/ValueSet/activity-definition-usage-context-type",
  "version": "0.1.0",
  "name": "ActivityDefinitionUsageContextTypeVS",
  "title": "Usage Context Type (ActivityDefinition)",
  "status": "active",
  "date": "2021-10-18T09:02:35+00:00",
  "publisher": "Swiss TPH",
  "contact": [
    {
      "name": "Swiss TPH",
      "telecom": [
        {
          "system": "url",
          "value": "https://www.swisstph.ch/en/"
        }
      ]
    },
    {
      "name": "Dragos Dobre",
      "telecom": [
        {
          "system": "email",
          "value": "dragos.dobre@swisstph.ch",
          "use": "work"
        }
      ]
    }
  ],
  "description": "Indicates the Usage Context Type for an ActivityDefinition.",
  "compose": {
    "include": [
      {
        "system": "http://terminology.hl7.org/CodeSystem/usage-context-type",
        "concept": [
          {
            "code": "gender",
            "display": "Gender"
          },
          {
            "code": "age",
            "display": "Age Range"
          },
          {
            "code": "workflow",
            "display": "Workflow Setting"
          },
          {
            "code": "venue",
            "display": "Clinical Venue"
          }
        ]
      }
    ]
  }
}