{
  "resourceType": "ValueSet",
  "id": "patient-contact-relationship",
  "text": {
    "status": "generated",
    "div": "<div xmlns=\"http://www.w3.org/1999/xhtml\"><ul><li>Include all codes defined in <a href=\"CodeSystem-patient-contact-relationship.html\"><code>https://openimis.github.io/openimis_fhir_r4_ig/CodeSystem/patient-contact-relationship</code></a></li></ul></div>"
  },
  "url": "https://openimis.github.io/openimis_fhir_r4_ig/ValueSet/patient-contact-relationship",
  "version": "0.1.0",
  "name": "PatientContactRelationshipVS",
  "title": "Contact Relationship (Patient)",
  "status": "active",
  "date": "2022-05-12T07:23:31+00:00",
  "publisher": "openIMIS Initiative",
  "contact": [
    {
      "name": "openIMIS Initiative",
      "telecom": [
        {
          "system": "url",
          "value": "https://www.openimis.org"
        }
      ]
    },
    {
      "name": "Dragos Dobre",
      "telecom": [
        {
          "system": "email",
          "value": "dragos.dobre@swisstph.ch",
          "use": "work"
        }
      ]
    }
  ],
  "description": "Indicates the Relationship of a Patient with the Head of the Family.",
  "compose": {
    "include": [
      {
        "system": "https://openimis.github.io/openimis_fhir_r4_ig/CodeSystem/patient-contact-relationship"
      }
    ]
  }
}